Frequency of Purchases,Season,Customer ID,Age,Gender,Item Purchased,Category,Purchase Amount (USD),Location,Size,Color,Review Rating,Subscription Status,Shipping Type,Discount Applied,Previous Purchases,Payment Method
Bi-Weekly,Winter,1,55,Male,Blouse,Clothing,53,Kentucky,L,Gray,3.1,Yes,Express,Yes,14,Venmo
Bi-Weekly,Winter,2,19,Male,Sweater,Clothing,64,Maine,L,Maroon,3.1,Yes,Express,Yes,2,Cash
Weekly,Spring,3,50,Male,Jeans,Clothing,73,Massachusetts,S,Maroon,3.1,Yes,Free Shipping,Yes,23,Credit Card
Weekly,Spring,4,21,Male,Sandals,Footwear,90,Rhode Island,M,Maroon,3.5,Yes,Next Day Air,Yes,49,PayPal
Annually,Spring,5,45,Male,Blouse,Clothing,49,Oregon,M,Turquoi,2.7,Yes,Free Shipping,Yes,31,PayPal
Weekly,Summer,6,46,Male,Sneakers,Footwear,20,Wyoming,M,White,2.9,Yes,Standard,Yes,14,Venmo
Quarterly,Fall,7,63,Male,Shirt,Clothing,85,Montana,M,Gray,3.2,Yes,Free Shipping,Yes,49,Cash
Weekly,Winter,8,27,Male,Shorts,Clothing,34,Louisiana,L,Charcoa,3.2,Yes,Free Shipping,Yes,19,Credit Card
Annually,Summer,9,26,Male,Coat,Outerwear,97,West Virginia,L,Silver,2.6,Yes,Express,Yes,8,Venmo
Quarterly,Spring,10,57,Male,Handbag,Accessories,31,Missouri,M,Pink,4.8,Yes,2-Day Shipping,Yes,4,Cash
Bi-Weekly,Fall,11,53,Male,Shoes,Footwear,34,Arkansas,L,Purple,4.1,Yes,Store Pickup,Yes,26,Bank Transfer
Bi-Weekly,Winter,12,30,Male,Shorts,Clothing,68,Hawaii,S,Olive,4.9,Yes,Store Pickup,Yes,10,Bank Transfer
Bi-Weekly,Winter,13,61,Male,Coat,Outerwear,72,Delaware,M,Gold,4.5,Yes,Express,Yes,37,Venmo
Weekly,Spring,14,65,Male,Dress,Clothing,51,New Hampshire,M,Violet,4.7,Yes,Express,Yes,31,PayPal
Weekly,Winter,15,64,Male,Coat,Outerwear,53,New York,L,Teal,4.7,Yes,Free Shipping,Yes,34,Debit Card
Monthly,Winter,16,64,Male,Skirt,Clothing,81,Rhode Island,M,Teal,2.8,Yes,Store Pickup,Yes,8,PayPal
Bi-Weekly,Spring,17,25,Male,Sunglasses,Accessories,36,Alabama,S,Gray,4.1,Yes,Next Day Air,Yes,44,Debit Card
Quarterly,Winter,18,53,Male,Dress,Clothing,38,Mississippi,XL,Lavende,4.7,Yes,2-Day Shipping,Yes,36,Venmo
Weekly,Summer,19,52,Male,Sweater,Clothing,48,Montana,S,Black,4.6,Yes,Free Shipping,Yes,17,Cash
Bi-Weekly,Summer,20,66,Male,Pants,Clothing,90,Rhode Island,M,Green,3.3,Yes,Standard,Yes,46,Debit Card
Quarterly,Winter,21,21,Male,Pants,Clothing,51,Louisiana,M,Black,2.8,Yes,Express,Yes,50,Cash
Quarterly,Winter,22,31,Male,Pants,Clothing,62,North Carolin,M,Charcoa,4.1,Yes,Store Pickup,Yes,22,Debit Card
Annually,Summer,23,56,Male,Pants,Clothing,37,California,M,Peach,3.2,Yes,Store Pickup,Yes,32,Debit Card
Weekly,Winter,24,31,Male,Pants,Clothing,88,Oklahoma,XL,White,4.4,Yes,Express,Yes,40,Credit Card
Weekly,Fall,25,18,Male,Jacket,Outerwear,22,Florida,M,Green,2.9,Yes,Store Pickup,Yes,16,Debit Card
Annually,Summer,26,18,Male,Hoodie,Clothing,25,Texas,M,Silver,3.6,Yes,Express,Yes,14,PayPal
Annually,Spring,27,38,Male,Jewelry,Accessories,20,Nevada,M,Red,3.6,Yes,Next Day Air,Yes,13,Credit Card
Quarterly,Summer,28,56,Male,Shorts,Clothing,56,Kentucky,L,Cyan,5,Yes,Next Day Air,Yes,7,Bank Transfer
Quarterly,Fall,29,54,Male,Handbag,Accessories,94,North Carolin,M,Gray,4.4,Yes,Free Shipping,Yes,41,PayPal
Weekly,Fall,30,31,Male,Dress,Clothing,48,Wyoming,S,Black,4.1,Yes,Store Pickup,Yes,14,Credit Card
Monthly,Winter,31,57,Male,Jewelry,Accessories,31,North Carolin,L,Black,4.7,Yes,Standard,Yes,16,Credit Card
Monthly,Winter,32,33,Male,Dress,Clothing,79,West Virginia,L,Brown,4.7,Yes,Store Pickup,Yes,45,Venmo
Annually,Summer,33,36,Male,Jacket,Outerwear,67,Kansas,M,Silver,4.9,Yes,Free Shipping,Yes,37,Venmo
Quarterly,Summer,34,54,Male,Pants,Clothing,38,Colorado,L,Green,3.3,Yes,Store Pickup,Yes,45,Cash
Quarterly,Spring,35,36,Male,T-shirt,Clothing,91,North Dakota,L,Violet,4.6,Yes,2-Day Shipping,Yes,38,PayPal
Bi-Weekly,Summer,36,54,Male,Blouse,Clothing,33,Massachusetts,M,Cyan,4,Yes,2-Day Shipping,Yes,48,Credit Card
Bi-Weekly,Winter,37,35,Male,T-shirt,Clothing,69,Illinois,M,Maroon,4.6,Yes,Free Shipping,Yes,44,PayPal
Weekly,Summer,38,35,Male,Jeans,Clothing,45,Indiana,S,Cyan,2.8,Yes,Store Pickup,Yes,10,PayPal
Quarterly,Winter,39,29,Male,Dress,Clothing,37,Florida,M,Red,3.6681951,Yes,2-Day Shipping,Yes,44,Venmo
Monthly,Summer,40,70,Male,Pants,Clothing,60,Arizona,S,Turquoi,4.2,Yes,Express,Yes,18,Credit Card
Quarterly,Winter,41,69,Male,Handbag,Accessories,76,Louisiana,L,Beige,4.6,Yes,Next Day Air,Yes,31,Debit Card
Annually,Spring,42,67,Male,Scarf,Accessories,39,Alaska,M,Orange,4.5,Yes,Standard,Yes,40,Venmo
Annually,Spring,43,20,Male,Coat,Outerwear,100,Tennessee,M,Beige,4.1,Yes,Free Shipping,Yes,15,PayPal
Bi-Weekly,Fall,44,25,Male,Scarf,Accessories,69,Ohio,L,Lavende,3.7,Yes,Store Pickup,Yes,19,PayPal
Weekly,Summer,45,39,Male,Hat,Accessories,53,Kentucky,S,Silver,4.6,Yes,Free Shipping,Yes,45,PayPal
Annually,Fall,46,50,Male,Socks,Clothing,21,Tennessee,XL,Indigo,2.9,Yes,2-Day Shipping,Yes,25,PayPal
Quarterly,Summer,47,57,Male,Shirt,Clothing,43,California,L,White,2.9,Yes,Store Pickup,Yes,45,Cash
Weekly,Winter,48,55,Male,Jewelry,Accessories,54,Montana,M,Charcoa,4.5,Yes,Free Shipping,Yes,36,Cash
Monthly,Summer,49,42,Male,Shirt,Clothing,55,Nevada,M,Orange,2.7,Yes,Store Pickup,Yes,38,Cash
Bi-Weekly,Spring,50,68,Male,Hoodie,Clothing,30,New Jersey,S,Indigo,4.6,Yes,Next Day Air,Yes,34,Debit Card
Bi-Weekly,Spring,51,49,Male,Blouse,Clothing,28,Maryland,M,Red,3.6681951,Yes,Store Pickup,Yes,39,Debit Card
Quarterly,Winter,52,59,Male,Skirt,Clothing,59,Vermont,XL,Gray,4.7,Yes,2-Day Shipping,Yes,7,Credit Card
Weekly,Summer,53,42,Male,T-shirt,Clothing,20,Alaska,M,Green,2.6,Yes,Free Shipping,Yes,26,Credit Card
Weekly,Winter,54,29,Male,Skirt,Clothing,24,Mississippi,S,Peach,3.9,Yes,Next Day Air,Yes,35,Credit Card
Bi-Weekly,Summer,55,47,Male,Coat,Outerwear,94,New Mexico,M,Brown,4.2,Yes,Next Day Air,Yes,35,Debit Card
Annually,Winter,56,40,Male,Jacket,Outerwear,28,South Carolin,M,Lavende,3,Yes,2-Day Shipping,Yes,49,Credit Card
Weekly,Summer,57,41,Male,Backpack,Accessories,73,Mississippi,XL,Brown,4.7,Yes,Store Pickup,Yes,46,Credit Card
Bi-Weekly,Summer,58,21,Male,Coat,Outerwear,64,West Virginia,M,White,4.4,Yes,Store Pickup,Yes,17,Debit Card
Monthly,Summer,59,69,Male,Hoodie,Clothing,54,Missouri,M,Charcoa,4.2,Yes,Free Shipping,Yes,29,Venmo
Weekly,Spring,60,63,Male,Belt,Accessories,79,Louisiana,L,Yellow,4.6,Yes,Standard,Yes,4,Debit Card
Weekly,Summer,61,50,Male,Sweater,Clothing,37,Idaho,L,Brown,4,Yes,Express,Yes,17,Cash
Quarterly,Winter,62,55,Male,Scarf,Accessories,68,Texas,M,Orange,4.7,Yes,Store Pickup,Yes,21,Credit Card
Bi-Weekly,Spring,63,30,Male,Sneakers,Footwear,21,Mississippi,S,Magenta,3.8,Yes,Free Shipping,Yes,31,Credit Card
Weekly,Winter,64,33,Male,Sunglasses,Accessories,79,Arizona,L,Lavende,2.7,Yes,2-Day Shipping,Yes,43,Credit Card
Bi-Weekly,Fall,65,65,Male,Boots,Footwear,83,Alabama,S,Green,4.8,Yes,Standard,Yes,18,Debit Card
Quarterly,Spring,66,65,Male,Backpack,Accessories,36,New Jersey,M,Purple,4.8,Yes,2-Day Shipping,Yes,44,Venmo
Quarterly,Winter,67,31,Male,Blouse,Clothing,94,Pennsylvania,S,Magenta,4.7,Yes,2-Day Shipping,Yes,3,Venmo
Monthly,Winter,68,45,Male,Coat,Outerwear,33,Connecticut,L,Gray,4.4,Yes,Store Pickup,Yes,49,Debit Card
Quarterly,Summer,69,57,Male,Handbag,Accessories,46,Utah,L,Silver,3.9,Yes,Next Day Air,Yes,21,Cash
Weekly,Summer,70,48,Male,Belt,Accessories,70,Tennessee,S,Cyan,4.4,Yes,Express,Yes,5,Cash
Quarterly,Fall,71,22,Male,Belt,Accessories,29,Alabama,M,Magenta,4.2,Yes,Express,Yes,32,Debit Card
Annually,Summer,72,36,Male,Dress,Clothing,48,Virginia,L,Gold,2.9,Yes,Express,Yes,34,Bank Transfer
Quarterly,Winter,73,18,Male,Dress,Clothing,26,Georgia,M,Olive,2.9,Yes,Store Pickup,Yes,21,Bank Transfer
Bi-Weekly,Spring,74,48,Male,Pants,Clothing,85,Hawaii,M,Teal,2.7,Yes,Free Shipping,Yes,43,Bank Transfer
Monthly,Spring,75,49,Male,Gloves,Accessories,58,Indiana,L,Violet,4.5,Yes,Express,Yes,3,Cash
Annually,Summer,76,64,Male,Scarf,Accessories,85,Utah,M,Blue,2.7,Yes,Free Shipping,Yes,21,Credit Card
Monthly,Summer,77,50,Male,Hat,Accessories,43,Delaware,S,Teal,4.2,Yes,Free Shipping,Yes,32,Venmo
Bi-Weekly,Summer,78,22,Male,Dress,Clothing,53,Delaware,L,Gold,3.3,Yes,Next Day Air,Yes,36,Debit Card
Bi-Weekly,Spring,79,50,Male,Skirt,Clothing,91,Nebraska,M,Maroon,4.7,Yes,Free Shipping,Yes,50,Venmo
Quarterly,Winter,80,38,Male,Jacket,Outerwear,96,Iowa,M,Olive,2.6,Yes,2-Day Shipping,Yes,43,Bank Transfer
Quarterly,Summer,81,19,Male,Sandals,Footwear,72,New York,XL,Blue,3.6681951,Yes,Store Pickup,Yes,24,Credit Card
Quarterly,Summer,82,67,Male,Shoes,Footwear,96,Virginia,L,Maroon,2.6,Yes,Express,Yes,36,Credit Card
Quarterly,Spring,83,19,Male,Pants,Clothing,28,Georgia,S,Olive,4,Yes,2-Day Shipping,Yes,21,Credit Card
Weekly,Summer,84,36,Male,Dress,Clothing,40,Texas,M,Turquoi,4.1,Yes,Standard,Yes,34,Bank Transfer
Quarterly,Spring,85,52,Male,Coat,Outerwear,32,Arizona,S,Peach,4.4,Yes,Standard,Yes,42,Bank Transfer
Bi-Weekly,Winter,86,53,Male,Sunglasses,Accessories,95,New Mexico,M,Charcoa,4.5,Yes,Next Day Air,Yes,2,Debit Card
Bi-Weekly,Spring,87,24,Male,Hoodie,Clothing,41,Nevada,L,Pink,3.7,Yes,2-Day Shipping,Yes,47,Cash
Bi-Weekly,Fall,88,52,Male,Shoes,Footwear,53,Ohio,M,Green,3.7,Yes,2-Day Shipping,Yes,44,Debit Card
Monthly,Fall,89,33,Male,T-shirt,Clothing,47,Wyoming,M,Orange,3.5,Yes,Free Shipping,Yes,35,Credit Card
Quarterly,Fall,90,47,Male,Jacket,Outerwear,83,California,XL,Pink,3.6,Yes,Next Day Air,Yes,15,Cash
Monthly,Summer,91,25,Male,Hat,Accessories,48,South Carolin,L,Violet,2.9,Yes,Express,Yes,29,Credit Card
Quarterly,Winter,92,44,Male,Scarf,Accessories,99,South Carolin,S,Green,4.6,Yes,Standard,Yes,18,Credit Card
Quarterly,Winter,93,61,Male,Jacket,Outerwear,87,Texas,M,Olive,4.4,Yes,2-Day Shipping,Yes,13,Venmo
Weekly,Fall,94,37,Male,Sweater,Clothing,62,Florida,M,Purple,4.5,Yes,Standard,Yes,46,Credit Card
Weekly,Spring,95,58,Male,Skirt,Clothing,76,Nevada,S,Silver,4.6,Yes,Free Shipping,Yes,28,Credit Card
Monthly,Fall,96,37,Male,Sneakers,Footwear,100,Missouri,L,Pink,3.8,Yes,Free Shipping,Yes,48,PayPal
Quarterly,Spring,97,32,Male,Gloves,Accessories,73,Delaware,S,Gold,3.6681951,Yes,Express,Yes,43,Venmo
Annually,Winter,98,21,Male,Shoes,Footwear,92,Virginia,M,Teal,4.8,Yes,Store Pickup,Yes,37,Cash
Annually,Spring,99,20,Male,Jeans,Clothing,67,New York,XL,Teal,2.6,Yes,Next Day Air,Yes,20,Bank Transfer
Quarterly,Summer,100,26,Male,Hoodie,Clothing,40,Missouri,XL,Indigo,3.7,Yes,Express,Yes,33,Debit Card
Bi-Weekly,Fall,101,62,Male,Sunglasses,Accessories,98,South Dakota,M,Maroon,2.7,Yes,Express,Yes,31,Cash
Bi-Weekly,Spring,102,27,Male,Coat,Outerwear,85,North Dakota,XL,White,4.6,Yes,Express,Yes,50,Credit Card
Quarterly,Winter,103,51,Male,Socks,Clothing,67,Oklahoma,L,Violet,4.8,Yes,Next Day Air,Yes,35,Credit Card
Bi-Weekly,Winter,104,54,Male,Boots,Footwear,89,West Virginia,L,Red,4,Yes,Next Day Air,Yes,22,Venmo
Monthly,Spring,105,55,Male,Sunglasses,Accessories,24,New Hampshire,L,Pink,4.4,Yes,2-Day Shipping,Yes,1,PayPal
Annually,Fall,106,69,Male,Backpack,Accessories,96,New York,M,Charcoa,3.6,Yes,Next Day Air,Yes,4,Bank Transfer
Monthly,Summer,107,64,Male,Jacket,Outerwear,35,Minnesota,L,White,3.7,Yes,Standard,Yes,31,Credit Card
Bi-Weekly,Winter,108,28,Male,Sneakers,Footwear,67,Maryland,L,Olive,3.1,Yes,Next Day Air,Yes,46,PayPal
Bi-Weekly,Spring,109,70,Male,Socks,Clothing,79,Montana,L,Purple,3.4,Yes,Next Day Air,Yes,32,Bank Transfer
Bi-Weekly,Spring,110,58,Male,T-shirt,Clothing,85,Alabama,M,Violet,2.6,Yes,Next Day Air,Yes,43,Bank Transfer
Bi-Weekly,Summer,111,56,Male,Backpack,Accessories,26,New York,M,Black,4,Yes,Standard,Yes,26,Venmo
Annually,Summer,112,26,Male,Belt,Accessories,75,Massachusetts,L,Purple,5,Yes,Free Shipping,Yes,9,Credit Card
Bi-Weekly,Spring,113,37,Male,Gloves,Accessories,65,Florida,M,Red,4.3,Yes,Free Shipping,Yes,28,PayPal
Quarterly,Winter,114,44,Male,Hat,Accessories,54,New Jersey,L,Maroon,3.1,Yes,Next Day Air,Yes,20,PayPal
Weekly,Summer,115,70,Male,Coat,Outerwear,95,Massachusetts,S,Blue,3.7,Yes,Store Pickup,Yes,9,Cash
Quarterly,Spring,116,53,Male,Skirt,Clothing,94,Wyoming,M,Gray,3.8,Yes,Standard,Yes,48,Debit Card
Annually,Spring,117,55,Male,Shoes,Footwear,86,Virginia,S,Blue,3.4,Yes,Free Shipping,Yes,12,Venmo
Bi-Weekly,Summer,118,50,Male,Sandals,Footwear,32,South Dakota,L,Yellow,4.6,Yes,Express,Yes,29,Cash
Bi-Weekly,Fall,119,50,Male,Sweater,Clothing,45,Kentucky,L,Orange,4.8,Yes,2-Day Shipping,Yes,27,Cash
Annually,Fall,120,38,Male,Coat,Outerwear,76,Wyoming,M,Orange,4.3,Yes,Express,Yes,44,Cash
Annually,Summer,121,64,Male,Hat,Accessories,84,West Virginia,L,Red,4,Yes,Express,Yes,32,Bank Transfer
Bi-Weekly,Winter,122,19,Male,Shorts,Clothing,72,Virginia,M,Olive,4.2,Yes,Standard,Yes,11,Cash
Bi-Weekly,Spring,123,40,Male,Backpack,Accessories,40,Washington,L,Brown,4.8,Yes,2-Day Shipping,Yes,44,Cash
Weekly,Fall,124,57,Male,Sweater,Clothing,89,Louisiana,L,Brown,3.1,Yes,Free Shipping,Yes,46,Cash
Annually,Spring,125,44,Male,Sweater,Clothing,86,Nevada,M,Gray,3.1,Yes,Next Day Air,Yes,50,PayPal
Quarterly,Winter,126,49,Male,Shorts,Clothing,54,California,M,Indigo,3.6,Yes,Next Day Air,Yes,45,Venmo
Quarterly,Spring,127,43,Male,Shorts,Clothing,36,Mississippi,L,Pink,3.9,Yes,Store Pickup,Yes,48,Cash
Weekly,Winter,128,24,Male,Sweater,Clothing,89,Mississippi,M,Gray,4.8,Yes,Next Day Air,Yes,26,Credit Card
Bi-Weekly,Spring,129,20,Male,Scarf,Accessories,32,California,M,Gold,4.7,Yes,Standard,Yes,21,Credit Card
Bi-Weekly,Summer,130,24,Male,Dress,Clothing,67,Pennsylvania,XL,Olive,4.2,Yes,2-Day Shipping,Yes,49,PayPal
Bi-Weekly,Fall,131,44,Male,Scarf,Accessories,39,Kentucky,L,Violet,3.7,Yes,Next Day Air,Yes,13,PayPal
Weekly,Summer,132,28,Male,Skirt,Clothing,29,Maine,L,Indigo,3.9,Yes,Standard,Yes,46,Credit Card
Weekly,Fall,133,30,Male,Backpack,Accessories,58,New Mexico,M,Orange,4.7,Yes,2-Day Shipping,Yes,42,PayPal
Annually,Winter,134,52,Male,Sweater,Clothing,65,Montana,M,Violet,2.5,Yes,Next Day Air,Yes,25,Venmo
Monthly,Fall,135,43,Male,Hat,Accessories,94,Texas,L,Gray,4.9,Yes,Store Pickup,Yes,25,Cash
Quarterly,Fall,136,43,Male,Sandals,Footwear,81,Kansas,M,Purple,4.1,Yes,Express,Yes,12,PayPal
Quarterly,Winter,137,39,Male,Blouse,Clothing,86,South Carolin,M,White,3.3,Yes,Free Shipping,Yes,4,Debit Card
Weekly,Spring,138,68,Male,Sneakers,Footwear,43,Colorado,M,Turquoi,4.7,Yes,Free Shipping,Yes,38,PayPal
Weekly,Winter,139,68,Male,Skirt,Clothing,29,Georgia,M,Maroon,4.4,Yes,Store Pickup,Yes,42,Bank Transfer
Annually,Fall,140,49,Male,Coat,Outerwear,95,Florida,M,White,3.8,Yes,Store Pickup,Yes,30,Venmo
Weekly,Fall,141,63,Male,Shirt,Clothing,28,North Carolin,L,Yellow,3.9,Yes,2-Day Shipping,Yes,50,Credit Card
Weekly,Fall,142,56,Male,Gloves,Accessories,46,Virginia,M,Turquoi,4.9,Yes,Free Shipping,Yes,45,PayPal
Bi-Weekly,Fall,143,37,Male,Jacket,Outerwear,58,Nebraska,L,Violet,3.1,Yes,Free Shipping,Yes,33,Credit Card
Quarterly,Fall,144,30,Male,Coat,Outerwear,48,Missouri,M,Beige,2.7,Yes,Store Pickup,Yes,25,PayPal
Monthly,Fall,145,19,Male,Shoes,Footwear,43,New Jersey,M,Silver,3.2,Yes,Express,Yes,25,Cash
Quarterly,Fall,146,24,Male,Jewelry,Accessories,95,Missouri,M,Teal,4.5,Yes,Standard,Yes,44,Debit Card
Bi-Weekly,Fall,147,52,Male,Skirt,Clothing,30,Colorado,S,Black,4,Yes,Standard,Yes,21,Venmo
Bi-Weekly,Summer,148,63,Male,Shoes,Footwear,64,Idaho,M,Purple,3.5,Yes,2-Day Shipping,Yes,31,Bank Transfer
Annually,Fall,149,37,Male,Gloves,Accessories,90,Wyoming,M,Gray,2.6,Yes,Store Pickup,Yes,47,Debit Card
Monthly,Summer,150,38,Male,Pants,Clothing,76,Delaware,M,White,3.2,Yes,Free Shipping,Yes,14,PayPal
Quarterly,Fall,151,35,Male,Boots,Footwear,96,California,L,Cyan,4.9,Yes,Standard,Yes,17,Debit Card
Annually,Fall,152,28,Male,Sunglasses,Accessories,47,North Dakota,L,Turquoi,4.5,Yes,Next Day Air,Yes,3,Venmo
Annually,Summer,153,30,Male,Shirt,Clothing,85,South Carolin,S,Brown,4.3,Yes,Express,Yes,42,Venmo
Annually,Winter,154,69,Male,Hoodie,Clothing,55,North Carolin,M,Maroon,3.2,Yes,Standard,Yes,22,Debit Card
Quarterly,Fall,155,41,Male,Dress,Clothing,98,Oklahoma,M,Charcoa,3.6,Yes,Next Day Air,Yes,21,Venmo
Quarterly,Spring,156,63,Male,Socks,Clothing,77,Maine,S,Olive,4.3,Yes,Free Shipping,Yes,21,Bank Transfer
Annually,Fall,157,35,Male,Shorts,Clothing,26,Missouri,M,Lavende,4,Yes,Standard,Yes,40,Debit Card
Bi-Weekly,Fall,158,36,Male,Hat,Accessories,68,Vermont,S,Yellow,3,Yes,Next Day Air,Yes,1,Bank Transfer
Monthly,Fall,159,25,Male,Shirt,Clothing,73,Connecticut,XL,Teal,4.1,Yes,Standard,Yes,50,Bank Transfer
Quarterly,Fall,160,58,Male,Gloves,Accessories,27,New Hampshire,M,Charcoa,3.8,Yes,Store Pickup,Yes,39,Bank Transfer
Monthly,Summer,161,27,Male,Gloves,Accessories,23,Texas,M,Orange,4.6,Yes,Free Shipping,Yes,34,Venmo
Bi-Weekly,Fall,162,65,Male,Backpack,Accessories,49,North Dakota,M,Olive,3,Yes,Express,Yes,29,Venmo
Bi-Weekly,Summer,163,54,Male,Sunglasses,Accessories,74,California,M,Turquoi,3,Yes,Store Pickup,Yes,31,PayPal
Weekly,Summer,164,54,Male,Skirt,Clothing,67,Virginia,M,Purple,3.4,Yes,Standard,Yes,8,Debit Card
Bi-Weekly,Spring,165,59,Male,Handbag,Accessories,65,Delaware,S,Purple,2.6,Yes,Free Shipping,Yes,5,Credit Card
Monthly,Winter,166,42,Male,Handbag,Accessories,60,Kentucky,S,Yellow,2.8,Yes,Store Pickup,Yes,7,Cash
Monthly,Fall,167,46,Male,Sneakers,Footwear,31,Delaware,XL,Indigo,4,Yes,Store Pickup,Yes,30,Cash
Quarterly,Fall,168,33,Male,Gloves,Accessories,27,Arkansas,M,Green,4,Yes,Express,Yes,14,Credit Card
Bi-Weekly,Summer,169,34,Male,Shoes,Footwear,80,Louisiana,M,Magenta,3,Yes,Express,Yes,5,Cash
Quarterly,Summer,170,27,Male,Jacket,Outerwear,30,Nevada,S,Gold,3.3,Yes,Standard,Yes,3,PayPal
Bi-Weekly,Fall,171,52,Male,Shirt,Clothing,25,Wyoming,M,Maroon,2.6,Yes,Store Pickup,Yes,46,Venmo
Weekly,Summer,172,29,Male,Shorts,Clothing,35,Virginia,M,Blue,3.6,Yes,Store Pickup,Yes,4,Credit Card
Bi-Weekly,Summer,173,54,Male,Jewelry,Accessories,67,Nebraska,M,Violet,3.9,Yes,Next Day Air,Yes,42,Credit Card
Annually,Fall,174,25,Male,Hat,Accessories,46,Hawaii,M,Turquoi,3.4,Yes,Standard,Yes,30,Cash
Annually,Winter,175,41,Male,Shoes,Footwear,35,Vermont,L,Brown,3.5,Yes,Express,Yes,37,Venmo
Annually,Fall,176,53,Male,Coat,Outerwear,86,Oklahoma,L,Violet,2.8,Yes,Next Day Air,Yes,2,Bank Transfer
Quarterly,Spring,177,53,Male,Backpack,Accessories,81,New Hampshire,L,Black,2.7,Yes,Next Day Air,Yes,30,Credit Card
Monthly,Fall,178,21,Male,Hoodie,Clothing,42,Kansas,L,Magenta,3.7,Yes,Next Day Air,Yes,47,Bank Transfer
Quarterly,Fall,179,61,Male,Skirt,Clothing,43,Idaho,L,Lavende,4.3,Yes,2-Day Shipping,Yes,21,PayPal
Bi-Weekly,Fall,180,64,Male,Boots,Footwear,31,Illinois,M,Violet,4.9,Yes,Store Pickup,Yes,9,Bank Transfer
Bi-Weekly,Fall,181,51,Male,Sandals,Footwear,81,South Dakota,L,Green,3.3,Yes,Store Pickup,Yes,12,Debit Card
Weekly,Summer,182,32,Male,Pants,Clothing,61,Massachusetts,M,Beige,4.7,Yes,Next Day Air,Yes,4,Bank Transfer
Annually,Summer,183,38,Male,Gloves,Accessories,96,Alabama,XL,Purple,2.8,Yes,Store Pickup,Yes,10,Debit Card
Weekly,Spring,184,58,Male,Skirt,Clothing,29,Ohio,XL,Beige,3.6,Yes,2-Day Shipping,Yes,26,Credit Card
Bi-Weekly,Spring,185,32,Male,Sneakers,Footwear,33,Hawaii,L,Cyan,3,Yes,Express,Yes,40,Cash
Bi-Weekly,Summer,186,46,Male,T-shirt,Clothing,32,Wisconsin,XL,Silver,4.5,Yes,Store Pickup,Yes,34,Bank Transfer
Annually,Summer,187,39,Male,Backpack,Accessories,56,Minnesota,S,Lavende,2.9,Yes,Standard,Yes,31,Debit Card
Bi-Weekly,Spring,188,19,Male,Shoes,Footwear,94,Georgia,S,Purple,3.3,Yes,Store Pickup,Yes,1,Bank Transfer
Bi-Weekly,Spring,189,50,Male,Hoodie,Clothing,53,Arkansas,M,Pink,3.1,Yes,Express,Yes,5,Bank Transfer
Weekly,Fall,190,36,Male,Blouse,Clothing,82,West Virginia,M,Maroon,4.4,Yes,Next Day Air,Yes,4,Credit Card
Quarterly,Fall,191,65,Male,Coat,Outerwear,70,Indiana,XL,Beige,3,Yes,Free Shipping,Yes,48,Venmo
Quarterly,Fall,192,64,Male,Hat,Accessories,76,Utah,M,Gray,3.9,Yes,Free Shipping,Yes,29,Cash
Bi-Weekly,Summer,193,46,Male,Shoes,Footwear,29,Nebraska,L,Turquoi,2.9,Yes,Express,Yes,12,PayPal
Annually,Fall,194,36,Male,Belt,Accessories,100,North Dakota,S,Silver,3,Yes,Standard,Yes,29,Venmo
Quarterly,Spring,195,51,Male,Backpack,Accessories,94,Missouri,M,Olive,3.1,Yes,Express,Yes,15,Debit Card
Monthly,Fall,196,51,Male,Jacket,Outerwear,25,New York,M,Magenta,4.3,Yes,Free Shipping,Yes,34,Credit Card
Bi-Weekly,Summer,197,38,Male,Boots,Footwear,88,Washington,M,Lavende,3.9,Yes,Next Day Air,Yes,41,Credit Card
Monthly,Fall,198,59,Male,Scarf,Accessories,78,South Carolin,M,Black,3.2,Yes,2-Day Shipping,Yes,41,Credit Card
Bi-Weekly,Winter,199,57,Male,Jewelry,Accessories,45,Utah,M,Turquoi,4.8,Yes,Standard,Yes,39,Credit Card
Weekly,Summer,200,54,Male,Hat,Accessories,73,Idaho,XL,Green,3.8,Yes,Express,Yes,32,Cash
Monthly,Summer,201,25,Male,Dress,Clothing,61,Pennsylvania,S,Teal,3.3,Yes,Next Day Air,Yes,29,Venmo
Annually,Fall,202,69,Male,Blouse,Clothing,22,Missouri,S,Beige,4.3,Yes,Free Shipping,Yes,15,Bank Transfer
Annually,Spring,203,57,Male,Hat,Accessories,38,Nebraska,L,Magenta,2.7,Yes,Express,Yes,33,Venmo
Weekly,Fall,204,70,Male,Scarf,Accessories,38,Indiana,S,Yellow,3.2,Yes,Next Day Air,Yes,18,Bank Transfer
Bi-Weekly,Fall,205,24,Male,Sneakers,Footwear,100,Arizona,M,Yellow,4,Yes,Store Pickup,Yes,35,Cash
Weekly,Winter,206,67,Male,Shirt,Clothing,64,Hawaii,M,Silver,3,Yes,Standard,Yes,25,PayPal
Bi-Weekly,Summer,207,24,Male,T-shirt,Clothing,55,Wisconsin,L,Silver,4.2,Yes,Free Shipping,Yes,6,Venmo
Bi-Weekly,Summer,208,62,Male,Gloves,Accessories,91,Rhode Island,M,Silver,2.9,Yes,Express,Yes,17,Bank Transfer
Monthly,Spring,209,57,Male,Skirt,Clothing,38,Wisconsin,M,Gold,4.1,Yes,Store Pickup,Yes,17,Credit Card
Quarterly,Winter,210,55,Male,Sandals,Footwear,97,Minnesota,S,Olive,3.2,Yes,Store Pickup,Yes,44,Cash
Bi-Weekly,Fall,211,45,Male,Jacket,Outerwear,22,Vermont,L,Teal,3,Yes,2-Day Shipping,Yes,6,PayPal
Bi-Weekly,Fall,212,69,Male,Skirt,Clothing,92,South Dakota,L,Maroon,4.2,Yes,2-Day Shipping,Yes,45,Debit Card
Annually,Fall,213,67,Male,Handbag,Accessories,84,Virginia,L,Blue,4.2,Yes,Express,Yes,7,Debit Card
Quarterly,Fall,214,30,Male,Handbag,Accessories,93,Nevada,L,Peach,4.4,Yes,Store Pickup,Yes,11,Debit Card
Quarterly,Summer,215,24,Male,Jacket,Outerwear,50,Hawaii,L,Blue,4.2,Yes,Next Day Air,Yes,41,Cash
Bi-Weekly,Spring,216,62,Male,Scarf,Accessories,64,New Jersey,S,Orange,2.8,Yes,2-Day Shipping,Yes,24,PayPal
Weekly,Spring,217,43,Male,Shorts,Clothing,61,Massachusetts,L,Yellow,3.7,Yes,Free Shipping,Yes,21,Venmo
Annually,Winter,218,35,Male,Sunglasses,Accessories,48,Oklahoma,M,Purple,3.5,Yes,Next Day Air,Yes,24,Bank Transfer
Quarterly,Spring,219,28,Male,T-shirt,Clothing,45,California,S,Magenta,2.9,Yes,Store Pickup,Yes,8,Credit Card
Bi-Weekly,Spring,220,32,Male,Belt,Accessories,88,Nevada,M,Cyan,3,Yes,Free Shipping,Yes,12,Cash
Bi-Weekly,Spring,221,39,Male,Sneakers,Footwear,57,Arizona,S,Indigo,3.7,Yes,Express,Yes,48,Debit Card
Quarterly,Summer,222,28,Male,Hat,Accessories,68,North Carolin,XL,Magenta,4.4,Yes,Store Pickup,Yes,6,Bank Transfer
Bi-Weekly,Spring,223,47,Male,Gloves,Accessories,94,New York,XL,Gray,4.5,Yes,2-Day Shipping,Yes,14,PayPal
Annually,Spring,224,20,Male,Pants,Clothing,41,Wyoming,M,Turquoi,4.8,Yes,Free Shipping,Yes,34,PayPal
Quarterly,Summer,225,63,Male,Socks,Clothing,83,South Dakota,S,Beige,2.9,Yes,Free Shipping,Yes,12,Cash
Annually,Spring,226,25,Male,Jacket,Outerwear,22,Arkansas,M,Olive,3.2,Yes,Next Day Air,Yes,11,Bank Transfer
Monthly,Spring,227,29,Male,Shoes,Footwear,74,Texas,L,Violet,3.3,Yes,Free Shipping,Yes,5,PayPal
Bi-Weekly,Winter,228,50,Male,Jeans,Clothing,90,Rhode Island,M,Turquoi,4.2,Yes,Standard,Yes,25,Venmo
Annually,Spring,229,18,Male,Socks,Clothing,79,New Hampshire,M,White,2.9,Yes,Store Pickup,Yes,11,Credit Card
Quarterly,Spring,230,70,Male,Sandals,Footwear,28,Ohio,S,Silver,4.6,Yes,Next Day Air,Yes,27,PayPal
Annually,Fall,231,66,Male,Scarf,Accessories,88,Utah,L,Olive,4.1,Yes,Standard,Yes,43,Credit Card
Quarterly,Spring,232,28,Male,Blouse,Clothing,26,Tennessee,M,Blue,3.1,Yes,2-Day Shipping,Yes,18,Debit Card
Bi-Weekly,Winter,233,54,Male,Jewelry,Accessories,27,Hawaii,L,Purple,4.2,Yes,Express,Yes,32,Bank Transfer
Quarterly,Fall,234,19,Male,Sweater,Clothing,83,Arizona,XL,Yellow,4.5,Yes,Next Day Air,Yes,27,Bank Transfer
Weekly,Summer,235,20,Male,Gloves,Accessories,39,South Dakota,S,Silver,3.7,Yes,Next Day Air,Yes,24,Credit Card
Quarterly,Winter,236,43,Male,Sunglasses,Accessories,89,New Jersey,M,Cyan,3.7,Yes,Free Shipping,Yes,31,Debit Card
Bi-Weekly,Winter,237,38,Male,Coat,Outerwear,68,North Dakota,L,Green,3.4,Yes,Next Day Air,Yes,39,PayPal
Bi-Weekly,Summer,238,50,Male,Dress,Clothing,90,Iowa,M,Beige,3,Yes,Store Pickup,Yes,36,Debit Card
Annually,Fall,239,64,Male,Skirt,Clothing,34,Ohio,M,Peach,4.2,Yes,Free Shipping,Yes,5,Cash
Bi-Weekly,Summer,240,49,Male,Pants,Clothing,51,Vermont,L,Yellow,2.9,Yes,Express,Yes,47,Credit Card
Bi-Weekly,Winter,241,47,Male,Sweater,Clothing,45,Montana,XL,Turquoi,3.5,Yes,Free Shipping,Yes,29,Bank Transfer
Bi-Weekly,Winter,242,36,Male,Hoodie,Clothing,88,Delaware,M,Peach,4.1,Yes,Free Shipping,Yes,43,Venmo
Quarterly,Summer,243,55,Male,Coat,Outerwear,85,New York,L,Gray,4.3,Yes,Store Pickup,Yes,40,Debit Card
Monthly,Winter,244,25,Male,Jewelry,Accessories,100,Kentucky,M,Olive,2.8,Yes,2-Day Shipping,Yes,4,Debit Card
Weekly,Spring,245,53,Male,Belt,Accessories,42,Oregon,S,Indigo,4.9,Yes,2-Day Shipping,Yes,39,PayPal
Bi-Weekly,Summer,246,49,Male,Sandals,Footwear,53,Rhode Island,L,Charcoa,3.3,Yes,Next Day Air,Yes,45,Venmo
Bi-Weekly,Spring,247,35,Male,Sunglasses,Accessories,86,Nevada,XL,Beige,3.2,Yes,Express,Yes,20,Venmo
Weekly,Spring,248,29,Male,Sweater,Clothing,66,Montana,XL,Brown,4.4,Yes,Standard,Yes,14,Debit Card
Weekly,Winter,249,47,Male,Belt,Accessories,100,Pennsylvania,M,Blue,4.8,Yes,Express,Yes,33,PayPal
Annually,Fall,250,53,Male,Handbag,Accessories,47,Alaska,S,Teal,4.2,Yes,Standard,Yes,18,Credit Card
Weekly,Fall,251,33,Male,Skirt,Clothing,25,Mississippi,L,Black,4,Yes,Express,Yes,9,Bank Transfer
Annually,Winter,252,21,Male,Handbag,Accessories,51,Wyoming,XL,Gold,2.5,Yes,Standard,Yes,34,PayPal
Bi-Weekly,Summer,253,32,Male,Shorts,Clothing,41,Delaware,M,Violet,3.9,Yes,Free Shipping,Yes,33,Venmo
Bi-Weekly,Winter,254,52,Male,Boots,Footwear,73,Oklahoma,L,Cyan,4.9,Yes,2-Day Shipping,Yes,15,Bank Transfer
Bi-Weekly,Winter,255,67,Male,Sunglasses,Accessories,42,Indiana,M,White,3.5,Yes,Store Pickup,Yes,4,PayPal
Annually,Spring,256,43,Male,Scarf,Accessories,20,Maryland,M,Charcoa,4.2,Yes,Free Shipping,Yes,25,Debit Card
Quarterly,Spring,257,58,Male,Jewelry,Accessories,30,South Dakota,XL,Violet,4.7,Yes,Express,Yes,20,Credit Card
Quarterly,Summer,258,20,Male,Handbag,Accessories,53,West Virginia,M,Red,4.5,Yes,Express,Yes,5,Credit Card
Quarterly,Spring,259,61,Male,Gloves,Accessories,74,Alabama,S,Lavende,2.8,Yes,Express,Yes,16,Cash
Annually,Fall,260,32,Male,Jeans,Clothing,57,Louisiana,M,Gold,2.9,Yes,Standard,Yes,13,Debit Card
Quarterly,Winter,261,38,Male,Hat,Accessories,57,Montana,S,Red,3.2,Yes,2-Day Shipping,Yes,11,Credit Card
Annually,Winter,262,21,Male,Jeans,Clothing,77,California,L,Magenta,4.9,Yes,Standard,Yes,21,Credit Card
Annually,Summer,263,37,Male,Pants,Clothing,40,Hawaii,M,Teal,3.6681951,Yes,Next Day Air,Yes,6,Debit Card
Monthly,Summer,264,27,Male,Shorts,Clothing,46,Iowa,M,Purple,4.3,Yes,Store Pickup,Yes,29,Venmo
Annually,Fall,265,36,Male,Pants,Clothing,78,Colorado,S,Charcoa,3.9,Yes,Store Pickup,Yes,15,Cash
Bi-Weekly,Spring,266,32,Male,Backpack,Accessories,59,Michigan,M,Gray,3.2,Yes,2-Day Shipping,Yes,17,Bank Transfer
Weekly,Summer,267,51,Male,Jewelry,Accessories,75,Louisiana,L,White,3.1,Yes,Express,Yes,32,Credit Card
Annually,Spring,268,64,Male,Sweater,Clothing,54,Maryland,M,Olive,3.9,Yes,2-Day Shipping,Yes,42,Venmo
Monthly,Spring,269,68,Male,Shoes,Footwear,42,Georgia,M,Charcoa,2.6,Yes,Store Pickup,Yes,21,Cash
Bi-Weekly,Winter,270,68,Male,Blouse,Clothing,44,Georgia,M,Charcoa,3.3,Yes,Next Day Air,Yes,9,Cash
Annually,Fall,271,33,Male,Jeans,Clothing,52,North Dakota,XL,Orange,4.6,Yes,Free Shipping,Yes,16,Bank Transfer
Bi-Weekly,Summer,272,65,Male,Sunglasses,Accessories,69,Maryland,XL,Yellow,4.6,Yes,Express,Yes,42,Credit Card
Bi-Weekly,Summer,273,48,Male,Jewelry,Accessories,26,Oregon,M,Beige,4.4,Yes,2-Day Shipping,Yes,37,Debit Card
Quarterly,Spring,274,69,Male,Coat,Outerwear,33,North Dakota,S,Silver,4.2,Yes,Express,Yes,32,Debit Card
Bi-Weekly,Spring,275,59,Male,Jewelry,Accessories,32,Maryland,M,Indigo,3,Yes,Express,Yes,28,Cash
Weekly,Winter,276,48,Male,Backpack,Accessories,85,Virginia,XL,Lavende,4,Yes,Express,Yes,13,Credit Card
Bi-Weekly,Fall,277,25,Male,Skirt,Clothing,30,South Dakota,XL,Turquoi,3.5,Yes,Express,Yes,11,Bank Transfer
Bi-Weekly,Winter,278,29,Male,Shirt,Clothing,29,Georgia,M,Green,3,Yes,Store Pickup,Yes,36,Bank Transfer
Annually,Spring,279,57,Male,Sweater,Clothing,95,Hawaii,M,Orange,3.7,Yes,Express,Yes,23,Debit Card
Monthly,Summer,280,23,Male,Sneakers,Footwear,69,Arkansas,L,Turquoi,4,Yes,Standard,Yes,37,Bank Transfer
Bi-Weekly,Fall,281,45,Male,Sandals,Footwear,69,Montana,S,Cyan,4.2,Yes,2-Day Shipping,Yes,21,Cash
Bi-Weekly,Spring,282,38,Male,Belt,Accessories,61,Oklahoma,XL,Charcoa,2.5,Yes,Standard,Yes,22,Debit Card
Monthly,Summer,283,21,Male,Skirt,Clothing,94,Minnesota,M,Teal,3,Yes,2-Day Shipping,Yes,9,Cash
Annually,Fall,284,32,Male,Sweater,Clothing,30,Montana,S,Maroon,3.2,Yes,Next Day Air,Yes,16,Venmo
Quarterly,Summer,285,63,Male,Skirt,Clothing,45,Ohio,M,Red,3.5,Yes,Standard,Yes,4,PayPal
Bi-Weekly,Summer,286,29,Male,Handbag,Accessories,39,Kentucky,XL,Yellow,4.8,Yes,Express,Yes,3,Debit Card
Annually,Summer,287,27,Male,Jewelry,Accessories,51,Nebraska,L,Gray,2.6,Yes,Store Pickup,Yes,6,Debit Card
Bi-Weekly,Spring,288,56,Male,Scarf,Accessories,37,Delaware,L,Blue,3.4,Yes,2-Day Shipping,Yes,18,Venmo
Bi-Weekly,Winter,289,30,Male,T-shirt,Clothing,62,North Carolin,M,Lavende,3.7,Yes,2-Day Shipping,Yes,34,Venmo
Monthly,Fall,290,49,Male,Coat,Outerwear,85,New York,M,Yellow,4.5,Yes,2-Day Shipping,Yes,26,Credit Card
Weekly,Winter,291,58,Male,T-shirt,Clothing,33,Colorado,M,Indigo,3.7,Yes,Standard,Yes,50,PayPal
Monthly,Fall,292,57,Male,Dress,Clothing,26,Delaware,XL,Violet,3.3,Yes,Next Day Air,Yes,40,Bank Transfer
Quarterly,Spring,293,60,Male,Shoes,Footwear,99,Utah,M,Green,4.7,Yes,Free Shipping,Yes,24,Cash
Annually,Spring,294,69,Male,Handbag,Accessories,39,Connecticut,M,White,2.7,Yes,Express,Yes,33,PayPal
Quarterly,Spring,295,70,Male,Skirt,Clothing,20,New Jersey,M,Gold,4.6,Yes,Store Pickup,Yes,19,Credit Card
Quarterly,Winter,296,53,Male,Sunglasses,Accessories,42,West Virginia,M,Indigo,2.7,Yes,Store Pickup,Yes,24,Credit Card
Weekly,Spring,297,25,Male,Sandals,Footwear,74,Indiana,S,Lavende,4.8,Yes,2-Day Shipping,Yes,19,Credit Card
Bi-Weekly,Summer,298,48,Male,Shoes,Footwear,26,Delaware,XL,Purple,4.4,Yes,Standard,Yes,4,Credit Card
Quarterly,Winter,299,69,Male,T-shirt,Clothing,53,Maryland,M,Lavende,4,Yes,Standard,Yes,11,Venmo
Bi-Weekly,Summer,300,25,Male,Sneakers,Footwear,80,Pennsylvania,M,Maroon,3.2,Yes,Next Day Air,Yes,28,PayPal
Weekly,Spring,301,29,Male,Hat,Accessories,98,Iowa,M,Teal,4.4,Yes,Store Pickup,Yes,24,PayPal
Quarterly,Spring,302,46,Male,Skirt,Clothing,95,Pennsylvania,M,Green,3.8,Yes,Standard,Yes,25,Credit Card
Quarterly,Summer,303,37,Male,Sweater,Clothing,44,Delaware,L,Olive,3.6,Yes,Express,Yes,27,Bank Transfer
Weekly,Summer,304,20,Male,Sandals,Footwear,60,Oregon,M,Turquoi,3.3,Yes,Next Day Air,Yes,49,Venmo
Bi-Weekly,Winter,305,40,Male,Dress,Clothing,84,Oregon,M,Green,3.4,Yes,Next Day Air,Yes,45,Credit Card
Annually,Fall,306,60,Male,Sweater,Clothing,59,Utah,M,Teal,3.5,Yes,2-Day Shipping,Yes,26,PayPal
Annually,Summer,307,26,Male,Jacket,Outerwear,49,North Dakota,S,White,3.6,Yes,Express,Yes,4,Cash
Quarterly,Winter,308,29,Male,Gloves,Accessories,32,Florida,M,Orange,3.2,Yes,Free Shipping,Yes,3,Credit Card
Bi-Weekly,Fall,309,66,Male,Handbag,Accessories,29,Maryland,M,Beige,3.7,Yes,Standard,Yes,45,Venmo
Bi-Weekly,Spring,310,66,Male,Dress,Clothing,22,Minnesota,M,Yellow,4.5,Yes,Standard,Yes,21,Cash
Bi-Weekly,Winter,311,56,Male,Pants,Clothing,85,Montana,M,Charcoa,4.6,Yes,Standard,Yes,50,Cash
Monthly,Winter,312,69,Male,Jeans,Clothing,52,Rhode Island,L,Silver,4.1,Yes,Store Pickup,Yes,19,Bank Transfer
Annually,Spring,313,38,Male,Pants,Clothing,89,Massachusetts,L,Green,3.4,Yes,Next Day Air,Yes,6,PayPal
Quarterly,Spring,314,42,Male,Dress,Clothing,77,Vermont,M,Pink,3.7,Yes,Express,Yes,50,Credit Card
Quarterly,Summer,315,30,Male,Pants,Clothing,24,New Jersey,M,Purple,3.3,Yes,Store Pickup,Yes,17,Debit Card
Annually,Spring,316,66,Male,Jewelry,Accessories,24,Wisconsin,XL,Orange,4.5,Yes,Express,Yes,24,Debit Card
Monthly,Fall,317,36,Male,Handbag,Accessories,22,California,M,Charcoa,3.3,Yes,Free Shipping,Yes,46,Venmo
Quarterly,Fall,318,58,Male,Sweater,Clothing,82,West Virginia,L,Teal,4.3,Yes,Standard,Yes,42,Cash
Annually,Winter,319,45,Male,Backpack,Accessories,67,South Dakota,M,Beige,2.5,Yes,Standard,Yes,10,Cash
Quarterly,Spring,320,47,Male,Shorts,Clothing,74,Maine,XL,White,2.6,Yes,Standard,Yes,1,Cash
Quarterly,Summer,321,66,Male,Jewelry,Accessories,72,Kansas,L,White,4.9,Yes,Standard,Yes,28,Debit Card
Quarterly,Summer,322,41,Male,Sneakers,Footwear,36,Vermont,L,Orange,4.7,Yes,Free Shipping,Yes,48,Debit Card
Monthly,Winter,323,41,Male,Belt,Accessories,95,Tennessee,S,Cyan,3,Yes,Standard,Yes,47,Credit Card
Bi-Weekly,Winter,324,66,Male,Hoodie,Clothing,78,Tennessee,M,Orange,3.5,Yes,Next Day Air,Yes,29,PayPal
Quarterly,Summer,325,37,Male,Shirt,Clothing,82,Wyoming,M,Olive,4.8,Yes,Standard,Yes,37,Venmo
Annually,Winter,326,70,Male,Pants,Clothing,70,Vermont,M,Charcoa,4.3,Yes,Free Shipping,Yes,38,Debit Card
Weekly,Fall,327,62,Male,Scarf,Accessories,41,New Jersey,M,White,3.2,Yes,Store Pickup,Yes,48,Bank Transfer
Weekly,Summer,328,61,Male,Coat,Outerwear,42,Iowa,M,Teal,3.1,Yes,Free Shipping,Yes,36,PayPal
Weekly,Fall,329,48,Male,Coat,Outerwear,50,Florida,M,Yellow,2.8,Yes,Free Shipping,Yes,9,Credit Card
Monthly,Summer,330,70,Male,Socks,Clothing,31,Nevada,S,White,2.9,Yes,2-Day Shipping,Yes,34,Bank Transfer
Bi-Weekly,Winter,331,46,Male,Sweater,Clothing,51,North Dakota,M,Beige,3.6681951,Yes,Express,Yes,43,Venmo
Quarterly,Fall,332,31,Male,Shirt,Clothing,98,Florida,L,Beige,3.3,Yes,Store Pickup,Yes,46,PayPal
Monthly,Winter,333,19,Male,Shirt,Clothing,86,New York,M,Maroon,2.8,Yes,2-Day Shipping,Yes,5,Credit Card
Bi-Weekly,Winter,334,39,Male,Sweater,Clothing,64,Alaska,M,Teal,4.5,Yes,Standard,Yes,15,Bank Transfer
Annually,Fall,335,41,Male,Blouse,Clothing,46,Kansas,M,Lavende,2.6,Yes,Next Day Air,Yes,30,Credit Card
Quarterly,Spring,336,20,Male,Sweater,Clothing,85,Oregon,L,Maroon,3.7,Yes,Standard,Yes,44,Venmo
Annually,Fall,337,36,Male,Hat,Accessories,81,Rhode Island,S,Orange,4.4,Yes,Express,Yes,16,PayPal
Annually,Winter,338,32,Male,Sweater,Clothing,59,New Mexico,M,Cyan,4.3,Yes,2-Day Shipping,Yes,16,Bank Transfer
Weekly,Winter,339,69,Male,Hoodie,Clothing,79,Massachusetts,M,Silver,3.5,Yes,Express,Yes,16,Cash
Quarterly,Spring,340,40,Male,Shorts,Clothing,33,Pennsylvania,M,Teal,3.8,Yes,2-Day Shipping,Yes,21,Credit Card
Quarterly,Summer,341,40,Male,Shorts,Clothing,47,New Jersey,L,Blue,3.5,Yes,Express,Yes,39,Venmo
Bi-Weekly,Summer,342,20,Male,Hat,Accessories,20,Utah,S,Blue,4.6,Yes,Store Pickup,Yes,40,Debit Card
Quarterly,Spring,343,64,Male,Coat,Outerwear,36,Kentucky,M,Olive,2.6,Yes,Next Day Air,Yes,48,Credit Card
Monthly,Summer,344,27,Male,Sandals,Footwear,39,Nebraska,M,Purple,4.4,Yes,Next Day Air,Yes,26,Venmo
Monthly,Winter,345,24,Male,Skirt,Clothing,71,Virginia,M,Charcoa,4,Yes,Standard,Yes,46,Debit Card
Annually,Winter,346,48,Male,Shoes,Footwear,59,Wyoming,S,Olive,4.4,Yes,Next Day Air,Yes,27,Bank Transfer
Weekly,Spring,347,49,Male,Jeans,Clothing,50,New Mexico,L,Violet,4.7,Yes,Next Day Air,Yes,5,Cash
Bi-Weekly,Fall,348,36,Male,Sandals,Footwear,41,Oregon,L,Red,3.9,Yes,Store Pickup,Yes,43,PayPal
Bi-Weekly,Fall,349,56,Male,Blouse,Clothing,59,South Carolin,M,Beige,2.7,Yes,Free Shipping,Yes,17,PayPal
Bi-Weekly,Winter,350,37,Male,Hat,Accessories,87,Arizona,M,Green,3.7,Yes,2-Day Shipping,Yes,3,Bank Transfer
Bi-Weekly,Spring,351,42,Male,Sweater,Clothing,68,Kentucky,M,Violet,2.6,Yes,2-Day Shipping,Yes,47,Bank Transfer
Bi-Weekly,Winter,352,28,Male,Skirt,Clothing,90,New York,M,Teal,3.9,Yes,Standard,Yes,24,Debit Card
Quarterly,Fall,353,27,Male,Jeans,Clothing,71,Texas,XL,Yellow,4.9,Yes,Next Day Air,Yes,12,Cash
Monthly,Fall,354,63,Male,Sneakers,Footwear,64,Missouri,L,Yellow,4.1,Yes,Store Pickup,Yes,35,Debit Card
Weekly,Fall,355,58,Male,Jewelry,Accessories,76,Pennsylvania,S,Olive,3,Yes,Free Shipping,Yes,42,Venmo
Quarterly,Fall,356,37,Male,Jewelry,Accessories,42,Oregon,XL,Magenta,4.1,Yes,2-Day Shipping,Yes,1,PayPal
Weekly,Spring,357,56,Male,Pants,Clothing,80,Nevada,L,Black,3.6681951,Yes,Standard,Yes,27,Cash
Bi-Weekly,Spring,358,18,Male,Belt,Accessories,56,Arkansas,M,Olive,4,Yes,Standard,Yes,16,Credit Card
Quarterly,Summer,359,48,Male,Hat,Accessories,25,Minnesota,XL,Magenta,3.6,Yes,Express,Yes,36,Credit Card
Quarterly,Winter,360,31,Male,Sneakers,Footwear,74,Georgia,M,Olive,3,Yes,Store Pickup,Yes,30,Credit Card
Bi-Weekly,Summer,361,51,Male,Pants,Clothing,30,Rhode Island,M,Teal,3,Yes,Standard,Yes,18,Debit Card
Annually,Spring,362,65,Male,T-shirt,Clothing,96,Nevada,M,White,2.6,Yes,Free Shipping,Yes,45,Cash
Bi-Weekly,Fall,363,53,Male,Sneakers,Footwear,64,Texas,M,Charcoa,3.4,Yes,Free Shipping,Yes,1,Venmo
Bi-Weekly,Winter,364,55,Male,Shorts,Clothing,88,Florida,L,Yellow,3.1,Yes,Free Shipping,Yes,42,Bank Transfer
Quarterly,Summer,365,62,Male,Shoes,Footwear,88,North Dakota,L,Charcoa,3,Yes,Free Shipping,Yes,7,Venmo
Quarterly,Summer,366,55,Male,Gloves,Accessories,88,West Virginia,XL,Gray,3.7,Yes,Standard,Yes,50,PayPal
Bi-Weekly,Spring,367,64,Male,Socks,Clothing,36,Nebraska,M,Turquoi,3.5,Yes,Store Pickup,Yes,37,Venmo
Monthly,Spring,368,52,Male,Dress,Clothing,40,Tennessee,XL,Cyan,2.8,Yes,Store Pickup,Yes,18,Bank Transfer
Monthly,Spring,369,24,Male,Handbag,Accessories,39,Oklahoma,M,Charcoa,4.5,Yes,Standard,Yes,29,Cash
Quarterly,Summer,370,38,Male,Belt,Accessories,40,Wisconsin,M,Silver,3.3,Yes,Store Pickup,Yes,45,PayPal
Weekly,Winter,371,59,Male,Scarf,Accessories,34,Oregon,M,Olive,3.4,Yes,Express,Yes,13,PayPal
Monthly,Winter,372,27,Male,Sneakers,Footwear,83,North Carolin,S,Pink,3.2,Yes,2-Day Shipping,Yes,47,PayPal
Weekly,Summer,373,24,Male,Sweater,Clothing,85,Pennsylvania,L,Orange,3.7,Yes,Standard,Yes,7,Debit Card
Bi-Weekly,Summer,374,23,Male,Coat,Outerwear,27,North Dakota,L,White,4.6,Yes,Express,Yes,11,Venmo
Monthly,Spring,375,69,Male,Jewelry,Accessories,78,Ohio,S,Purple,5,Yes,Store Pickup,Yes,39,Bank Transfer
Quarterly,Summer,376,59,Male,Sunglasses,Accessories,32,Oklahoma,M,Olive,4.4,Yes,Standard,Yes,6,Debit Card
Bi-Weekly,Fall,377,51,Male,Shoes,Footwear,51,South Carolin,S,Gray,4.9,Yes,Express,Yes,2,Venmo
Quarterly,Spring,378,63,Male,Scarf,Accessories,32,Maine,M,Silver,4.1,Yes,Standard,Yes,39,Credit Card
Monthly,Winter,379,54,Male,Dress,Clothing,62,Nevada,L,Orange,4.9,Yes,Next Day Air,Yes,23,Credit Card
Bi-Weekly,Fall,380,32,Male,T-shirt,Clothing,29,Montana,S,Magenta,4.7,Yes,2-Day Shipping,Yes,46,Debit Card
Weekly,Fall,381,39,Male,Backpack,Accessories,69,New Hampshire,XL,Beige,3,Yes,Store Pickup,Yes,19,Bank Transfer
Quarterly,Winter,382,66,Male,Jewelry,Accessories,25,Maine,L,Lavende,3.4,Yes,Store Pickup,Yes,3,Credit Card
Quarterly,Winter,383,28,Male,Jeans,Clothing,76,California,M,Peach,3.2,Yes,Store Pickup,Yes,47,PayPal
Quarterly,Fall,384,50,Male,Sunglasses,Accessories,77,West Virginia,S,Magenta,3.6681951,Yes,Standard,Yes,6,PayPal
Annually,Fall,385,70,Male,Sweater,Clothing,33,California,M,Beige,4.5,Yes,2-Day Shipping,Yes,6,Venmo
Bi-Weekly,Fall,386,67,Male,Shorts,Clothing,93,West Virginia,S,Yellow,2.7,Yes,Next Day Air,Yes,12,Credit Card
Quarterly,Spring,387,64,Male,Jewelry,Accessories,39,Louisiana,L,Brown,3.4,Yes,Express,Yes,40,PayPal
Bi-Weekly,Summer,388,45,Male,Coat,Outerwear,93,Georgia,L,Silver,4.6,Yes,Store Pickup,Yes,38,PayPal
Quarterly,Summer,389,22,Male,Handbag,Accessories,82,Washington,M,Orange,2.7,Yes,Store Pickup,Yes,10,PayPal
Monthly,Spring,390,27,Male,Boots,Footwear,42,Virginia,L,Purple,4.2,Yes,Standard,Yes,28,Bank Transfer
Annually,Winter,391,25,Male,Gloves,Accessories,71,Indiana,M,Indigo,3.2,Yes,2-Day Shipping,Yes,19,PayPal
Bi-Weekly,Spring,392,37,Male,Sweater,Clothing,86,Minnesota,L,Gray,4.8,Yes,Standard,Yes,25,Cash
Annually,Spring,393,26,Male,T-shirt,Clothing,82,Idaho,XL,Black,3.3,Yes,Next Day Air,Yes,38,Credit Card
Bi-Weekly,Fall,394,33,Male,Shoes,Footwear,65,Vermont,L,Maroon,4.2,Yes,Standard,Yes,6,PayPal
Bi-Weekly,Spring,395,43,Male,Scarf,Accessories,29,North Dakota,M,Beige,4.8,Yes,Store Pickup,Yes,7,Debit Card
Annually,Winter,396,37,Male,Sneakers,Footwear,65,Rhode Island,L,Brown,4.9,Yes,Store Pickup,Yes,2,PayPal
Annually,Fall,397,46,Male,Dress,Clothing,88,South Carolin,S,Black,3.9,Yes,Standard,Yes,24,Bank Transfer
Annually,Fall,398,22,Male,Belt,Accessories,46,Mississippi,M,Indigo,3,Yes,Free Shipping,Yes,26,Cash
Quarterly,Winter,399,20,Male,Boots,Footwear,67,Montana,S,Silver,4.6,Yes,Free Shipping,Yes,25,Debit Card
Monthly,Fall,400,60,Male,Scarf,Accessories,35,Idaho,L,Blue,3.5,Yes,2-Day Shipping,Yes,10,Debit Card
Bi-Weekly,Winter,401,39,Male,Boots,Footwear,66,Utah,M,Green,4.8,Yes,Free Shipping,Yes,14,PayPal
Quarterly,Fall,402,43,Male,T-shirt,Clothing,91,Oklahoma,L,Orange,4.8,Yes,Standard,Yes,21,Cash
Monthly,Fall,403,31,Male,Backpack,Accessories,78,California,L,Cyan,3,Yes,Express,Yes,26,PayPal
Annually,Winter,404,19,Male,Sneakers,Footwear,45,Nevada,M,Orange,4.5,Yes,Next Day Air,Yes,12,Bank Transfer
Monthly,Spring,405,35,Male,T-shirt,Clothing,93,Delaware,M,Indigo,4.8,Yes,Store Pickup,Yes,11,Credit Card
Annually,Summer,406,41,Male,Jeans,Clothing,74,South Carolin,S,Silver,3.8,Yes,Standard,Yes,15,Cash
Monthly,Spring,407,52,Male,Gloves,Accessories,55,Maryland,M,Peach,4.6,Yes,Express,Yes,13,Cash
Bi-Weekly,Spring,408,45,Male,Hoodie,Clothing,76,North Carolin,XL,Teal,3.1,Yes,Next Day Air,Yes,5,Credit Card
Bi-Weekly,Spring,409,34,Male,Sneakers,Footwear,66,Alabama,L,White,3.4,Yes,Express,Yes,36,Cash
Monthly,Winter,410,35,Male,Shorts,Clothing,51,Minnesota,M,Brown,3.3,Yes,2-Day Shipping,Yes,32,Bank Transfer
Quarterly,Spring,411,29,Male,Sweater,Clothing,26,Virginia,L,Lavende,4.8,Yes,2-Day Shipping,Yes,1,Credit Card
Annually,Summer,412,59,Male,Jeans,Clothing,29,Michigan,M,Indigo,2.8,Yes,Express,Yes,15,PayPal
Weekly,Summer,413,24,Male,Jacket,Outerwear,74,Maine,M,Yellow,3.1,Yes,Store Pickup,Yes,3,Bank Transfer
Monthly,Summer,414,70,Male,Jewelry,Accessories,99,Nevada,S,White,4.6,Yes,Free Shipping,Yes,48,Cash
Weekly,Winter,415,29,Male,Backpack,Accessories,88,Wyoming,L,Violet,2.6,Yes,Store Pickup,Yes,30,Debit Card
Monthly,Winter,416,67,Male,Coat,Outerwear,31,Connecticut,M,Lavende,2.6,Yes,Express,Yes,40,Bank Transfer
Bi-Weekly,Spring,417,36,Male,Belt,Accessories,55,Oregon,L,Olive,3.8,Yes,Free Shipping,Yes,24,Bank Transfer
Quarterly,Fall,418,23,Male,Sandals,Footwear,81,Mississippi,L,Beige,4.5,Yes,Free Shipping,Yes,48,Debit Card
Bi-Weekly,Spring,419,18,Male,Sweater,Clothing,73,Illinois,L,Purple,3,Yes,Standard,Yes,27,Venmo
Quarterly,Winter,420,53,Male,Shorts,Clothing,91,Utah,S,Teal,3.6681951,Yes,Free Shipping,Yes,14,Credit Card
Bi-Weekly,Spring,421,32,Male,Socks,Clothing,54,North Carolin,S,Peach,3.8,Yes,Free Shipping,Yes,18,Debit Card
Bi-Weekly,Winter,422,38,Male,Shirt,Clothing,40,Kentucky,M,Violet,3.5,Yes,Standard,Yes,48,Cash
Annually,Fall,423,47,Male,Pants,Clothing,59,Minnesota,M,Purple,3.1,Yes,Store Pickup,Yes,32,Debit Card
Bi-Weekly,Spring,424,46,Male,Scarf,Accessories,26,New York,L,Teal,3,Yes,Store Pickup,Yes,21,Credit Card
Bi-Weekly,Winter,425,66,Male,Sweater,Clothing,23,Illinois,M,Gold,4.3,Yes,Standard,Yes,42,PayPal
Quarterly,Winter,426,40,Male,Jeans,Clothing,87,North Dakota,S,Teal,3.3,Yes,Store Pickup,Yes,4,Credit Card
Quarterly,Winter,427,43,Male,Pants,Clothing,71,Louisiana,M,Violet,4.7,Yes,Express,Yes,19,Credit Card
Quarterly,Winter,428,58,Male,Backpack,Accessories,91,Illinois,L,Black,4.5,Yes,Store Pickup,Yes,6,Credit Card
Bi-Weekly,Winter,429,21,Male,Coat,Outerwear,64,Wyoming,XL,Gold,2.9,Yes,Free Shipping,Yes,2,Debit Card
Bi-Weekly,Winter,430,42,Male,Sandals,Footwear,94,Washington,M,Gold,4.1,Yes,2-Day Shipping,Yes,21,Cash
Annually,Summer,431,24,Male,Shirt,Clothing,40,Texas,M,Brown,3.5,Yes,Store Pickup,Yes,40,Debit Card
Bi-Weekly,Winter,432,43,Male,Hat,Accessories,76,New Hampshire,L,Cyan,3.4,Yes,Store Pickup,Yes,33,Cash
Weekly,Fall,433,47,Male,Shirt,Clothing,86,Indiana,S,Indigo,3.3,Yes,Free Shipping,Yes,26,Venmo
Bi-Weekly,Fall,434,49,Male,Skirt,Clothing,92,Alabama,M,Orange,3.2,Yes,Store Pickup,Yes,23,Credit Card
Quarterly,Spring,435,50,Male,Shoes,Footwear,52,Oklahoma,L,Pink,4,Yes,Store Pickup,Yes,39,PayPal
Monthly,Winter,436,51,Male,Coat,Outerwear,28,Montana,XL,Olive,3.6,Yes,Next Day Air,Yes,42,Bank Transfer
Weekly,Summer,437,40,Male,Pants,Clothing,46,Tennessee,L,Cyan,4.6,Yes,Free Shipping,Yes,41,Bank Transfer
Annually,Summer,438,45,Male,Jewelry,Accessories,50,New Mexico,M,Peach,2.6,Yes,Next Day Air,Yes,41,PayPal
Bi-Weekly,Winter,439,52,Male,Belt,Accessories,23,Iowa,M,Turquoi,4.3,Yes,Express,Yes,12,Credit Card
Monthly,Summer,440,62,Male,Jacket,Outerwear,50,Idaho,M,Turquoi,3.4,Yes,Free Shipping,Yes,31,Cash
Bi-Weekly,Winter,441,20,Male,Shirt,Clothing,89,Oklahoma,XL,Maroon,3.5,Yes,Store Pickup,Yes,34,Debit Card
Annually,Winter,442,43,Male,Hoodie,Clothing,81,Florida,M,Maroon,4.2,Yes,Standard,Yes,32,Credit Card
Quarterly,Fall,443,29,Male,Sunglasses,Accessories,69,Michigan,M,Olive,3.6681951,Yes,Store Pickup,Yes,31,Credit Card
Annually,Summer,444,22,Male,Sunglasses,Accessories,67,Hawaii,M,Magenta,3.6,Yes,Free Shipping,Yes,24,PayPal
Annually,Summer,445,48,Male,Dress,Clothing,20,California,M,Red,4.3,Yes,Store Pickup,Yes,31,Debit Card
Annually,Fall,446,42,Male,Boots,Footwear,29,Iowa,M,Olive,4.9,Yes,Standard,Yes,18,Venmo
Monthly,Summer,447,19,Male,Shirt,Clothing,74,West Virginia,M,Silver,4.1,Yes,Store Pickup,Yes,15,Venmo
Quarterly,Spring,448,60,Male,Shorts,Clothing,82,Washington,S,Turquoi,3.6,Yes,Standard,Yes,7,Bank Transfer
Bi-Weekly,Summer,449,32,Male,Gloves,Accessories,23,Missouri,M,Yellow,3.4,Yes,Next Day Air,Yes,35,Bank Transfer
Monthly,Summer,450,26,Male,Jewelry,Accessories,45,New York,L,Peach,2.9,Yes,2-Day Shipping,Yes,35,Bank Transfer
Monthly,Summer,451,25,Male,Boots,Footwear,21,Connecticut,L,Beige,2.7,Yes,Store Pickup,Yes,19,Credit Card
Bi-Weekly,Summer,452,66,Male,Jewelry,Accessories,31,Virginia,M,Pink,4.3,Yes,Express,Yes,26,Credit Card
Bi-Weekly,Summer,453,45,Male,Pants,Clothing,45,Missouri,M,Violet,3.6681951,Yes,Express,Yes,39,PayPal
Weekly,Winter,454,54,Male,Jewelry,Accessories,56,Nebraska,XL,Peach,2.8,Yes,Next Day Air,Yes,22,Credit Card
Bi-Weekly,Summer,455,37,Male,Jacket,Outerwear,97,New Jersey,S,Gold,3.2,Yes,Next Day Air,Yes,14,Cash
Bi-Weekly,Fall,456,54,Male,Blouse,Clothing,100,Utah,XL,Gold,3.6,Yes,Store Pickup,Yes,50,Debit Card
Quarterly,Fall,457,50,Male,Blouse,Clothing,96,North Carolin,S,Indigo,4,Yes,2-Day Shipping,Yes,33,Credit Card
Quarterly,Spring,458,25,Male,Gloves,Accessories,99,Rhode Island,M,Blue,4.9,Yes,Next Day Air,Yes,48,Debit Card
Monthly,Winter,459,47,Male,Shorts,Clothing,91,Arkansas,L,Black,4,Yes,2-Day Shipping,Yes,48,PayPal
Bi-Weekly,Winter,460,63,Male,Hat,Accessories,30,Maryland,L,Black,3.8,Yes,Standard,Yes,27,PayPal
Weekly,Summer,461,64,Male,Shoes,Footwear,65,South Carolin,L,Teal,3.6681951,Yes,Store Pickup,Yes,27,Bank Transfer
Weekly,Winter,462,18,Male,Boots,Footwear,93,Ohio,M,Yellow,3.9,Yes,Express,Yes,20,Venmo
Quarterly,Fall,463,59,Male,Jacket,Outerwear,81,Illinois,M,White,3.3,Yes,Express,Yes,48,Venmo
Weekly,Summer,464,37,Male,Jewelry,Accessories,81,Georgia,S,Orange,2.7,Yes,Standard,Yes,29,Venmo
Monthly,Winter,465,23,Male,Sunglasses,Accessories,52,Alabama,M,Silver,4.7,Yes,Next Day Air,Yes,45,PayPal
Quarterly,Summer,466,54,Male,Skirt,Clothing,88,Oklahoma,M,Pink,2.8,Yes,Next Day Air,Yes,25,Cash
Weekly,Winter,467,38,Male,Jeans,Clothing,24,Vermont,L,Turquoi,4.6,Yes,Free Shipping,Yes,25,PayPal
Quarterly,Spring,468,19,Male,Backpack,Accessories,51,Nebraska,S,Orange,4.5,Yes,2-Day Shipping,Yes,37,Debit Card
Quarterly,Fall,469,34,Male,Backpack,Accessories,38,Georgia,S,Peach,5,Yes,Free Shipping,Yes,16,Cash
Bi-Weekly,Fall,470,21,Male,Shorts,Clothing,46,Alabama,L,Pink,4.1,Yes,2-Day Shipping,Yes,30,Debit Card
Quarterly,Summer,471,50,Male,Dress,Clothing,63,Minnesota,L,Teal,4.6,Yes,Express,Yes,6,Cash
Quarterly,Winter,472,55,Male,Scarf,Accessories,72,Missouri,XL,White,4.9,Yes,2-Day Shipping,Yes,36,Bank Transfer
Quarterly,Winter,473,20,Male,Jeans,Clothing,39,Georgia,L,Gray,3.9,Yes,Free Shipping,Yes,3,Bank Transfer
Quarterly,Spring,474,34,Male,Coat,Outerwear,42,West Virginia,L,Olive,3.9,Yes,Store Pickup,Yes,29,PayPal
Quarterly,Summer,475,62,Male,Sweater,Clothing,76,Arkansas,XL,Maroon,2.6,Yes,2-Day Shipping,Yes,15,Cash
Annually,Summer,476,21,Male,Sneakers,Footwear,66,Ohio,L,Magenta,2.7,Yes,Free Shipping,Yes,18,Debit Card
Bi-Weekly,Spring,477,21,Male,Scarf,Accessories,90,Connecticut,M,Magenta,3.5,Yes,Free Shipping,Yes,2,Debit Card
Weekly,Summer,478,42,Male,Sweater,Clothing,56,North Dakota,M,Green,3.7,Yes,Free Shipping,Yes,49,Debit Card
Annually,Winter,479,35,Male,Jewelry,Accessories,43,Kansas,XL,Turquoi,3.2,Yes,Free Shipping,Yes,48,Venmo
Monthly,Winter,480,39,Male,Handbag,Accessories,84,Iowa,L,Yellow,3.3,Yes,Store Pickup,Yes,43,Venmo
Bi-Weekly,Summer,481,68,Male,Hoodie,Clothing,88,Vermont,M,Gray,4.8,Yes,Standard,Yes,30,Debit Card
Bi-Weekly,Fall,482,46,Male,Hat,Accessories,88,Wisconsin,L,Peach,3.2,Yes,2-Day Shipping,Yes,10,PayPal
Annually,Winter,483,41,Male,Belt,Accessories,42,Connecticut,M,Yellow,2.5,Yes,2-Day Shipping,Yes,11,Venmo
Weekly,Fall,484,23,Male,Hoodie,Clothing,73,Oklahoma,M,White,3.9,Yes,Store Pickup,Yes,12,Debit Card
Quarterly,Summer,485,68,Male,Hat,Accessories,73,Missouri,L,Lavende,4.7,Yes,Free Shipping,Yes,28,Bank Transfer
Bi-Weekly,Spring,486,48,Male,Shoes,Footwear,44,Tennessee,S,Blue,2.6,Yes,Next Day Air,Yes,36,Debit Card
Quarterly,Fall,487,38,Male,Sandals,Footwear,63,New Mexico,M,Charcoa,2.8,Yes,Store Pickup,Yes,37,Venmo
Quarterly,Winter,488,41,Male,Jacket,Outerwear,68,Iowa,L,Red,4.4,Yes,Store Pickup,Yes,22,Credit Card
Weekly,Spring,489,58,Male,Sweater,Clothing,29,Maine,L,Olive,4.6,Yes,Standard,Yes,32,Venmo
Annually,Summer,490,49,Male,Socks,Clothing,85,South Dakota,M,Green,3.2,Yes,Standard,Yes,40,PayPal
Monthly,Winter,491,57,Male,Sneakers,Footwear,42,Colorado,M,Silver,4.2,Yes,2-Day Shipping,Yes,47,Cash
Bi-Weekly,Summer,492,49,Male,Coat,Outerwear,69,Vermont,M,Silver,3.6681951,Yes,2-Day Shipping,Yes,24,Credit Card
Weekly,Fall,493,50,Male,Shirt,Clothing,62,Michigan,M,Black,3.9,Yes,Standard,Yes,11,Debit Card
Bi-Weekly,Summer,494,28,Male,Backpack,Accessories,48,Nevada,XL,Red,4.7,Yes,Store Pickup,Yes,19,Cash
Weekly,Winter,495,38,Male,Boots,Footwear,68,Indiana,M,Indigo,4.5,Yes,Express,Yes,42,Debit Card
Bi-Weekly,Fall,496,33,Male,Handbag,Accessories,36,Michigan,XL,Cyan,3.3,Yes,Free Shipping,Yes,6,Debit Card
Bi-Weekly,Fall,497,30,Male,Dress,Clothing,63,California,S,Maroon,3.3,Yes,Express,Yes,31,Venmo
Weekly,Winter,498,43,Male,Sneakers,Footwear,39,Oklahoma,S,Silver,4.6,Yes,Free Shipping,Yes,31,Cash
Monthly,Spring,499,43,Male,Boots,Footwear,78,Iowa,M,Lavende,3.6,Yes,Free Shipping,Yes,27,Bank Transfer
Monthly,Winter,500,36,Male,Shoes,Footwear,99,Rhode Island,L,Silver,4.8,Yes,Express,Yes,24,PayPal
Quarterly,Fall,501,36,Male,T-shirt,Clothing,31,Washington,L,Purple,4.8,Yes,Next Day Air,Yes,35,Venmo
Annually,Spring,502,64,Male,Boots,Footwear,45,Florida,M,Cyan,2.9,Yes,Next Day Air,Yes,21,Venmo
Bi-Weekly,Fall,503,59,Male,Pants,Clothing,30,South Carolin,S,Cyan,2.8,Yes,Express,Yes,8,PayPal
Quarterly,Summer,504,55,Male,Shoes,Footwear,24,West Virginia,M,Lavende,3.2,Yes,Next Day Air,Yes,26,Bank Transfer
Annually,Winter,505,42,Male,Shoes,Footwear,22,Missouri,M,Maroon,3.9,Yes,Free Shipping,Yes,26,PayPal
Bi-Weekly,Spring,506,61,Male,T-shirt,Clothing,63,Maine,L,Gray,4.3,Yes,Express,Yes,9,Cash
Annually,Fall,507,28,Male,Scarf,Accessories,40,Georgia,M,Olive,2.7,Yes,2-Day Shipping,Yes,48,Debit Card
Bi-Weekly,Spring,508,65,Male,Shorts,Clothing,20,Maine,M,Magenta,5,Yes,Store Pickup,Yes,33,Debit Card
Quarterly,Winter,509,27,Male,Jewelry,Accessories,20,Illinois,S,Yellow,3.7,Yes,Store Pickup,Yes,31,PayPal
Weekly,Summer,510,41,Male,T-shirt,Clothing,80,Delaware,L,Cyan,3.9,Yes,Free Shipping,Yes,17,Debit Card
Annually,Fall,511,21,Male,Shirt,Clothing,87,West Virginia,M,Teal,3.9,Yes,2-Day Shipping,Yes,22,Venmo
Annually,Fall,512,61,Male,Shirt,Clothing,46,Hawaii,L,Yellow,3.1,Yes,Free Shipping,Yes,8,PayPal
Monthly,Winter,513,19,Male,Gloves,Accessories,49,New York,L,Peach,3.6681951,Yes,Next Day Air,Yes,2,Bank Transfer
Annually,Fall,514,22,Male,Scarf,Accessories,65,New Mexico,M,Peach,3.6,Yes,Store Pickup,Yes,45,Venmo
Quarterly,Winter,515,64,Male,Skirt,Clothing,62,Indiana,S,Olive,4.3,Yes,Standard,Yes,47,PayPal
Monthly,Spring,516,28,Male,Hat,Accessories,67,Kentucky,L,Charcoa,4.5,Yes,Next Day Air,Yes,7,Cash
Bi-Weekly,Fall,517,34,Male,Hoodie,Clothing,41,West Virginia,L,Indigo,2.8,Yes,2-Day Shipping,Yes,19,Debit Card
Quarterly,Fall,518,61,Male,Boots,Footwear,49,North Dakota,L,Silver,2.7,Yes,Free Shipping,Yes,44,Cash
Quarterly,Fall,519,24,Male,Blouse,Clothing,100,Oregon,M,Beige,2.9,Yes,Next Day Air,Yes,16,Venmo
Quarterly,Summer,520,19,Male,Belt,Accessories,54,Minnesota,L,Blue,4.4,Yes,2-Day Shipping,Yes,17,Bank Transfer
Quarterly,Spring,521,51,Male,Sunglasses,Accessories,84,South Carolin,M,White,3.9,Yes,Free Shipping,Yes,20,Debit Card
Annually,Winter,522,36,Male,Shorts,Clothing,41,Vermont,L,Gold,3.5,Yes,Standard,Yes,50,Bank Transfer
Quarterly,Spring,523,65,Male,Gloves,Accessories,88,Minnesota,M,Blue,2.5,Yes,Store Pickup,Yes,37,Cash
Quarterly,Spring,524,46,Male,Sandals,Footwear,40,Delaware,M,Orange,4.9,Yes,Express,Yes,5,PayPal
Annually,Summer,525,59,Male,Shirt,Clothing,39,Pennsylvania,M,Gold,4.8,Yes,Free Shipping,Yes,44,PayPal
Monthly,Spring,526,51,Male,Coat,Outerwear,37,Iowa,M,Cyan,3.2,Yes,Next Day Air,Yes,41,Debit Card
Monthly,Winter,527,51,Male,Pants,Clothing,52,New Jersey,S,Red,4.9,Yes,Standard,Yes,19,Cash
Quarterly,Winter,528,21,Male,T-shirt,Clothing,23,South Carolin,L,Yellow,4.3,Yes,Next Day Air,Yes,47,Bank Transfer
Annually,Winter,529,34,Male,Sneakers,Footwear,88,Maryland,S,Beige,3.2,Yes,Express,Yes,40,Cash
Monthly,Fall,530,32,Male,Shorts,Clothing,84,California,M,Orange,3.7,Yes,Standard,Yes,6,Credit Card
Bi-Weekly,Winter,531,48,Male,Coat,Outerwear,37,Montana,XL,Magenta,3.2,Yes,Store Pickup,Yes,25,Credit Card
Weekly,Fall,532,50,Male,Sandals,Footwear,51,Vermont,L,Purple,3.4,Yes,Next Day Air,Yes,42,Cash
Quarterly,Winter,533,26,Male,Pants,Clothing,76,Texas,L,Black,4.1,Yes,Express,Yes,35,Bank Transfer
Weekly,Spring,534,57,Male,Sandals,Footwear,60,North Carolin,L,Pink,4.5,Yes,Next Day Air,Yes,17,Debit Card
Quarterly,Fall,535,65,Male,Gloves,Accessories,72,Florida,L,Pink,4.5,Yes,Next Day Air,Yes,4,PayPal
Weekly,Spring,536,56,Male,T-shirt,Clothing,45,West Virginia,L,Maroon,3.2,Yes,Free Shipping,Yes,24,Bank Transfer
Quarterly,Fall,537,44,Male,Jacket,Outerwear,84,Illinois,S,Maroon,4.4,Yes,Store Pickup,Yes,16,Debit Card
Annually,Summer,538,50,Male,Blouse,Clothing,49,Virginia,S,Turquoi,3,Yes,Store Pickup,Yes,14,Debit Card
Weekly,Spring,539,27,Male,Socks,Clothing,22,Virginia,XL,Green,3.2,Yes,Free Shipping,Yes,43,Cash
Weekly,Winter,540,49,Male,Coat,Outerwear,48,Wyoming,M,Violet,4,Yes,Store Pickup,Yes,49,Debit Card
Quarterly,Spring,541,49,Male,Dress,Clothing,37,South Carolin,M,Lavende,3.1,Yes,Next Day Air,Yes,33,Cash
Bi-Weekly,Fall,542,52,Male,Jacket,Outerwear,27,Connecticut,L,Gray,2.8,Yes,Next Day Air,Yes,45,Cash
Bi-Weekly,Spring,543,27,Male,Boots,Footwear,79,Illinois,XL,Teal,4.6,Yes,Next Day Air,Yes,35,Cash
Monthly,Spring,544,53,Male,Skirt,Clothing,98,Alabama,S,Red,4.3,Yes,Express,Yes,11,Credit Card
Quarterly,Summer,545,34,Male,Sandals,Footwear,64,Washington,S,Yellow,3.3,Yes,Standard,Yes,30,Bank Transfer
Annually,Summer,546,33,Male,Coat,Outerwear,32,Alabama,L,Magenta,3.5,Yes,2-Day Shipping,Yes,48,Debit Card
Bi-Weekly,Winter,547,62,Male,Hoodie,Clothing,74,New Mexico,M,Brown,3.4,Yes,Free Shipping,Yes,45,Venmo
Weekly,Winter,548,38,Male,Jacket,Outerwear,50,Nevada,M,Blue,2.8,Yes,Free Shipping,Yes,26,Venmo
Quarterly,Winter,549,36,Male,Backpack,Accessories,64,Nebraska,M,Black,4.6,Yes,Store Pickup,Yes,41,Debit Card
Bi-Weekly,Fall,550,31,Male,Backpack,Accessories,29,Arizona,S,Olive,3.6,Yes,Express,Yes,37,Venmo
Weekly,Summer,551,62,Male,Belt,Accessories,62,Georgia,M,Olive,3.3,Yes,Store Pickup,Yes,12,PayPal
Bi-Weekly,Fall,552,29,Male,Coat,Outerwear,78,Idaho,XL,Green,3.1,Yes,2-Day Shipping,Yes,27,Cash
Weekly,Fall,553,24,Male,T-shirt,Clothing,94,Missouri,M,Peach,3.5,Yes,Express,Yes,18,Bank Transfer
Quarterly,Winter,554,63,Male,Sunglasses,Accessories,59,Florida,M,White,3.2,Yes,Express,Yes,15,Credit Card
Weekly,Summer,555,56,Male,Sneakers,Footwear,47,Minnesota,M,Red,3,Yes,Express,Yes,34,Bank Transfer
Annually,Fall,556,63,Male,Gloves,Accessories,57,Maine,M,White,4.8,Yes,Express,Yes,37,Venmo
Bi-Weekly,Winter,557,40,Male,Coat,Outerwear,90,Montana,L,Indigo,5,Yes,Store Pickup,Yes,21,Cash
Weekly,Spring,558,18,Male,Shirt,Clothing,60,Alaska,M,White,2.9,Yes,Free Shipping,Yes,31,Debit Card
Quarterly,Fall,559,50,Male,Sneakers,Footwear,77,Iowa,L,Teal,3.2,Yes,Express,Yes,43,Debit Card
Monthly,Fall,560,66,Male,Scarf,Accessories,41,Arizona,M,Indigo,2.9,Yes,Store Pickup,Yes,22,Bank Transfer
Annually,Fall,561,25,Male,Jewelry,Accessories,48,Louisiana,L,Red,3.6681951,Yes,Free Shipping,Yes,12,Debit Card
Bi-Weekly,Fall,562,65,Male,Jacket,Outerwear,65,Alabama,M,Blue,2.6,Yes,Next Day Air,Yes,25,PayPal
Annually,Summer,563,53,Male,Jeans,Clothing,62,Missouri,M,Blue,3.5,Yes,Standard,Yes,40,Debit Card
Quarterly,Fall,564,61,Male,Shoes,Footwear,99,Idaho,M,Black,4.4,Yes,Standard,Yes,16,Debit Card
Weekly,Winter,565,67,Male,Hoodie,Clothing,58,Florida,M,Olive,3.4,Yes,Next Day Air,Yes,30,Bank Transfer
Weekly,Fall,566,59,Male,Backpack,Accessories,43,Idaho,L,Lavende,4.2,Yes,Store Pickup,Yes,10,Venmo
Bi-Weekly,Spring,567,55,Male,Sneakers,Footwear,93,Alabama,M,Indigo,3.6,Yes,Store Pickup,Yes,1,Debit Card
Bi-Weekly,Winter,568,21,Male,Blouse,Clothing,50,New Hampshire,S,Red,3,Yes,Next Day Air,Yes,24,Venmo
Monthly,Summer,569,44,Male,Pants,Clothing,88,Utah,L,Red,4,Yes,Free Shipping,Yes,36,PayPal
Quarterly,Fall,570,65,Male,Skirt,Clothing,33,Alabama,M,Pink,4.4,Yes,Express,Yes,46,Credit Card
Annually,Fall,571,65,Male,T-shirt,Clothing,99,Iowa,XL,Purple,4.1,Yes,Standard,Yes,20,Cash
Weekly,Spring,572,54,Male,Jacket,Outerwear,76,Kentucky,XL,Cyan,3.6,Yes,Free Shipping,Yes,37,Venmo
Annually,Summer,573,56,Male,Scarf,Accessories,97,South Carolin,XL,Cyan,4.6,Yes,Next Day Air,Yes,26,Bank Transfer
Bi-Weekly,Summer,574,58,Male,Pants,Clothing,68,California,M,Charcoa,3.2,Yes,2-Day Shipping,Yes,23,Credit Card
Bi-Weekly,Fall,575,54,Male,Sneakers,Footwear,79,Maine,L,Red,4.8,Yes,Free Shipping,Yes,20,Bank Transfer
Monthly,Fall,576,58,Male,Jeans,Clothing,86,Nebraska,M,Peach,4.8,Yes,Express,Yes,38,PayPal
Quarterly,Winter,577,48,Male,Hat,Accessories,68,Washington,M,Black,5,Yes,2-Day Shipping,Yes,5,Credit Card
Annually,Fall,578,19,Male,Skirt,Clothing,52,Alabama,M,Black,3.7,Yes,Store Pickup,Yes,41,Venmo
Bi-Weekly,Fall,579,69,Male,Sandals,Footwear,90,Maine,M,Purple,4.6,Yes,Next Day Air,Yes,22,Credit Card
Annually,Winter,580,58,Male,Sandals,Footwear,41,California,M,Violet,3.7,Yes,Free Shipping,Yes,48,Credit Card
Weekly,Spring,581,49,Male,Sweater,Clothing,80,Iowa,M,Orange,4.1,Yes,Free Shipping,Yes,10,PayPal
Quarterly,Winter,582,32,Male,Sweater,Clothing,100,Iowa,XL,Charcoa,2.7,Yes,Store Pickup,Yes,12,Bank Transfer
Quarterly,Spring,583,40,Male,Jacket,Outerwear,77,Colorado,L,Turquoi,4.9,Yes,Store Pickup,Yes,2,Bank Transfer
Monthly,Spring,584,25,Male,Shorts,Clothing,78,California,L,Yellow,4,Yes,Store Pickup,Yes,38,PayPal
Monthly,Spring,585,70,Male,Socks,Clothing,94,Indiana,M,White,4.7,Yes,Free Shipping,Yes,20,Debit Card
Quarterly,Fall,586,69,Male,Socks,Clothing,23,South Carolin,M,Gray,2.8,Yes,Next Day Air,Yes,5,Cash
Annually,Winter,587,45,Male,Hoodie,Clothing,20,Wisconsin,S,Blue,4.9,Yes,2-Day Shipping,Yes,9,Venmo
Quarterly,Fall,588,29,Male,Socks,Clothing,86,Washington,S,Maroon,4.2,Yes,Express,Yes,48,Debit Card
Quarterly,Fall,589,47,Male,Boots,Footwear,60,South Dakota,M,Violet,3,Yes,Standard,Yes,9,Debit Card
Annually,Fall,590,28,Male,Shirt,Clothing,70,Minnesota,M,Orange,3.4,Yes,2-Day Shipping,Yes,40,PayPal
Bi-Weekly,Fall,591,64,Male,Belt,Accessories,39,Alaska,S,Turquoi,4.6,Yes,Standard,Yes,30,Venmo
Bi-Weekly,Fall,592,47,Male,Backpack,Accessories,37,Kentucky,L,Olive,4.2,Yes,Store Pickup,Yes,6,Debit Card
Quarterly,Fall,593,60,Male,Boots,Footwear,29,North Dakota,M,Brown,3.2,Yes,Free Shipping,Yes,42,Venmo
Quarterly,Winter,594,67,Male,Coat,Outerwear,35,Alaska,S,Green,4.4,Yes,Store Pickup,Yes,9,PayPal
Monthly,Winter,595,35,Male,Hoodie,Clothing,83,Oklahoma,S,Brown,2.5,Yes,Next Day Air,Yes,6,Debit Card
Quarterly,Summer,596,30,Male,Shoes,Footwear,77,Delaware,M,Silver,3.6,Yes,Next Day Air,Yes,47,PayPal
Annually,Summer,597,23,Male,Shoes,Footwear,37,Montana,XL,White,4.5,Yes,Store Pickup,Yes,36,Venmo
Bi-Weekly,Summer,598,70,Male,Jewelry,Accessories,69,Alaska,L,Gold,3.4,Yes,Standard,Yes,19,Bank Transfer
Quarterly,Winter,599,21,Male,Dress,Clothing,66,California,L,Green,3.2,Yes,2-Day Shipping,Yes,30,Cash
Quarterly,Spring,600,51,Male,Boots,Footwear,26,Massachusetts,L,Teal,4.2,Yes,Standard,Yes,27,Debit Card
Monthly,Spring,601,22,Male,Hat,Accessories,63,South Carolin,M,Charcoa,5,Yes,2-Day Shipping,Yes,25,Venmo
Bi-Weekly,Summer,602,32,Male,Backpack,Accessories,38,West Virginia,M,Maroon,4.7,Yes,Store Pickup,Yes,5,Cash
Quarterly,Summer,603,37,Male,Shoes,Footwear,58,Oregon,L,Lavende,4.2,Yes,Next Day Air,Yes,10,Cash
Quarterly,Winter,604,31,Male,Handbag,Accessories,46,Massachusetts,L,Green,3.4,Yes,2-Day Shipping,Yes,26,PayPal
Quarterly,Fall,605,44,Male,Sunglasses,Accessories,92,West Virginia,S,Pink,4.4,Yes,Store Pickup,Yes,11,Credit Card
Weekly,Winter,606,40,Male,Hat,Accessories,32,California,XL,Charcoa,4.2,Yes,Standard,Yes,17,Bank Transfer
Monthly,Spring,607,27,Male,Scarf,Accessories,90,Colorado,M,Blue,4.5,Yes,Standard,Yes,44,PayPal
Monthly,Fall,608,47,Male,Hoodie,Clothing,23,Indiana,L,Purple,2.8,Yes,Next Day Air,Yes,44,Cash
Quarterly,Fall,609,41,Male,Backpack,Accessories,25,Delaware,S,Gold,3.3,Yes,Next Day Air,Yes,21,Venmo
Bi-Weekly,Fall,610,51,Male,Sweater,Clothing,54,Ohio,L,Purple,4.6,Yes,Next Day Air,Yes,49,Credit Card
Quarterly,Summer,611,53,Male,Shorts,Clothing,72,Oklahoma,M,Charcoa,2.5,Yes,Free Shipping,Yes,27,Bank Transfer
Monthly,Winter,612,43,Male,Scarf,Accessories,33,California,M,Black,4.7,Yes,Store Pickup,Yes,19,Cash
Quarterly,Fall,613,67,Male,Hat,Accessories,43,New Hampshire,L,Lavende,4.6,Yes,Express,Yes,33,Credit Card
Bi-Weekly,Fall,614,61,Male,Coat,Outerwear,51,Pennsylvania,L,Lavende,2.6,Yes,Standard,Yes,46,Cash
Bi-Weekly,Winter,615,68,Male,Jewelry,Accessories,85,Idaho,M,Lavende,4,Yes,Standard,Yes,21,Credit Card
Annually,Summer,616,67,Male,Sandals,Footwear,100,Maryland,L,Olive,2.6,Yes,Next Day Air,Yes,23,Venmo
Quarterly,Spring,617,29,Male,Gloves,Accessories,72,Pennsylvania,L,Teal,4.6,Yes,Free Shipping,Yes,38,Credit Card
Quarterly,Fall,618,50,Male,Backpack,Accessories,57,Colorado,M,Maroon,2.6,Yes,Standard,Yes,2,Bank Transfer
Bi-Weekly,Spring,619,61,Male,Jacket,Outerwear,94,Indiana,L,Cyan,4,Yes,Express,Yes,21,Debit Card
Quarterly,Summer,620,19,Male,Backpack,Accessories,34,Nebraska,M,Charcoa,4.6,Yes,Store Pickup,Yes,1,Debit Card
Quarterly,Fall,621,33,Male,Backpack,Accessories,89,Rhode Island,M,Black,3.7,Yes,2-Day Shipping,Yes,10,Venmo
Weekly,Fall,622,51,Male,Sunglasses,Accessories,27,Kansas,S,Red,4.4,Yes,Store Pickup,Yes,45,Credit Card
Bi-Weekly,Spring,623,69,Male,Socks,Clothing,63,Georgia,S,Peach,4,Yes,Next Day Air,Yes,44,Bank Transfer
Bi-Weekly,Fall,624,19,Male,Shoes,Footwear,70,Nevada,M,White,4.7,Yes,Standard,Yes,48,PayPal
Annually,Fall,625,55,Male,Pants,Clothing,87,South Carolin,XL,Pink,3.4,Yes,Express,Yes,21,PayPal
Weekly,Fall,626,49,Male,Jewelry,Accessories,79,Delaware,M,Red,4,Yes,Next Day Air,Yes,1,Venmo
Annually,Spring,627,31,Male,Sunglasses,Accessories,79,New Hampshire,M,Indigo,3.9,Yes,Standard,Yes,10,Venmo
Monthly,Winter,628,42,Male,Sandals,Footwear,44,Oregon,L,Black,4.1,Yes,Express,Yes,24,PayPal
Monthly,Fall,629,69,Male,Sweater,Clothing,85,Massachusetts,M,White,3.6681951,Yes,2-Day Shipping,Yes,29,Credit Card
Annually,Spring,630,26,Male,Shoes,Footwear,90,Vermont,L,Beige,4.7,Yes,Standard,Yes,11,Debit Card
Annually,Fall,631,41,Male,Jewelry,Accessories,94,Mississippi,S,Silver,4.3,Yes,2-Day Shipping,Yes,33,Debit Card
Bi-Weekly,Summer,632,55,Male,Boots,Footwear,68,Washington,S,Violet,4.1,Yes,Store Pickup,Yes,27,Cash
Bi-Weekly,Winter,633,35,Male,Backpack,Accessories,51,Wyoming,M,Red,3.9,Yes,Next Day Air,Yes,19,Venmo
Quarterly,Spring,634,66,Male,Sandals,Footwear,33,Minnesota,M,Orange,2.9,Yes,Express,Yes,50,Debit Card
Weekly,Summer,635,36,Male,Sneakers,Footwear,60,Ohio,M,Teal,3.9,Yes,Standard,Yes,46,PayPal
Quarterly,Fall,636,27,Male,Hoodie,Clothing,59,South Carolin,M,Brown,4.3,Yes,2-Day Shipping,Yes,28,Cash
Quarterly,Summer,637,41,Male,Handbag,Accessories,30,Wisconsin,M,Indigo,2.8,Yes,Store Pickup,Yes,14,Bank Transfer
Bi-Weekly,Winter,638,21,Male,Sweater,Clothing,20,Tennessee,M,Cyan,3.4,Yes,2-Day Shipping,Yes,46,Cash
Monthly,Summer,639,53,Male,Sandals,Footwear,20,Maryland,S,Blue,2.7,Yes,Express,Yes,41,PayPal
Annually,Spring,640,54,Male,Dress,Clothing,24,Mississippi,L,Olive,4,Yes,2-Day Shipping,Yes,50,Credit Card
Bi-Weekly,Summer,641,53,Male,Skirt,Clothing,88,Minnesota,M,Gray,4.4,Yes,Store Pickup,Yes,28,Debit Card
Quarterly,Winter,642,47,Male,Blouse,Clothing,78,Alaska,M,Red,3.9,Yes,2-Day Shipping,Yes,23,Credit Card
Bi-Weekly,Spring,643,64,Male,Skirt,Clothing,25,Arkansas,L,Red,2.8,Yes,2-Day Shipping,Yes,14,Debit Card
Quarterly,Winter,644,18,Male,Sweater,Clothing,57,Oregon,XL,Green,3.2,Yes,Next Day Air,Yes,10,Bank Transfer
Weekly,Summer,645,68,Male,Backpack,Accessories,93,Louisiana,S,Blue,4.3,Yes,Next Day Air,Yes,37,Cash
Bi-Weekly,Summer,646,62,Male,Hoodie,Clothing,42,Oklahoma,S,Purple,4.2,Yes,Express,Yes,15,Venmo
Bi-Weekly,Spring,647,51,Male,Boots,Footwear,54,Indiana,XL,Pink,4.9,Yes,Standard,Yes,19,Venmo
Bi-Weekly,Summer,648,54,Male,Blouse,Clothing,70,Mississippi,XL,Charcoa,3.7,Yes,Express,Yes,23,Credit Card
Weekly,Winter,649,22,Male,Hoodie,Clothing,31,Michigan,M,Brown,4.1,Yes,Store Pickup,Yes,35,Credit Card
Quarterly,Spring,650,53,Male,Pants,Clothing,93,Delaware,L,Orange,4.2,Yes,Store Pickup,Yes,33,PayPal
Annually,Spring,651,34,Male,Gloves,Accessories,40,Florida,M,Magenta,3.9,Yes,Next Day Air,Yes,12,Bank Transfer
Bi-Weekly,Summer,652,32,Male,Hat,Accessories,32,Arkansas,L,Yellow,2.9,Yes,Next Day Air,Yes,41,Venmo
Weekly,Winter,653,64,Male,Sunglasses,Accessories,27,Minnesota,M,Beige,3.1,Yes,Free Shipping,Yes,27,Venmo
Bi-Weekly,Winter,654,20,Male,Scarf,Accessories,68,North Dakota,M,Olive,3.6,Yes,2-Day Shipping,Yes,45,Cash
Annually,Summer,655,24,Male,Handbag,Accessories,59,California,L,Gray,4.4,Yes,2-Day Shipping,Yes,23,Venmo
Monthly,Fall,656,20,Male,Handbag,Accessories,36,Mississippi,S,Purple,3.1,Yes,Free Shipping,Yes,19,Venmo
Quarterly,Summer,657,42,Male,Jeans,Clothing,23,Pennsylvania,M,Beige,3.9,Yes,Standard,Yes,6,PayPal
Quarterly,Winter,658,48,Male,Jacket,Outerwear,80,Arizona,M,White,4.3,Yes,Free Shipping,Yes,6,PayPal
Weekly,Fall,659,62,Male,Backpack,Accessories,37,Louisiana,S,White,4.9,Yes,Store Pickup,Yes,20,Venmo
Weekly,Spring,660,62,Male,Shorts,Clothing,52,Virginia,S,Gold,3.6,Yes,2-Day Shipping,Yes,8,Cash
Quarterly,Fall,661,50,Male,Coat,Outerwear,79,Montana,M,Olive,5,Yes,2-Day Shipping,Yes,39,Credit Card
Quarterly,Fall,662,57,Male,Shirt,Clothing,68,Iowa,XL,Green,4.1,Yes,Store Pickup,Yes,39,Credit Card
Bi-Weekly,Fall,663,24,Male,Gloves,Accessories,98,Illinois,L,Magenta,2.8,Yes,Express,Yes,39,Venmo
Monthly,Fall,664,59,Male,Dress,Clothing,83,Alaska,M,Charcoa,4.7,Yes,Express,Yes,23,Credit Card
Bi-Weekly,Winter,665,63,Male,Pants,Clothing,83,Colorado,M,Indigo,4.4,Yes,Express,Yes,41,PayPal
Annually,Spring,666,41,Male,Pants,Clothing,55,New Mexico,M,Peach,4.9,Yes,2-Day Shipping,Yes,50,Credit Card
Quarterly,Winter,667,35,Male,Hoodie,Clothing,26,Colorado,L,Turquoi,3.1,Yes,Free Shipping,Yes,30,Debit Card
Quarterly,Winter,668,34,Male,Sunglasses,Accessories,76,Arizona,S,Blue,2.6,Yes,Standard,Yes,32,Bank Transfer
Monthly,Fall,669,49,Male,T-shirt,Clothing,85,Hawaii,S,Turquoi,2.9,Yes,Express,Yes,35,Bank Transfer
Bi-Weekly,Spring,670,43,Male,Jacket,Outerwear,89,Illinois,M,Gray,3.3,Yes,Free Shipping,Yes,45,Venmo
Bi-Weekly,Spring,671,63,Male,Sweater,Clothing,41,Louisiana,XL,Purple,4.8,Yes,Next Day Air,Yes,37,Cash
Weekly,Winter,672,38,Male,Jacket,Outerwear,30,Iowa,L,Black,4.7,Yes,Express,Yes,45,Cash
Quarterly,Winter,673,59,Male,Socks,Clothing,53,Washington,M,Peach,3.3,Yes,2-Day Shipping,Yes,29,Cash
Bi-Weekly,Spring,674,35,Male,Shirt,Clothing,66,Oklahoma,M,Indigo,4.2,Yes,Free Shipping,Yes,27,Venmo
Annually,Winter,675,48,Male,Jewelry,Accessories,33,Washington,XL,Beige,4.7,Yes,Store Pickup,Yes,36,Bank Transfer
Annually,Spring,676,64,Male,Sunglasses,Accessories,86,Arkansas,M,Yellow,2.6,Yes,2-Day Shipping,Yes,9,Cash
Bi-Weekly,Winter,677,28,Male,Pants,Clothing,60,Connecticut,M,Peach,2.9,Yes,2-Day Shipping,Yes,38,Venmo
Annually,Summer,678,60,Male,Socks,Clothing,62,Washington,S,Turquoi,2.7,Yes,Express,Yes,41,PayPal
Quarterly,Fall,679,27,Male,Blouse,Clothing,74,Maine,M,Teal,3.3,Yes,Store Pickup,Yes,25,Debit Card
Bi-Weekly,Fall,680,56,Male,Sandals,Footwear,95,Michigan,M,Turquoi,3.4,Yes,Express,Yes,37,Venmo
Annually,Spring,681,58,Male,Sneakers,Footwear,25,Tennessee,M,Magenta,4.2,Yes,Express,Yes,3,PayPal
Quarterly,Winter,682,30,Male,Shirt,Clothing,59,Louisiana,XL,Purple,3.8,Yes,2-Day Shipping,Yes,24,Credit Card
Bi-Weekly,Summer,683,23,Male,Jacket,Outerwear,29,Missouri,M,Brown,4,Yes,Standard,Yes,49,Credit Card
Monthly,Winter,684,33,Male,Sandals,Footwear,36,Michigan,S,Violet,2.7,Yes,Free Shipping,Yes,3,Bank Transfer
Monthly,Summer,685,63,Male,Hat,Accessories,82,Alabama,M,Yellow,4.7,Yes,Express,Yes,42,Debit Card
Bi-Weekly,Winter,686,70,Male,Blouse,Clothing,71,Massachusetts,XL,Magenta,3.5,Yes,Standard,Yes,32,Cash
Bi-Weekly,Fall,687,70,Male,Sweater,Clothing,35,Indiana,L,Beige,3,Yes,2-Day Shipping,Yes,33,Venmo
Quarterly,Winter,688,19,Male,Gloves,Accessories,38,West Virginia,XL,Turquoi,3.3,Yes,Free Shipping,Yes,46,Bank Transfer
Monthly,Summer,689,25,Male,Scarf,Accessories,59,Michigan,S,Peach,4.7,Yes,Store Pickup,Yes,44,Venmo
Quarterly,Summer,690,19,Male,Hoodie,Clothing,91,Pennsylvania,M,Orange,4.7,Yes,Express,Yes,35,Credit Card
Weekly,Spring,691,25,Male,Shorts,Clothing,68,Alaska,XL,Red,4.8,Yes,Standard,Yes,45,Bank Transfer
Bi-Weekly,Summer,692,60,Male,Backpack,Accessories,21,Massachusetts,L,Silver,2.9,Yes,Standard,Yes,37,PayPal
Quarterly,Spring,693,35,Male,Sunglasses,Accessories,95,North Dakota,M,Cyan,4,Yes,2-Day Shipping,Yes,40,Debit Card
Quarterly,Spring,694,46,Male,Shorts,Clothing,52,Vermont,L,Turquoi,3.1,Yes,Free Shipping,Yes,30,Cash
Quarterly,Fall,695,41,Male,Dress,Clothing,21,Kentucky,S,Charcoa,3.5,Yes,2-Day Shipping,Yes,38,Venmo
Quarterly,Summer,696,30,Male,Shorts,Clothing,67,Nevada,XL,Peach,3.7,Yes,Next Day Air,Yes,15,Debit Card
Monthly,Fall,697,44,Male,Belt,Accessories,42,Utah,L,Green,2.8,Yes,Standard,Yes,49,Cash
Quarterly,Summer,698,61,Male,Scarf,Accessories,63,North Dakota,XL,Brown,4.6,Yes,Free Shipping,Yes,40,Debit Card
Weekly,Winter,699,55,Male,Boots,Footwear,41,Iowa,M,Yellow,3.8,Yes,Standard,Yes,40,Debit Card
Weekly,Fall,700,50,Male,Handbag,Accessories,46,Connecticut,M,Charcoa,2.6,Yes,2-Day Shipping,Yes,5,PayPal
Monthly,Winter,701,57,Male,Pants,Clothing,79,Wisconsin,L,Olive,4.1,Yes,Standard,Yes,5,PayPal
Quarterly,Fall,702,51,Male,Boots,Footwear,90,Idaho,L,Red,3.3,Yes,Next Day Air,Yes,5,Debit Card
Weekly,Winter,703,18,Male,Shirt,Clothing,71,Montana,M,White,3.4,Yes,Store Pickup,Yes,1,Cash
Weekly,Summer,704,63,Male,Dress,Clothing,87,Connecticut,L,Pink,3,Yes,Standard,Yes,21,Venmo
Annually,Spring,705,34,Male,Hoodie,Clothing,66,Idaho,S,Black,3.2,Yes,Express,Yes,18,PayPal
Quarterly,Summer,706,25,Male,Pants,Clothing,90,Arkansas,XL,Indigo,4.5,Yes,Free Shipping,Yes,49,Cash
Weekly,Summer,707,46,Male,Jeans,Clothing,47,Iowa,L,Turquoi,4.8,Yes,Express,Yes,27,Debit Card
Annually,Spring,708,59,Male,Shirt,Clothing,38,Louisiana,L,Purple,3.7,Yes,Next Day Air,Yes,21,Venmo
Bi-Weekly,Summer,709,37,Male,Backpack,Accessories,50,Kentucky,L,Beige,3.4,Yes,Store Pickup,Yes,19,Cash
Monthly,Summer,710,49,Male,Jacket,Outerwear,79,Massachusetts,L,Charcoa,4.6,Yes,Standard,Yes,23,Debit Card
Bi-Weekly,Spring,711,22,Male,Scarf,Accessories,91,Virginia,L,Turquoi,4.1,Yes,Standard,Yes,26,PayPal
Bi-Weekly,Spring,712,64,Male,Boots,Footwear,60,New Hampshire,M,Maroon,3.5,Yes,2-Day Shipping,Yes,13,Bank Transfer
Quarterly,Summer,713,42,Male,Blouse,Clothing,81,New Hampshire,XL,Black,3.8,Yes,Next Day Air,Yes,36,Bank Transfer
Bi-Weekly,Summer,714,37,Male,Hoodie,Clothing,90,Oregon,M,Lavende,2.6,Yes,Express,Yes,39,Bank Transfer
Bi-Weekly,Fall,715,26,Male,Jacket,Outerwear,70,South Dakota,M,Magenta,4.4,Yes,Store Pickup,Yes,40,Debit Card
Quarterly,Spring,716,33,Male,Jeans,Clothing,63,Delaware,L,Green,2.6,Yes,Express,Yes,37,Debit Card
Bi-Weekly,Spring,717,30,Male,Jewelry,Accessories,29,Missouri,M,Olive,3.6,Yes,Express,Yes,9,Venmo
Quarterly,Spring,718,21,Male,Socks,Clothing,90,Alaska,L,Green,4.2,Yes,Express,Yes,7,Venmo
Annually,Summer,719,22,Male,Shirt,Clothing,22,Florida,M,Peach,4.6,Yes,Standard,Yes,25,Bank Transfer
Bi-Weekly,Summer,720,63,Male,Shorts,Clothing,22,Mississippi,L,Turquoi,3.3,Yes,Next Day Air,Yes,42,Venmo
Weekly,Fall,721,33,Male,Jewelry,Accessories,62,New Mexico,L,Orange,3.4,Yes,Free Shipping,Yes,19,Debit Card
Quarterly,Summer,722,43,Male,Blouse,Clothing,57,California,L,Silver,4.4,Yes,Next Day Air,Yes,41,Debit Card
Bi-Weekly,Summer,723,27,Male,Sweater,Clothing,32,Wyoming,S,Blue,4.3,Yes,Store Pickup,Yes,50,Cash
Monthly,Fall,724,35,Male,Jewelry,Accessories,53,Missouri,L,Cyan,3.5,Yes,Express,Yes,43,PayPal
Quarterly,Fall,725,37,Male,T-shirt,Clothing,79,New Hampshire,XL,Green,4.7,Yes,Store Pickup,Yes,36,Venmo
Bi-Weekly,Winter,726,61,Male,Hat,Accessories,61,Texas,L,Silver,3.1,Yes,Standard,Yes,33,Debit Card
Quarterly,Summer,727,32,Male,Shorts,Clothing,78,North Dakota,L,Yellow,3.6,Yes,Next Day Air,Yes,20,Bank Transfer
Quarterly,Winter,728,62,Male,Sweater,Clothing,97,Arkansas,S,Gray,4.8,Yes,Next Day Air,Yes,37,Venmo
Quarterly,Winter,729,29,Male,Jeans,Clothing,78,Nebraska,M,Pink,3.7,Yes,Next Day Air,Yes,12,PayPal
Quarterly,Summer,730,41,Male,Sunglasses,Accessories,56,Minnesota,L,Beige,3.2,Yes,Express,Yes,46,PayPal
Bi-Weekly,Summer,731,48,Male,Boots,Footwear,25,Massachusetts,M,Indigo,3.9,Yes,Standard,Yes,28,Venmo
Bi-Weekly,Spring,732,43,Male,Coat,Outerwear,28,Arkansas,M,Red,3.5,Yes,Free Shipping,Yes,30,PayPal
Bi-Weekly,Spring,733,34,Male,Shirt,Clothing,57,New Hampshire,L,Blue,2.8,Yes,Express,Yes,28,Cash
Bi-Weekly,Fall,734,45,Male,Dress,Clothing,36,Rhode Island,L,Cyan,2.7,Yes,2-Day Shipping,Yes,20,Debit Card
Quarterly,Winter,735,65,Male,Shirt,Clothing,69,New Jersey,S,Violet,3.1,Yes,Express,Yes,39,Bank Transfer
Bi-Weekly,Fall,736,61,Male,Sunglasses,Accessories,48,Montana,M,Orange,3.6,Yes,2-Day Shipping,Yes,48,Cash
Quarterly,Spring,737,18,Male,Dress,Clothing,58,Colorado,L,Maroon,2.9,Yes,2-Day Shipping,Yes,32,Credit Card
Annually,Spring,738,47,Male,Sunglasses,Accessories,24,Nebraska,M,Teal,3.6,Yes,Store Pickup,Yes,28,PayPal
Quarterly,Winter,739,56,Male,Sunglasses,Accessories,31,Minnesota,L,Orange,3.5,Yes,2-Day Shipping,Yes,27,Venmo
Bi-Weekly,Summer,740,64,Male,Shorts,Clothing,29,Minnesota,S,Purple,3.5,Yes,Free Shipping,Yes,26,Venmo
Bi-Weekly,Summer,741,26,Male,Jeans,Clothing,69,South Dakota,M,Orange,2.8,Yes,Next Day Air,Yes,22,Credit Card
Quarterly,Summer,742,22,Male,T-shirt,Clothing,79,West Virginia,XL,Yellow,4.7,Yes,Free Shipping,Yes,23,Bank Transfer
Quarterly,Summer,743,64,Male,Pants,Clothing,39,Nevada,M,Charcoa,3.1,Yes,Express,Yes,21,Debit Card
Weekly,Fall,744,21,Male,Sunglasses,Accessories,84,North Carolin,L,Gray,4.9,Yes,Free Shipping,Yes,36,Cash
Bi-Weekly,Spring,745,67,Male,Boots,Footwear,66,Illinois,S,Charcoa,4.1,Yes,Next Day Air,Yes,42,Debit Card
Monthly,Fall,746,46,Male,T-shirt,Clothing,92,Michigan,L,Orange,4.7,Yes,Standard,Yes,4,Venmo
Annually,Winter,747,40,Male,Sandals,Footwear,45,Michigan,M,Red,2.5,Yes,Free Shipping,Yes,47,Credit Card
Weekly,Spring,748,51,Male,Shorts,Clothing,74,Oklahoma,L,Gold,4.4,Yes,Next Day Air,Yes,13,Bank Transfer
Quarterly,Fall,749,35,Male,Hat,Accessories,39,South Dakota,L,Brown,3.9,Yes,Free Shipping,Yes,8,Bank Transfer
Quarterly,Winter,750,56,Male,Scarf,Accessories,71,Oklahoma,M,Olive,3.7,Yes,Standard,Yes,11,Debit Card
Annually,Fall,751,25,Male,T-shirt,Clothing,95,Maryland,L,Violet,3.4,Yes,Free Shipping,Yes,5,Venmo
Monthly,Fall,752,65,Male,Gloves,Accessories,72,Ohio,L,Indigo,4.8,Yes,Free Shipping,Yes,1,Credit Card
Quarterly,Fall,753,39,Male,Scarf,Accessories,85,Ohio,L,Yellow,4.2,Yes,2-Day Shipping,Yes,17,PayPal
Quarterly,Fall,754,47,Male,Boots,Footwear,54,Massachusetts,M,Teal,3.4,Yes,Store Pickup,Yes,27,Venmo
Quarterly,Spring,755,36,Male,Gloves,Accessories,41,North Carolin,L,Pink,2.9,Yes,Store Pickup,Yes,3,Debit Card
Weekly,Spring,756,66,Male,Coat,Outerwear,24,Florida,M,Violet,3.3,Yes,Free Shipping,Yes,22,PayPal
Bi-Weekly,Summer,757,62,Male,Belt,Accessories,99,Montana,S,Orange,4.8,Yes,Standard,Yes,24,Cash
Quarterly,Fall,758,41,Male,Hoodie,Clothing,32,Minnesota,M,Red,3.8,Yes,Store Pickup,Yes,18,Debit Card
Quarterly,Summer,759,66,Male,Shoes,Footwear,71,Massachusetts,L,Peach,4.6,Yes,2-Day Shipping,Yes,39,Bank Transfer
Bi-Weekly,Winter,760,51,Male,Dress,Clothing,49,Rhode Island,XL,Green,2.6,Yes,Next Day Air,Yes,25,Credit Card
Annually,Fall,761,33,Male,Gloves,Accessories,50,Minnesota,XL,Violet,3.4,Yes,Free Shipping,Yes,6,Cash
Weekly,Fall,762,57,Male,Jewelry,Accessories,91,Nevada,L,Yellow,4.2,Yes,Express,Yes,26,Bank Transfer
Bi-Weekly,Fall,763,45,Male,Belt,Accessories,46,New Mexico,M,Pink,3.9,Yes,Standard,Yes,43,Debit Card
Monthly,Spring,764,61,Male,Sweater,Clothing,50,North Carolin,M,Brown,2.9,Yes,2-Day Shipping,Yes,6,Credit Card
Quarterly,Fall,765,55,Male,Skirt,Clothing,39,Virginia,XL,Silver,4.2,Yes,Free Shipping,Yes,6,Debit Card
Quarterly,Summer,766,54,Male,Sneakers,Footwear,99,Alaska,M,Pink,3,Yes,Store Pickup,Yes,13,Cash
Monthly,Winter,767,57,Male,Gloves,Accessories,48,Nevada,M,Cyan,3.6,Yes,Next Day Air,Yes,13,PayPal
Annually,Fall,768,27,Male,Coat,Outerwear,77,Pennsylvania,M,Brown,2.5,Yes,Next Day Air,Yes,11,Cash
Weekly,Spring,769,64,Male,Backpack,Accessories,95,Illinois,XL,Red,2.6,Yes,Express,Yes,45,Venmo
Monthly,Spring,770,52,Male,Socks,Clothing,100,Delaware,M,Silver,4.3,Yes,Store Pickup,Yes,8,PayPal
Annually,Spring,771,19,Male,Sneakers,Footwear,54,Vermont,M,Gray,3.3,Yes,Express,Yes,8,Credit Card
Bi-Weekly,Fall,772,22,Male,Sweater,Clothing,68,Hawaii,L,Cyan,2.6,Yes,Next Day Air,Yes,34,Bank Transfer
Bi-Weekly,Fall,773,18,Male,Jeans,Clothing,22,Illinois,L,Teal,3.6,Yes,Free Shipping,Yes,40,Debit Card
Bi-Weekly,Winter,774,29,Male,Hat,Accessories,84,California,L,Indigo,2.6,Yes,Express,Yes,14,Debit Card
Quarterly,Summer,775,42,Male,Hat,Accessories,46,Nevada,M,Yellow,3.5,Yes,Standard,Yes,11,Credit Card
Monthly,Winter,776,49,Male,Handbag,Accessories,53,Kentucky,S,Gold,3,Yes,Store Pickup,Yes,8,PayPal
Quarterly,Spring,777,49,Male,Shirt,Clothing,60,Alabama,M,Maroon,5,Yes,Standard,Yes,8,Venmo
Weekly,Spring,778,55,Male,Socks,Clothing,32,Wyoming,XL,Silver,2.5,Yes,Express,Yes,37,Venmo
Annually,Summer,779,29,Male,Socks,Clothing,50,Massachusetts,M,Yellow,2.9,Yes,Store Pickup,Yes,23,Debit Card
Annually,Spring,780,60,Male,Dress,Clothing,94,Utah,M,Blue,4.6,Yes,Express,Yes,38,Cash
Quarterly,Spring,781,34,Male,Shoes,Footwear,26,New York,M,Turquoi,3.6,Yes,Free Shipping,Yes,38,Cash
Bi-Weekly,Winter,782,30,Male,Scarf,Accessories,44,Vermont,L,Indigo,3,Yes,Store Pickup,Yes,12,Credit Card
Weekly,Summer,783,28,Male,Hoodie,Clothing,57,Hawaii,M,Green,4.5,Yes,Standard,Yes,15,Cash
Bi-Weekly,Winter,784,63,Male,T-shirt,Clothing,65,Louisiana,L,Purple,4.5,Yes,Next Day Air,Yes,38,PayPal
Quarterly,Winter,785,31,Male,Jeans,Clothing,72,Alabama,M,Peach,3.2,Yes,Store Pickup,Yes,41,Bank Transfer
Bi-Weekly,Spring,786,46,Male,Shorts,Clothing,62,Louisiana,S,Purple,4,Yes,Next Day Air,Yes,37,PayPal
Quarterly,Winter,787,70,Male,Hat,Accessories,21,Indiana,S,Teal,4.8,Yes,Express,Yes,16,Bank Transfer
Weekly,Spring,788,53,Male,Handbag,Accessories,85,Michigan,S,Green,3.7,Yes,Free Shipping,Yes,25,Venmo
Quarterly,Summer,789,50,Male,Pants,Clothing,51,Rhode Island,XL,Yellow,3.8,Yes,Store Pickup,Yes,18,Bank Transfer
Bi-Weekly,Fall,790,33,Male,Handbag,Accessories,84,Idaho,S,Purple,2.7,Yes,Standard,Yes,4,Credit Card
Quarterly,Summer,791,22,Male,Sweater,Clothing,37,Louisiana,M,Indigo,4.9,Yes,Store Pickup,Yes,12,Bank Transfer
Bi-Weekly,Summer,792,50,Male,Scarf,Accessories,44,North Carolin,S,Magenta,3.1,Yes,2-Day Shipping,Yes,35,PayPal
Weekly,Spring,793,34,Male,Sneakers,Footwear,45,New Jersey,M,Violet,4.2,Yes,Next Day Air,Yes,45,Venmo
Monthly,Summer,794,24,Male,Pants,Clothing,35,Alabama,L,Maroon,3.8,Yes,Free Shipping,Yes,16,Credit Card
Bi-Weekly,Winter,795,69,Male,Backpack,Accessories,50,Kentucky,XL,Yellow,4.2,Yes,Store Pickup,Yes,10,Debit Card
Annually,Summer,796,39,Male,Sandals,Footwear,26,New York,M,Beige,4.6,Yes,Store Pickup,Yes,34,Venmo
Annually,Fall,797,42,Male,Socks,Clothing,78,Arizona,XL,Black,4,Yes,2-Day Shipping,Yes,43,Credit Card
Weekly,Fall,798,42,Male,Coat,Outerwear,82,Maryland,M,Violet,4,Yes,2-Day Shipping,Yes,38,Debit Card
Quarterly,Spring,799,29,Male,Socks,Clothing,39,Alaska,M,Violet,3.8,Yes,2-Day Shipping,Yes,48,PayPal
Annually,Summer,800,55,Male,Belt,Accessories,55,Nevada,L,Brown,3.6681951,Yes,Free Shipping,Yes,31,PayPal
Quarterly,Summer,801,32,Male,Socks,Clothing,20,Utah,S,Gold,2.6,Yes,Free Shipping,Yes,20,Cash
Bi-Weekly,Fall,802,25,Male,Belt,Accessories,29,New Mexico,L,Blue,4.9,Yes,Express,Yes,12,Credit Card
Weekly,Winter,803,38,Male,Pants,Clothing,41,Delaware,M,Teal,3.5,Yes,Next Day Air,Yes,2,Bank Transfer
Quarterly,Winter,804,32,Male,Shorts,Clothing,38,Connecticut,L,Silver,2.8,Yes,Express,Yes,30,Venmo
Quarterly,Summer,805,43,Male,Boots,Footwear,47,Mississippi,M,Maroon,2.6,Yes,Store Pickup,Yes,28,Venmo
Monthly,Summer,806,41,Male,Dress,Clothing,30,Connecticut,L,White,3.7,Yes,Next Day Air,Yes,40,Debit Card
Quarterly,Summer,807,56,Male,Jeans,Clothing,56,Florida,L,Charcoa,2.7,Yes,Standard,Yes,46,PayPal
Weekly,Winter,808,27,Male,T-shirt,Clothing,89,New York,S,Brown,3.3,Yes,Express,Yes,15,Credit Card
Quarterly,Fall,809,46,Male,Shoes,Footwear,96,Wisconsin,L,Lavende,4.6,Yes,Next Day Air,Yes,38,Cash
Bi-Weekly,Fall,810,48,Male,Boots,Footwear,81,South Carolin,M,Violet,4.9,Yes,Next Day Air,Yes,30,PayPal
Bi-Weekly,Fall,811,52,Male,Scarf,Accessories,83,South Dakota,S,Lavende,4.9,Yes,Store Pickup,Yes,32,Debit Card
Quarterly,Winter,812,18,Male,Sneakers,Footwear,35,Illinois,M,Green,2.7,Yes,Free Shipping,Yes,36,Venmo
Weekly,Summer,813,64,Male,Boots,Footwear,56,Alaska,M,Olive,3.2,Yes,Standard,Yes,32,Credit Card
Annually,Summer,814,54,Male,Handbag,Accessories,45,Montana,S,Olive,2.9,Yes,Store Pickup,Yes,14,Debit Card
Monthly,Winter,815,31,Male,Shirt,Clothing,62,Minnesota,M,Pink,3.8,Yes,Express,Yes,8,PayPal
Bi-Weekly,Spring,816,30,Male,Hat,Accessories,84,West Virginia,L,Teal,3,Yes,Next Day Air,Yes,27,Venmo
Monthly,Summer,817,26,Male,Sweater,Clothing,24,Illinois,L,Cyan,3.9,Yes,Store Pickup,Yes,24,Debit Card
Bi-Weekly,Spring,818,25,Male,Handbag,Accessories,21,Nevada,S,Gray,4.7,Yes,Store Pickup,Yes,30,PayPal
Monthly,Winter,819,59,Male,Shirt,Clothing,91,Idaho,M,Peach,4.9,Yes,Store Pickup,Yes,34,Debit Card
Quarterly,Winter,820,55,Male,Sunglasses,Accessories,36,Colorado,S,Teal,4.8,Yes,Next Day Air,Yes,28,Debit Card
Monthly,Spring,821,56,Male,Sneakers,Footwear,39,Louisiana,M,Turquoi,2.5,Yes,2-Day Shipping,Yes,27,Debit Card
Bi-Weekly,Spring,822,62,Male,Hoodie,Clothing,39,Vermont,M,Green,3.9,Yes,Standard,Yes,31,Credit Card
Annually,Winter,823,35,Male,Shirt,Clothing,59,Mississippi,L,Magenta,3.4,Yes,Standard,Yes,23,Bank Transfer
Quarterly,Winter,824,51,Male,Sunglasses,Accessories,27,Georgia,M,Green,2.5,Yes,Free Shipping,Yes,11,Credit Card
Quarterly,Spring,825,61,Male,Blouse,Clothing,94,Georgia,M,White,3,Yes,Store Pickup,Yes,48,Cash
Monthly,Fall,826,27,Male,Belt,Accessories,94,Nebraska,XL,Brown,3.6,Yes,Next Day Air,Yes,17,Cash
Weekly,Winter,827,54,Male,Dress,Clothing,94,Massachusetts,M,Purple,3.6,Yes,Standard,Yes,36,PayPal
Bi-Weekly,Fall,828,31,Male,Shoes,Footwear,51,Colorado,S,Green,4.1,Yes,Free Shipping,Yes,33,Bank Transfer
Bi-Weekly,Fall,829,24,Male,Socks,Clothing,62,Nevada,M,Peach,3.7,Yes,2-Day Shipping,Yes,27,PayPal
Bi-Weekly,Spring,830,42,Male,Socks,Clothing,57,Idaho,S,Silver,3.6681951,Yes,2-Day Shipping,Yes,14,Credit Card
Annually,Fall,831,41,Male,Shorts,Clothing,76,Wyoming,M,Maroon,4.2,Yes,Express,Yes,5,Credit Card
Quarterly,Summer,832,66,Male,Gloves,Accessories,63,Washington,M,Red,4.3,Yes,Express,Yes,47,Cash
Bi-Weekly,Fall,833,58,Male,Jacket,Outerwear,80,California,L,Blue,2.5,Yes,Express,Yes,28,Cash
Annually,Fall,834,43,Male,Handbag,Accessories,68,Oklahoma,M,Purple,3.5,Yes,Standard,Yes,11,Credit Card
Weekly,Summer,835,52,Male,Backpack,Accessories,89,Nevada,M,Indigo,3.1,Yes,Free Shipping,Yes,18,Credit Card
Weekly,Summer,836,35,Male,Boots,Footwear,26,Maryland,L,Indigo,2.5,Yes,Next Day Air,Yes,21,Debit Card
Bi-Weekly,Winter,837,23,Male,Gloves,Accessories,90,West Virginia,L,Violet,3.9,Yes,Store Pickup,Yes,22,Cash
Quarterly,Spring,838,25,Male,Hoodie,Clothing,28,Illinois,L,Brown,4.9,Yes,Express,Yes,33,Cash
Annually,Spring,839,33,Male,Coat,Outerwear,29,Kentucky,M,Gray,4.3,Yes,Express,Yes,49,Credit Card
Quarterly,Spring,840,48,Male,Shirt,Clothing,31,Illinois,L,Teal,2.6,Yes,Free Shipping,Yes,10,Debit Card
Weekly,Summer,841,42,Male,Shirt,Clothing,24,Alabama,L,Teal,4.2,Yes,2-Day Shipping,Yes,18,PayPal
Bi-Weekly,Summer,842,55,Male,Sweater,Clothing,88,Texas,M,Beige,2.6,Yes,Store Pickup,Yes,28,PayPal
Weekly,Spring,843,59,Male,Shirt,Clothing,87,Missouri,M,Violet,3.6,Yes,Express,Yes,25,PayPal
Weekly,Summer,844,65,Male,Hoodie,Clothing,80,Pennsylvania,S,Beige,3.2,Yes,Express,Yes,6,PayPal
Bi-Weekly,Winter,845,59,Male,Sandals,Footwear,48,Missouri,L,Purple,4.4,Yes,Express,Yes,44,Venmo
Monthly,Winter,846,31,Male,Belt,Accessories,21,Michigan,XL,Charcoa,3.7,Yes,Standard,Yes,30,Venmo
Quarterly,Spring,847,49,Male,Boots,Footwear,72,Kentucky,M,Pink,3.7,Yes,Express,Yes,42,Debit Card
Monthly,Fall,848,53,Male,Hoodie,Clothing,44,New Jersey,L,Blue,4.1,Yes,Standard,Yes,30,PayPal
Bi-Weekly,Fall,849,48,Male,Sandals,Footwear,73,Delaware,M,Lavende,3.6,Yes,Store Pickup,Yes,33,Credit Card
Quarterly,Spring,850,23,Male,Jeans,Clothing,61,Missouri,S,Charcoa,4.3,Yes,Express,Yes,24,PayPal
Monthly,Winter,851,68,Male,Shoes,Footwear,20,Connecticut,L,Turquoi,2.6,Yes,Store Pickup,Yes,13,Venmo
Monthly,Summer,852,35,Male,Sandals,Footwear,86,Massachusetts,M,Red,2.9,Yes,Express,Yes,19,Debit Card
Quarterly,Spring,853,34,Male,Dress,Clothing,60,Florida,L,Yellow,4.2,Yes,Next Day Air,Yes,23,Debit Card
Monthly,Winter,854,62,Male,Hat,Accessories,43,Delaware,L,Orange,4,Yes,Free Shipping,Yes,35,Cash
Monthly,Spring,855,21,Male,Pants,Clothing,44,California,L,Blue,4.3,Yes,Free Shipping,Yes,22,Venmo
Quarterly,Spring,856,70,Male,Socks,Clothing,76,Oregon,L,Gold,3,Yes,2-Day Shipping,Yes,14,Credit Card
Bi-Weekly,Summer,857,55,Male,Shirt,Clothing,33,Alaska,M,Gold,3.5,Yes,Express,Yes,47,Debit Card
Quarterly,Fall,858,43,Male,Shorts,Clothing,60,Missouri,L,Cyan,3,Yes,Standard,Yes,50,Debit Card
Weekly,Fall,859,19,Male,Jacket,Outerwear,26,Oklahoma,L,Olive,3.1,Yes,Free Shipping,Yes,33,PayPal
Monthly,Winter,860,47,Male,Hoodie,Clothing,73,Wisconsin,M,Teal,4,Yes,Next Day Air,Yes,7,Debit Card
Monthly,Spring,861,26,Male,Shoes,Footwear,87,South Carolin,M,Maroon,4.1,Yes,Standard,Yes,3,Cash
Quarterly,Spring,862,46,Male,Skirt,Clothing,100,Virginia,XL,Green,3.6681951,Yes,2-Day Shipping,Yes,35,Credit Card
Bi-Weekly,Winter,863,19,Male,Coat,Outerwear,84,Arkansas,M,Charcoa,4.9,Yes,Standard,Yes,13,PayPal
Bi-Weekly,Summer,864,49,Male,Sneakers,Footwear,41,Vermont,M,Cyan,3.9,Yes,Standard,Yes,42,PayPal
Annually,Winter,865,51,Male,Jeans,Clothing,59,Kentucky,S,Charcoa,3.9,Yes,Next Day Air,Yes,5,PayPal
Annually,Winter,866,64,Male,Blouse,Clothing,26,Colorado,L,Charcoa,4.8,Yes,Store Pickup,Yes,23,Venmo
Bi-Weekly,Summer,867,67,Male,Sunglasses,Accessories,69,New Mexico,M,Lavende,2.7,Yes,Free Shipping,Yes,11,PayPal
Bi-Weekly,Spring,868,37,Male,Jacket,Outerwear,20,Colorado,M,Turquoi,3.1,Yes,Free Shipping,Yes,23,Bank Transfer
Quarterly,Summer,869,40,Male,Dress,Clothing,83,North Carolin,M,Green,3.2,Yes,Next Day Air,Yes,2,Credit Card
Weekly,Spring,870,38,Male,Hat,Accessories,54,New Hampshire,M,Silver,2.7,Yes,2-Day Shipping,Yes,33,PayPal
Bi-Weekly,Fall,871,66,Male,Hoodie,Clothing,66,West Virginia,M,Blue,2.5,Yes,Standard,Yes,6,Bank Transfer
Quarterly,Spring,872,47,Male,Handbag,Accessories,42,Hawaii,M,Charcoa,2.6,Yes,Next Day Air,Yes,45,Debit Card
Quarterly,Spring,873,56,Male,Jeans,Clothing,33,North Dakota,M,Pink,2.9,Yes,Standard,Yes,25,Cash
Quarterly,Summer,874,51,Male,Boots,Footwear,77,Mississippi,M,Pink,4.2,Yes,Free Shipping,Yes,24,Venmo
Quarterly,Fall,875,25,Male,Jacket,Outerwear,65,Maine,M,Magenta,4.4,Yes,Free Shipping,Yes,10,Venmo
Quarterly,Summer,876,37,Male,Sandals,Footwear,39,North Dakota,L,Gray,4.1,Yes,Free Shipping,Yes,7,Bank Transfer
Weekly,Summer,877,41,Male,Belt,Accessories,51,Nebraska,L,Gray,3.8,Yes,2-Day Shipping,Yes,1,Debit Card
Quarterly,Winter,878,64,Male,Handbag,Accessories,65,Nebraska,M,Orange,4.9,Yes,Next Day Air,Yes,45,Venmo
Weekly,Summer,879,23,Male,Sunglasses,Accessories,89,Tennessee,S,Black,4.9,Yes,Express,Yes,37,Debit Card
Quarterly,Spring,880,62,Male,Skirt,Clothing,76,Wyoming,S,Lavende,4.1,Yes,Free Shipping,Yes,14,PayPal
Monthly,Spring,881,39,Male,Backpack,Accessories,75,Nevada,L,Red,3.1,Yes,Express,Yes,25,Debit Card
Annually,Summer,882,52,Male,Sandals,Footwear,61,South Carolin,M,Silver,2.7,Yes,Next Day Air,Yes,18,Venmo
Quarterly,Fall,883,50,Male,Boots,Footwear,35,Virginia,M,Cyan,3.8,Yes,Next Day Air,Yes,37,Cash
Monthly,Fall,884,28,Male,Sneakers,Footwear,37,Pennsylvania,S,Gold,4.3,Yes,Free Shipping,Yes,30,Bank Transfer
Weekly,Winter,885,67,Male,Skirt,Clothing,91,Hawaii,L,Yellow,4.1,Yes,Express,Yes,34,Bank Transfer
Quarterly,Fall,886,41,Male,Dress,Clothing,99,Ohio,L,Purple,4.4,Yes,Free Shipping,Yes,49,Debit Card
Monthly,Summer,887,19,Male,Shorts,Clothing,54,Utah,S,Brown,3.6,Yes,Express,Yes,48,Bank Transfer
Bi-Weekly,Winter,888,70,Male,Handbag,Accessories,47,Minnesota,L,Turquoi,3.3,Yes,2-Day Shipping,Yes,33,PayPal
Annually,Spring,889,49,Male,Scarf,Accessories,77,New Hampshire,S,Gold,3.6681951,Yes,Express,Yes,44,Cash
Weekly,Fall,890,59,Male,Belt,Accessories,84,Arizona,S,Olive,2.8,Yes,Free Shipping,Yes,50,Venmo
Monthly,Spring,891,52,Male,Gloves,Accessories,51,New York,S,Purple,4.3,Yes,2-Day Shipping,Yes,47,Credit Card
Quarterly,Summer,892,20,Male,Skirt,Clothing,26,Pennsylvania,S,Lavende,3.9,Yes,Store Pickup,Yes,24,PayPal
Monthly,Summer,893,31,Male,Shorts,Clothing,64,New Mexico,L,Gray,2.7,Yes,Free Shipping,Yes,43,Debit Card
Monthly,Spring,894,33,Male,Backpack,Accessories,51,Nebraska,M,Red,4.7,Yes,Express,Yes,14,Venmo
Quarterly,Spring,895,44,Male,Hoodie,Clothing,60,Wyoming,L,Purple,3.8,Yes,Free Shipping,Yes,3,Debit Card
Quarterly,Spring,896,40,Male,Hat,Accessories,69,Mississippi,XL,Olive,4.7,Yes,Next Day Air,Yes,33,Debit Card
Bi-Weekly,Spring,897,69,Male,Jewelry,Accessories,29,Arkansas,M,Lavende,4.7,Yes,Express,Yes,38,Cash
Weekly,Spring,898,29,Male,Shirt,Clothing,91,Illinois,M,Gray,3.4,Yes,Express,Yes,46,Venmo
Quarterly,Spring,899,54,Male,Belt,Accessories,70,Nevada,L,Red,3.5,Yes,2-Day Shipping,Yes,19,Bank Transfer
Annually,Summer,900,65,Male,Sweater,Clothing,58,Rhode Island,M,Peach,4,Yes,Standard,Yes,20,PayPal
Quarterly,Fall,901,54,Male,Hat,Accessories,98,West Virginia,L,Gray,3.3,Yes,Free Shipping,Yes,42,Bank Transfer
Monthly,Summer,902,60,Male,Scarf,Accessories,68,Missouri,L,Violet,4.7,Yes,2-Day Shipping,Yes,34,Cash
Monthly,Summer,903,43,Male,Hat,Accessories,44,Kentucky,M,Beige,2.8,Yes,Next Day Air,Yes,5,Cash
Quarterly,Winter,904,44,Male,Jacket,Outerwear,45,Washington,M,Blue,3.3,Yes,Express,Yes,3,PayPal
Quarterly,Spring,905,69,Male,T-shirt,Clothing,99,Alaska,L,Magenta,2.9,Yes,Free Shipping,Yes,46,PayPal
Annually,Spring,906,46,Male,Dress,Clothing,68,Mississippi,S,Cyan,2.8,Yes,Standard,Yes,16,Venmo
Bi-Weekly,Spring,907,41,Male,Pants,Clothing,56,South Carolin,M,Red,4.2,Yes,Standard,Yes,21,Debit Card
Bi-Weekly,Winter,908,32,Male,Sweater,Clothing,43,Missouri,L,Cyan,4.4,Yes,Express,Yes,34,Credit Card
Quarterly,Winter,909,26,Male,Sunglasses,Accessories,99,New Jersey,M,Turquoi,3.6,Yes,Free Shipping,Yes,9,PayPal
Weekly,Fall,910,61,Male,Belt,Accessories,56,Louisiana,L,Silver,2.7,Yes,Express,Yes,36,PayPal
Monthly,Spring,911,49,Male,Hoodie,Clothing,25,South Carolin,S,Pink,3.4,Yes,Express,Yes,22,Credit Card
Quarterly,Winter,912,53,Male,Pants,Clothing,74,Vermont,M,Black,2.8,Yes,2-Day Shipping,Yes,2,Bank Transfer
Monthly,Winter,913,24,Male,Hoodie,Clothing,56,Arkansas,M,Green,3.4,Yes,Next Day Air,Yes,32,Bank Transfer
Quarterly,Fall,914,37,Male,Sneakers,Footwear,47,Utah,M,Yellow,2.6,Yes,Next Day Air,Yes,29,Cash
Quarterly,Summer,915,43,Male,Dress,Clothing,67,Washington,L,Purple,4.1,Yes,Standard,Yes,27,Venmo
Bi-Weekly,Winter,916,31,Male,Dress,Clothing,22,Rhode Island,L,Purple,2.9,Yes,Store Pickup,Yes,33,Credit Card
Monthly,Spring,917,49,Male,Jeans,Clothing,34,Illinois,S,Blue,2.7,Yes,Standard,Yes,16,Venmo
Quarterly,Spring,918,69,Male,Sweater,Clothing,64,Missouri,M,Maroon,3.7,Yes,Standard,Yes,11,Bank Transfer
Bi-Weekly,Spring,919,65,Male,Shorts,Clothing,42,North Carolin,M,Orange,4.3,Yes,2-Day Shipping,Yes,11,Cash
Bi-Weekly,Winter,920,41,Male,Shirt,Clothing,82,Massachusetts,L,Green,2.6,Yes,2-Day Shipping,Yes,17,Debit Card
Weekly,Summer,921,37,Male,Belt,Accessories,81,Arkansas,XL,Gold,4.3,Yes,Free Shipping,Yes,37,Cash
Weekly,Summer,922,70,Male,Coat,Outerwear,24,South Dakota,L,Silver,4.1,Yes,Express,Yes,18,PayPal
Monthly,Fall,923,63,Male,Sneakers,Footwear,60,Georgia,M,Cyan,4.2,Yes,Standard,Yes,13,Credit Card
Weekly,Spring,924,55,Male,Shirt,Clothing,24,Arkansas,M,Silver,4.2,Yes,2-Day Shipping,Yes,7,PayPal
Quarterly,Winter,925,52,Male,Socks,Clothing,78,Kansas,XL,Beige,3.1,Yes,Standard,Yes,37,Cash
Monthly,Winter,926,22,Male,Jeans,Clothing,88,Arizona,L,Teal,4.9,Yes,Express,Yes,8,Cash
Bi-Weekly,Spring,927,54,Male,Jeans,Clothing,63,Massachusetts,XL,Green,4.4,Yes,Express,Yes,11,Cash
Bi-Weekly,Summer,928,28,Male,Sneakers,Footwear,78,New Mexico,L,Black,4.4,Yes,Standard,Yes,8,Venmo
Quarterly,Winter,929,67,Male,Dress,Clothing,37,Arkansas,XL,Yellow,3.4,Yes,Store Pickup,Yes,31,Cash
Bi-Weekly,Fall,930,59,Male,Boots,Footwear,94,Nebraska,M,White,4.5,Yes,2-Day Shipping,Yes,26,Debit Card
Bi-Weekly,Fall,931,26,Male,T-shirt,Clothing,78,Hawaii,L,Green,4.5,Yes,Store Pickup,Yes,20,Credit Card
Bi-Weekly,Winter,932,24,Male,Coat,Outerwear,36,Nebraska,M,Silver,4.1,Yes,Standard,Yes,24,Bank Transfer
Bi-Weekly,Winter,933,62,Male,Skirt,Clothing,24,Indiana,L,Blue,3.2,Yes,Standard,Yes,45,Debit Card
Monthly,Spring,934,70,Male,Sneakers,Footwear,84,Colorado,M,Magenta,2.7,Yes,Store Pickup,Yes,33,Debit Card
Monthly,Spring,935,45,Male,Jeans,Clothing,47,Oregon,S,Yellow,3.7,Yes,Express,Yes,21,Bank Transfer
Bi-Weekly,Fall,936,58,Male,Hoodie,Clothing,51,Ohio,L,White,2.6,Yes,Store Pickup,Yes,2,Bank Transfer
Weekly,Summer,937,31,Male,Shoes,Footwear,84,Maine,M,Pink,2.7,Yes,Free Shipping,Yes,28,Cash
Quarterly,Summer,938,32,Male,Shorts,Clothing,24,Iowa,M,Magenta,2.7,Yes,Express,Yes,18,Venmo
Bi-Weekly,Fall,939,36,Male,Blouse,Clothing,97,Wisconsin,S,Teal,4.8,Yes,Free Shipping,Yes,21,Debit Card
Monthly,Winter,940,25,Male,T-shirt,Clothing,89,New York,L,Indigo,4.8,Yes,Next Day Air,Yes,24,Credit Card
Quarterly,Spring,941,48,Male,Belt,Accessories,44,Colorado,S,Maroon,2.6,Yes,Store Pickup,Yes,15,PayPal
Quarterly,Winter,942,39,Male,Handbag,Accessories,35,Illinois,L,Black,4.5,Yes,2-Day Shipping,Yes,38,PayPal
Bi-Weekly,Winter,943,26,Male,Dress,Clothing,91,Arizona,M,Cyan,3.2,Yes,Express,Yes,38,PayPal
Bi-Weekly,Winter,944,32,Male,Hat,Accessories,63,Oklahoma,L,Cyan,3.8,Yes,Next Day Air,Yes,13,Venmo
Bi-Weekly,Spring,945,54,Male,Belt,Accessories,97,Indiana,S,Gray,4.8,Yes,Express,Yes,39,Cash
Quarterly,Summer,946,38,Male,Boots,Footwear,38,Minnesota,M,Violet,4.1,Yes,Store Pickup,Yes,8,Venmo
Quarterly,Spring,947,46,Male,Coat,Outerwear,24,Pennsylvania,XL,Blue,2.8,Yes,Next Day Air,Yes,4,PayPal
Quarterly,Winter,948,57,Male,Blouse,Clothing,32,Indiana,M,Charcoa,3.9,Yes,Store Pickup,Yes,6,Cash
Quarterly,Summer,949,49,Male,Hat,Accessories,90,Alabama,L,Olive,4.9,Yes,Express,Yes,11,Venmo
Monthly,Summer,950,33,Male,Jeans,Clothing,36,Montana,M,Olive,3.4,Yes,Standard,Yes,49,Venmo
Quarterly,Winter,951,54,Male,Backpack,Accessories,37,New Mexico,XL,Turquoi,4.1,Yes,Free Shipping,Yes,30,PayPal
Monthly,Summer,952,47,Male,Dress,Clothing,51,Alaska,M,Cyan,2.9,Yes,Express,Yes,34,Bank Transfer
Monthly,Fall,953,36,Male,Hat,Accessories,71,Idaho,S,Red,3.1,Yes,2-Day Shipping,Yes,28,PayPal
Quarterly,Spring,954,68,Male,Sunglasses,Accessories,50,Utah,S,Cyan,3.6,Yes,2-Day Shipping,Yes,36,Venmo
Quarterly,Fall,955,60,Male,Hat,Accessories,74,Louisiana,S,Turquoi,3.5,Yes,Standard,Yes,18,Credit Card
Monthly,Summer,956,55,Male,Dress,Clothing,75,Mississippi,L,Lavende,3.4,Yes,Free Shipping,Yes,4,PayPal
Quarterly,Spring,957,29,Male,Shirt,Clothing,99,Mississippi,XL,Cyan,2.9,Yes,2-Day Shipping,Yes,42,Debit Card
Quarterly,Spring,958,38,Male,Scarf,Accessories,23,Indiana,XL,Violet,4.7,Yes,Store Pickup,Yes,11,Cash
Bi-Weekly,Winter,959,70,Male,Sneakers,Footwear,53,Washington,XL,Beige,4.4,Yes,Free Shipping,Yes,31,Credit Card
Bi-Weekly,Spring,960,36,Male,Skirt,Clothing,99,Nevada,M,Cyan,2.6,Yes,Standard,Yes,12,Cash
Quarterly,Spring,961,18,Male,Jewelry,Accessories,48,Louisiana,XL,Indigo,4.4,Yes,Standard,Yes,20,Venmo
Quarterly,Fall,962,62,Male,Boots,Footwear,72,Pennsylvania,L,Olive,3.7,Yes,Next Day Air,Yes,37,Debit Card
Bi-Weekly,Spring,963,29,Male,Sunglasses,Accessories,64,Michigan,L,Green,4.4,Yes,Standard,Yes,26,Debit Card
Weekly,Spring,964,21,Male,Boots,Footwear,63,South Carolin,L,Green,2.5,Yes,2-Day Shipping,Yes,14,Credit Card
Bi-Weekly,Spring,965,42,Male,Sandals,Footwear,51,Arizona,M,Beige,2.6,Yes,Next Day Air,Yes,12,Venmo
Annually,Spring,966,43,Male,Boots,Footwear,55,Delaware,L,Black,5,Yes,Store Pickup,Yes,10,Credit Card
Annually,Spring,967,58,Male,Dress,Clothing,55,Kentucky,M,Brown,4.9,Yes,Express,Yes,19,Cash
Weekly,Summer,968,27,Male,Hoodie,Clothing,26,Georgia,S,Silver,3.7,Yes,Store Pickup,Yes,4,Cash
Quarterly,Summer,969,57,Male,Shorts,Clothing,67,North Carolin,L,Gray,3.1,Yes,Next Day Air,Yes,48,Bank Transfer
Monthly,Fall,970,40,Male,Coat,Outerwear,31,California,S,Pink,3.2,Yes,Express,Yes,37,PayPal
Monthly,Winter,971,45,Male,Jeans,Clothing,66,California,S,Maroon,4.4,Yes,Free Shipping,Yes,4,Cash
Weekly,Summer,972,47,Male,Sunglasses,Accessories,67,Indiana,M,Cyan,4.3,Yes,Next Day Air,Yes,15,Credit Card
Weekly,Winter,973,61,Male,Sneakers,Footwear,61,Colorado,L,Gold,3,Yes,Standard,Yes,33,Credit Card
Quarterly,Fall,974,60,Male,Jacket,Outerwear,75,Colorado,M,Teal,3.5,Yes,2-Day Shipping,Yes,30,Bank Transfer
Monthly,Spring,975,69,Male,Skirt,Clothing,90,North Carolin,M,Beige,3.6,Yes,2-Day Shipping,Yes,23,Bank Transfer
Weekly,Summer,976,58,Male,Sweater,Clothing,40,Washington,M,Olive,3.8,Yes,2-Day Shipping,Yes,2,Bank Transfer
Quarterly,Fall,977,34,Male,T-shirt,Clothing,90,Florida,M,Gray,3.6,Yes,Express,Yes,50,Credit Card
Bi-Weekly,Spring,978,20,Male,Belt,Accessories,20,Washington,M,Black,4.6,Yes,Express,Yes,34,Cash
Weekly,Summer,979,56,Male,Gloves,Accessories,40,Colorado,M,Turquoi,2.5,Yes,Standard,Yes,33,Credit Card
Monthly,Fall,980,64,Male,Hat,Accessories,33,New Hampshire,S,Brown,3.5,Yes,Store Pickup,Yes,34,Debit Card
Quarterly,Spring,981,56,Male,Boots,Footwear,98,Maryland,S,Magenta,4,Yes,Free Shipping,Yes,39,PayPal
Quarterly,Spring,982,27,Male,Belt,Accessories,42,Maryland,M,Silver,3.5,Yes,Next Day Air,Yes,47,Credit Card
Monthly,Summer,983,35,Male,Coat,Outerwear,62,Texas,S,Red,3.2,Yes,Standard,Yes,37,PayPal
Bi-Weekly,Winter,984,24,Male,Hat,Accessories,45,New Mexico,L,Indigo,3.5,Yes,Free Shipping,Yes,40,Venmo
Bi-Weekly,Summer,985,26,Male,Shoes,Footwear,78,Utah,M,Green,3.4,Yes,Free Shipping,Yes,8,Credit Card
Annually,Fall,986,32,Male,Handbag,Accessories,80,West Virginia,M,Gray,5,Yes,Express,Yes,12,Bank Transfer
Monthly,Spring,987,54,Male,Scarf,Accessories,96,Connecticut,S,Peach,4.5,Yes,Store Pickup,Yes,36,Bank Transfer
Weekly,Summer,988,62,Male,Handbag,Accessories,47,West Virginia,M,Charcoa,2.8,Yes,Express,Yes,48,PayPal
Bi-Weekly,Winter,989,50,Male,Pants,Clothing,84,Ohio,M,Orange,4.9,Yes,2-Day Shipping,Yes,47,PayPal
Monthly,Spring,990,70,Male,Shoes,Footwear,31,Texas,M,Beige,3.1,Yes,Store Pickup,Yes,2,Bank Transfer
Weekly,Spring,991,48,Male,Sunglasses,Accessories,63,Washington,S,Yellow,4.8,Yes,Store Pickup,Yes,24,Cash
Bi-Weekly,Spring,992,20,Male,Shorts,Clothing,97,Wisconsin,XL,White,2.7,Yes,Standard,Yes,40,Bank Transfer
Weekly,Winter,993,46,Male,Jacket,Outerwear,99,Louisiana,M,Gray,4.6,Yes,Express,Yes,50,Debit Card
Weekly,Winter,994,51,Male,Sandals,Footwear,90,Iowa,M,Peach,4.4,Yes,Store Pickup,Yes,25,Cash
Monthly,Fall,995,53,Male,Shoes,Footwear,68,New York,L,Violet,3.2,Yes,Express,Yes,20,Debit Card
Weekly,Spring,996,44,Male,Jewelry,Accessories,80,Idaho,M,Magenta,3,Yes,2-Day Shipping,Yes,10,Venmo
Quarterly,Summer,997,29,Male,Sandals,Footwear,91,Delaware,L,Maroon,4.9,Yes,Standard,Yes,32,Bank Transfer
Bi-Weekly,Spring,998,64,Male,Pants,Clothing,30,Kentucky,M,Cyan,3.6,Yes,Express,Yes,31,Cash
Bi-Weekly,Spring,999,51,Male,Shoes,Footwear,90,Connecticut,M,White,3.8,Yes,Next Day Air,Yes,48,Bank Transfer
Monthly,Spring,1000,50,Male,Socks,Clothing,28,New Mexico,L,Brown,2.9,Yes,Standard,Yes,23,Debit Card
Bi-Weekly,Winter,1001,43,Male,Socks,Clothing,46,Georgia,M,Red,3.9,Yes,Express,Yes,1,Bank Transfer
Bi-Weekly,Fall,1002,61,Male,Dress,Clothing,60,Washington,M,Orange,3.6,Yes,Standard,Yes,4,Debit Card
Bi-Weekly,Spring,1003,55,Male,Shoes,Footwear,59,North Dakota,M,White,3.5,Yes,Store Pickup,Yes,3,Bank Transfer
Bi-Weekly,Fall,1004,56,Male,Hat,Accessories,68,Ohio,M,Green,4,Yes,Store Pickup,Yes,3,Cash
Annually,Summer,1005,33,Male,Backpack,Accessories,79,Tennessee,M,Black,4.8,Yes,2-Day Shipping,Yes,44,Cash
Bi-Weekly,Winter,1006,43,Male,Backpack,Accessories,94,New York,M,Gold,3.9,Yes,Store Pickup,Yes,5,Debit Card
Quarterly,Summer,1007,21,Male,Pants,Clothing,83,Michigan,S,Lavende,4.5,Yes,Next Day Air,Yes,50,Venmo
Annually,Spring,1008,58,Male,Gloves,Accessories,62,Georgia,XL,Turquoi,4.8,Yes,Standard,Yes,2,Credit Card
Annually,Spring,1009,41,Male,Scarf,Accessories,85,New Mexico,M,Pink,2.6,Yes,Store Pickup,Yes,29,PayPal
Annually,Summer,1010,39,Male,Hoodie,Clothing,30,Louisiana,M,Silver,3.1,Yes,Express,Yes,11,Venmo
Bi-Weekly,Spring,1011,54,Male,Jeans,Clothing,24,South Dakota,XL,Gray,4.7,Yes,2-Day Shipping,Yes,37,Credit Card
Bi-Weekly,Spring,1012,43,Male,Backpack,Accessories,25,Montana,L,Indigo,2.9,Yes,Next Day Air,Yes,32,Debit Card
Annually,Summer,1013,28,Male,Sandals,Footwear,37,New Mexico,L,Teal,3.8,Yes,Express,Yes,27,Credit Card
Bi-Weekly,Summer,1014,59,Male,Belt,Accessories,69,South Carolin,XL,Green,3.8,Yes,2-Day Shipping,Yes,31,Venmo
Bi-Weekly,Summer,1015,28,Male,Shoes,Footwear,97,Ohio,M,Violet,3,Yes,Standard,Yes,36,Debit Card
Weekly,Summer,1016,68,Male,Gloves,Accessories,24,North Carolin,M,Cyan,4.1,Yes,Standard,Yes,34,Cash
Quarterly,Summer,1017,20,Male,Belt,Accessories,30,Idaho,XL,Blue,3.4,Yes,Express,Yes,15,Bank Transfer
Annually,Fall,1018,21,Male,Jacket,Outerwear,53,Oklahoma,L,Orange,2.5,Yes,Express,Yes,14,Credit Card
Weekly,Spring,1019,50,Male,Dress,Clothing,70,Georgia,XL,Charcoa,4.9,Yes,Next Day Air,Yes,46,Cash
Bi-Weekly,Winter,1020,32,Male,Shirt,Clothing,76,Kentucky,S,Beige,2.8,Yes,Standard,Yes,33,Venmo
Annually,Fall,1021,24,Male,Scarf,Accessories,95,Delaware,M,Black,4.5,Yes,Express,Yes,41,Debit Card
Weekly,Winter,1022,55,Male,Coat,Outerwear,51,Massachusetts,S,Lavende,4.9,Yes,2-Day Shipping,Yes,39,PayPal
Annually,Winter,1023,61,Male,Handbag,Accessories,41,Nebraska,M,Lavende,4.9,Yes,Store Pickup,Yes,7,Cash
Quarterly,Winter,1024,61,Male,Sunglasses,Accessories,71,Maine,S,Turquoi,3.5,Yes,Free Shipping,Yes,29,Bank Transfer
Quarterly,Summer,1025,28,Male,T-shirt,Clothing,66,Pennsylvania,M,Purple,3.5,Yes,Free Shipping,Yes,18,Venmo
Annually,Winter,1026,60,Male,Shirt,Clothing,84,Nebraska,M,Olive,4.9,Yes,Free Shipping,Yes,15,Credit Card
Bi-Weekly,Winter,1027,49,Male,Handbag,Accessories,95,Virginia,L,Turquoi,3,Yes,Express,Yes,39,PayPal
Monthly,Summer,1028,33,Male,Jewelry,Accessories,90,Ohio,L,Teal,2.8,Yes,Next Day Air,Yes,11,Cash
Bi-Weekly,Summer,1029,45,Male,Hoodie,Clothing,36,Nebraska,S,Lavende,3.7,Yes,Standard,Yes,4,Cash
Bi-Weekly,Spring,1030,29,Male,Gloves,Accessories,22,Ohio,M,Purple,3.6,Yes,2-Day Shipping,Yes,33,Venmo
Quarterly,Winter,1031,58,Male,Coat,Outerwear,89,Kentucky,L,Blue,3.3,Yes,Next Day Air,Yes,37,Debit Card
Quarterly,Spring,1032,22,Male,Sandals,Footwear,50,Tennessee,M,Teal,3.4,Yes,Free Shipping,Yes,32,Cash
Quarterly,Fall,1033,55,Male,Boots,Footwear,36,Maine,M,Lavende,4,Yes,Free Shipping,Yes,44,Credit Card
Quarterly,Spring,1034,19,Male,Pants,Clothing,52,Montana,S,Silver,4.6,Yes,Free Shipping,Yes,41,Bank Transfer
Weekly,Fall,1035,68,Male,Socks,Clothing,29,Maryland,M,Olive,4.2,Yes,Next Day Air,Yes,44,Bank Transfer
Annually,Fall,1036,61,Male,Blouse,Clothing,89,Georgia,M,Brown,2.8,Yes,Express,Yes,32,Venmo
Monthly,Fall,1037,68,Male,Handbag,Accessories,47,Hawaii,M,Yellow,3.7,Yes,2-Day Shipping,Yes,13,Bank Transfer
Quarterly,Spring,1038,52,Male,Jewelry,Accessories,25,Rhode Island,XL,Brown,3.4,Yes,Standard,Yes,48,Debit Card
Weekly,Fall,1039,41,Male,Pants,Clothing,74,Nebraska,XL,Cyan,3,Yes,Express,Yes,3,Bank Transfer
Monthly,Fall,1040,29,Male,Belt,Accessories,46,Michigan,M,Magenta,4.8,Yes,Standard,Yes,39,Venmo
Bi-Weekly,Fall,1041,68,Male,Jeans,Clothing,22,North Carolin,S,Magenta,4,Yes,Next Day Air,Yes,7,Cash
Bi-Weekly,Summer,1042,36,Male,Shirt,Clothing,25,Minnesota,M,Orange,4.9,Yes,Next Day Air,Yes,11,Cash
Weekly,Spring,1043,55,Male,Belt,Accessories,80,Maryland,M,Maroon,4.9,Yes,Next Day Air,Yes,47,Credit Card
Bi-Weekly,Spring,1044,28,Male,Jeans,Clothing,76,Hawaii,M,Green,3.3,Yes,2-Day Shipping,Yes,28,Debit Card
Quarterly,Summer,1045,39,Male,Jeans,Clothing,30,Oregon,L,Teal,4.4,Yes,Next Day Air,Yes,17,Bank Transfer
Bi-Weekly,Fall,1046,54,Male,Sweater,Clothing,79,New Mexico,L,Black,3.5,Yes,2-Day Shipping,Yes,11,PayPal
Annually,Winter,1047,40,Male,Sneakers,Footwear,22,Illinois,M,Magenta,4.2,Yes,Standard,Yes,12,Venmo
Bi-Weekly,Fall,1048,31,Male,Socks,Clothing,36,Utah,S,Olive,4.2,Yes,Standard,Yes,7,Credit Card
Bi-Weekly,Fall,1049,30,Male,Socks,Clothing,77,Maine,L,Yellow,2.7,Yes,Standard,Yes,19,Venmo
Quarterly,Fall,1050,45,Male,Sunglasses,Accessories,33,Virginia,S,Purple,2.8,Yes,Store Pickup,Yes,24,Cash
Monthly,Winter,1051,48,Male,Sneakers,Footwear,64,Florida,M,Beige,3.8,Yes,Next Day Air,Yes,19,Venmo
Annually,Fall,1052,45,Male,Socks,Clothing,53,Ohio,M,Indigo,2.6,Yes,Free Shipping,Yes,39,PayPal
Bi-Weekly,Fall,1053,60,Male,Shoes,Footwear,36,Virginia,XL,Pink,3,Yes,2-Day Shipping,Yes,1,Credit Card
Bi-Weekly,Spring,1054,59,Male,Blouse,Clothing,70,Kansas,M,Blue,3.3,No,2-Day Shipping,Yes,10,Debit Card
Quarterly,Winter,1055,18,Male,Shorts,Clothing,96,Arkansas,L,Cyan,4.9,No,Express,Yes,48,PayPal
Annually,Spring,1056,70,Male,Jacket,Outerwear,27,Massachusetts,M,Orange,3.3,No,Next Day Air,Yes,24,Debit Card
Bi-Weekly,Winter,1057,20,Male,Sweater,Clothing,64,Idaho,L,Black,2.9,No,2-Day Shipping,Yes,42,Venmo
Weekly,Spring,1058,65,Male,Jacket,Outerwear,23,Wisconsin,S,Maroon,4.4,No,2-Day Shipping,Yes,20,Credit Card
Quarterly,Summer,1059,29,Male,Scarf,Accessories,33,New Mexico,L,Violet,3.1,No,Next Day Air,Yes,49,Bank Transfer
Monthly,Winter,1060,22,Male,Jacket,Outerwear,34,North Carolin,M,Beige,2.5,No,Standard,Yes,25,Debit Card
Quarterly,Summer,1061,27,Male,Sweater,Clothing,35,Iowa,S,Gray,2.6,No,Next Day Air,Yes,21,Debit Card
Quarterly,Summer,1062,36,Male,Coat,Outerwear,62,Idaho,M,Gray,4.4,No,Free Shipping,Yes,12,Venmo
Quarterly,Fall,1063,59,Male,Boots,Footwear,75,Ohio,M,Brown,2.6,No,Next Day Air,Yes,21,Debit Card
Monthly,Summer,1064,62,Male,Hoodie,Clothing,29,Alabama,S,Indigo,3.3,No,Free Shipping,Yes,35,Cash
Quarterly,Spring,1065,34,Male,Hat,Accessories,28,Wyoming,M,Violet,3.5,No,Express,Yes,42,Credit Card
Quarterly,Spring,1066,59,Male,T-shirt,Clothing,20,Alabama,XL,Blue,4.1,No,Store Pickup,Yes,3,PayPal
Bi-Weekly,Winter,1067,49,Male,Coat,Outerwear,96,Mississippi,M,Red,4,No,Store Pickup,Yes,11,PayPal
Quarterly,Summer,1068,18,Male,Dress,Clothing,43,Pennsylvania,S,Peach,2.7,No,2-Day Shipping,Yes,22,PayPal
Weekly,Fall,1069,55,Male,Shirt,Clothing,94,Wyoming,M,Olive,2.5,No,Standard,Yes,47,Credit Card
Quarterly,Fall,1070,38,Male,Skirt,Clothing,81,Maryland,XL,White,4.3,No,Next Day Air,Yes,33,Venmo
Weekly,Summer,1071,50,Male,Jewelry,Accessories,75,North Carolin,M,Magenta,3.3,No,Free Shipping,Yes,50,Debit Card
Monthly,Summer,1072,61,Male,Hat,Accessories,81,Pennsylvania,M,Beige,2.6,No,Express,Yes,46,Credit Card
Bi-Weekly,Fall,1073,48,Male,Shorts,Clothing,92,Idaho,L,Gold,3.6681951,No,Express,Yes,34,Debit Card
Monthly,Spring,1074,22,Male,Scarf,Accessories,96,California,XL,Purple,4,No,Store Pickup,Yes,33,Credit Card
Bi-Weekly,Fall,1075,48,Male,Jewelry,Accessories,71,Tennessee,S,White,2.6,No,Standard,Yes,45,Bank Transfer
Bi-Weekly,Summer,1076,57,Male,Sunglasses,Accessories,50,Missouri,L,Indigo,4.9,No,Next Day Air,Yes,32,Debit Card
Bi-Weekly,Spring,1077,33,Male,Coat,Outerwear,72,North Dakota,L,Charcoa,2.9,No,Standard,Yes,47,Venmo
Quarterly,Winter,1078,58,Male,Jacket,Outerwear,28,West Virginia,M,Pink,3.7,No,Standard,Yes,5,PayPal
Bi-Weekly,Fall,1079,37,Male,Sweater,Clothing,59,Arizona,M,Silver,4.4,No,Express,Yes,49,Credit Card
Monthly,Summer,1080,18,Male,Coat,Outerwear,33,Oklahoma,S,Blue,4.4,No,Free Shipping,Yes,48,Bank Transfer
Quarterly,Fall,1081,65,Male,Scarf,Accessories,59,Pennsylvania,L,Blue,3.8,No,Express,Yes,22,Cash
Annually,Spring,1082,62,Male,Belt,Accessories,30,Idaho,XL,Brown,4.5,No,Standard,Yes,45,Credit Card
Quarterly,Winter,1083,54,Male,Hat,Accessories,85,South Carolin,XL,Cyan,2.6,No,Next Day Air,Yes,30,Venmo
Weekly,Summer,1084,35,Male,Backpack,Accessories,97,Washington,L,Teal,3.3,No,Store Pickup,Yes,43,Cash
Quarterly,Fall,1085,34,Male,T-shirt,Clothing,36,Arkansas,S,Purple,4.1,No,Next Day Air,Yes,48,Cash
Bi-Weekly,Winter,1086,25,Male,Jewelry,Accessories,85,Utah,M,Turquoi,3,No,Store Pickup,Yes,23,Venmo
Bi-Weekly,Winter,1087,53,Male,Sunglasses,Accessories,62,Alaska,M,Olive,3,No,Free Shipping,Yes,27,PayPal
Monthly,Winter,1088,45,Male,Jeans,Clothing,71,West Virginia,S,White,3.4,No,Next Day Air,Yes,7,Bank Transfer
Weekly,Winter,1089,49,Male,Pants,Clothing,21,Louisiana,M,Turquoi,2.7,No,Free Shipping,Yes,2,PayPal
Bi-Weekly,Spring,1090,40,Male,Backpack,Accessories,61,Arizona,M,Silver,3.8,No,Next Day Air,Yes,33,PayPal
Bi-Weekly,Spring,1091,38,Male,Scarf,Accessories,58,Connecticut,M,Violet,4.2,No,Store Pickup,Yes,27,Cash
Bi-Weekly,Spring,1092,44,Male,Sweater,Clothing,80,North Carolin,L,Lavende,4.7,No,Store Pickup,Yes,6,Credit Card
Quarterly,Spring,1093,68,Male,Jewelry,Accessories,50,South Dakota,L,Magenta,4.1,No,2-Day Shipping,Yes,20,Venmo
Quarterly,Winter,1094,60,Male,Sneakers,Footwear,48,Delaware,S,Indigo,4.2,No,2-Day Shipping,Yes,46,Venmo
Quarterly,Winter,1095,25,Male,Jewelry,Accessories,40,Connecticut,M,Black,4.8,No,Next Day Air,Yes,25,Cash
Quarterly,Summer,1096,19,Male,Coat,Outerwear,34,Tennessee,S,Peach,3,No,Free Shipping,Yes,30,Bank Transfer
Annually,Fall,1097,57,Male,Coat,Outerwear,46,New Hampshire,S,Beige,2.6,No,Standard,Yes,48,Credit Card
Weekly,Summer,1098,58,Male,Sunglasses,Accessories,27,Vermont,M,Black,3.2,No,Store Pickup,Yes,47,Bank Transfer
Weekly,Spring,1099,49,Male,Handbag,Accessories,98,Idaho,S,Turquoi,3.6,No,Next Day Air,Yes,27,Credit Card
Bi-Weekly,Fall,1100,19,Male,Sweater,Clothing,73,North Carolin,M,Peach,2.6,No,Next Day Air,Yes,45,Bank Transfer
Weekly,Spring,1101,50,Male,Pants,Clothing,28,Nevada,L,Gold,4.4,No,Express,Yes,2,Credit Card
Bi-Weekly,Fall,1102,30,Male,Gloves,Accessories,76,Delaware,XL,Silver,3,No,Free Shipping,Yes,39,Cash
Bi-Weekly,Fall,1103,52,Male,Sweater,Clothing,83,Texas,M,Peach,2.9,No,Express,Yes,24,Cash
Bi-Weekly,Spring,1104,35,Male,Hoodie,Clothing,23,Tennessee,S,Charcoa,4.3,No,Free Shipping,Yes,8,Debit Card
Quarterly,Fall,1105,35,Male,Hat,Accessories,28,Delaware,M,Beige,3.1,No,Express,Yes,8,Bank Transfer
Quarterly,Spring,1106,33,Male,T-shirt,Clothing,83,Massachusetts,S,Olive,3,No,Next Day Air,Yes,6,Venmo
Bi-Weekly,Winter,1107,52,Male,Skirt,Clothing,96,Minnesota,L,Violet,3.6,No,Store Pickup,Yes,12,Venmo
Weekly,Fall,1108,69,Male,Sneakers,Footwear,62,Texas,M,Peach,2.8,No,Store Pickup,Yes,26,Bank Transfer
Bi-Weekly,Fall,1109,27,Male,Shorts,Clothing,25,Nebraska,M,Teal,2.8,No,Standard,Yes,50,Cash
Weekly,Winter,1110,66,Male,Hoodie,Clothing,97,Oklahoma,L,Violet,3.6681951,No,Next Day Air,Yes,2,Venmo
Bi-Weekly,Fall,1111,28,Male,Hoodie,Clothing,61,Texas,L,Cyan,3,No,Standard,Yes,31,Cash
Bi-Weekly,Summer,1112,22,Male,Shoes,Footwear,66,New York,S,Olive,4.1,No,Next Day Air,Yes,4,Credit Card
Quarterly,Spring,1113,69,Male,Hoodie,Clothing,67,Washington,XL,Pink,4.6,No,Free Shipping,Yes,32,PayPal
Bi-Weekly,Summer,1114,28,Male,Sunglasses,Accessories,80,Maryland,M,Purple,4.8,No,Next Day Air,Yes,11,PayPal
Quarterly,Fall,1115,55,Male,Skirt,Clothing,25,New Hampshire,L,Violet,2.6,No,Next Day Air,Yes,47,Bank Transfer
Weekly,Fall,1116,30,Male,Hat,Accessories,58,New York,S,Peach,4,No,2-Day Shipping,Yes,37,Cash
Bi-Weekly,Winter,1117,67,Male,Backpack,Accessories,96,Hawaii,M,Charcoa,4.2,No,Express,Yes,39,PayPal
Monthly,Spring,1118,25,Male,Sunglasses,Accessories,77,California,L,Lavende,4.5,No,Store Pickup,Yes,24,Credit Card
Quarterly,Summer,1119,49,Male,Belt,Accessories,65,Indiana,M,Purple,4.9,No,Standard,Yes,11,PayPal
Weekly,Spring,1120,34,Male,Jewelry,Accessories,36,Louisiana,M,Indigo,3.1,No,Standard,Yes,36,Credit Card
Monthly,Winter,1121,22,Male,Sneakers,Footwear,84,Pennsylvania,M,Magenta,4,No,Next Day Air,Yes,40,Debit Card
Quarterly,Fall,1122,63,Male,T-shirt,Clothing,58,Florida,XL,Peach,3.2,No,Express,Yes,25,Cash
Annually,Spring,1123,70,Male,Handbag,Accessories,62,North Carolin,S,Charcoa,4.3,No,2-Day Shipping,Yes,12,Credit Card
Monthly,Fall,1124,36,Male,Hat,Accessories,67,Massachusetts,S,Purple,2.5,No,Store Pickup,Yes,38,Cash
Quarterly,Spring,1125,42,Male,Sweater,Clothing,20,Iowa,M,Orange,3.6681951,No,Express,Yes,40,Cash
Weekly,Summer,1126,27,Male,Sandals,Footwear,90,North Dakota,M,Lavende,2.7,No,2-Day Shipping,Yes,10,Bank Transfer
Bi-Weekly,Winter,1127,23,Male,Scarf,Accessories,58,Iowa,L,Beige,3.4,No,Standard,Yes,47,Venmo
Monthly,Spring,1128,50,Male,Shirt,Clothing,53,Delaware,XL,Maroon,4.8,No,Store Pickup,Yes,22,Debit Card
Monthly,Winter,1129,56,Male,Gloves,Accessories,30,New York,L,Charcoa,4.7,No,Next Day Air,Yes,35,Debit Card
Bi-Weekly,Winter,1130,37,Male,Hoodie,Clothing,65,New Hampshire,XL,White,4.7,No,Express,Yes,46,Venmo
Bi-Weekly,Summer,1131,67,Male,Jewelry,Accessories,41,Kentucky,M,Lavende,3.9,No,Standard,Yes,30,PayPal
Monthly,Spring,1132,67,Male,Shirt,Clothing,73,Illinois,M,Black,3.7,No,Express,Yes,20,Bank Transfer
Bi-Weekly,Spring,1133,50,Male,Hoodie,Clothing,98,North Carolin,S,Teal,4.3,No,Store Pickup,Yes,25,Cash
Weekly,Winter,1134,36,Male,Shoes,Footwear,36,Connecticut,XL,Magenta,4.1,No,2-Day Shipping,Yes,29,Cash
Quarterly,Summer,1135,62,Male,T-shirt,Clothing,81,Wisconsin,M,Brown,3.6681951,No,Express,Yes,2,Venmo
Quarterly,Winter,1136,65,Male,Skirt,Clothing,90,Massachusetts,L,Peach,3.6,No,2-Day Shipping,Yes,32,Bank Transfer
Monthly,Summer,1137,23,Male,Handbag,Accessories,83,Illinois,S,Cyan,4.8,No,Free Shipping,Yes,37,Cash
Quarterly,Winter,1138,46,Male,Shirt,Clothing,91,New Mexico,XL,Pink,2.8,No,2-Day Shipping,Yes,16,Bank Transfer
Bi-Weekly,Summer,1139,18,Male,Pants,Clothing,36,Iowa,M,Purple,4.7,No,Express,Yes,32,Venmo
Bi-Weekly,Spring,1140,58,Male,Coat,Outerwear,53,Alabama,L,Purple,3.9,No,Standard,Yes,42,Debit Card
Quarterly,Winter,1141,31,Male,Jeans,Clothing,39,Maryland,M,White,2.6,No,Store Pickup,Yes,6,Credit Card
Bi-Weekly,Winter,1142,39,Male,Gloves,Accessories,33,Ohio,S,Silver,4.7,No,Next Day Air,Yes,23,PayPal
Bi-Weekly,Spring,1143,69,Male,T-shirt,Clothing,76,Ohio,L,Green,3.5,No,Store Pickup,Yes,27,Venmo
Quarterly,Winter,1144,68,Male,Boots,Footwear,23,Nevada,L,Teal,4.4,No,Standard,Yes,43,PayPal
Bi-Weekly,Fall,1145,41,Male,Jeans,Clothing,54,South Carolin,S,Indigo,4.4,No,2-Day Shipping,Yes,25,Bank Transfer
Quarterly,Summer,1146,31,Male,Sneakers,Footwear,89,Nevada,L,Pink,3,No,Express,Yes,30,Cash
Quarterly,Summer,1147,48,Male,Sneakers,Footwear,38,Wisconsin,M,Indigo,4.2,No,Standard,Yes,7,Bank Transfer
Annually,Winter,1148,59,Male,Hat,Accessories,36,Tennessee,XL,Red,4.3,No,Next Day Air,Yes,17,Debit Card
Bi-Weekly,Spring,1149,34,Male,Pants,Clothing,66,Florida,M,Violet,2.6,No,Store Pickup,Yes,10,PayPal
Annually,Spring,1150,21,Male,Jewelry,Accessories,42,Georgia,L,Cyan,3.3,No,Store Pickup,Yes,40,Venmo
Bi-Weekly,Winter,1151,29,Male,Jewelry,Accessories,36,Kentucky,S,Red,2.7,No,Next Day Air,Yes,50,Venmo
Weekly,Spring,1152,41,Male,Blouse,Clothing,86,Ohio,M,Gray,3.6681951,No,Express,Yes,24,Credit Card
Quarterly,Fall,1153,62,Male,Handbag,Accessories,49,Connecticut,M,Gold,4,No,Standard,Yes,8,PayPal
Quarterly,Summer,1154,27,Male,Shirt,Clothing,41,Idaho,M,Pink,4,No,Free Shipping,Yes,6,Bank Transfer
Bi-Weekly,Spring,1155,49,Male,Dress,Clothing,82,Georgia,L,Cyan,2.9,No,2-Day Shipping,Yes,44,Credit Card
Quarterly,Fall,1156,67,Male,T-shirt,Clothing,53,Tennessee,S,Red,2.6,No,Express,Yes,47,PayPal
Quarterly,Summer,1157,20,Male,Shoes,Footwear,21,Hawaii,M,Gold,4.8,No,Express,Yes,6,Venmo
Quarterly,Fall,1158,37,Male,Belt,Accessories,66,Maryland,M,Charcoa,4.4,No,Standard,Yes,11,Cash
Annually,Summer,1159,69,Male,Belt,Accessories,89,Nevada,L,Orange,4,No,2-Day Shipping,Yes,41,Bank Transfer
Quarterly,Fall,1160,66,Male,Handbag,Accessories,55,New Hampshire,L,Blue,3.6,No,2-Day Shipping,Yes,46,Venmo
Bi-Weekly,Summer,1161,37,Male,Scarf,Accessories,42,North Dakota,S,Blue,3.2,No,Next Day Air,Yes,9,Venmo
Monthly,Fall,1162,63,Male,Shorts,Clothing,52,Oklahoma,S,Orange,3.1,No,2-Day Shipping,Yes,37,PayPal
Weekly,Winter,1163,47,Male,Sandals,Footwear,92,North Carolin,M,Blue,4.2,No,Express,Yes,13,PayPal
Monthly,Summer,1164,26,Male,Pants,Clothing,56,Tennessee,L,White,3,No,2-Day Shipping,Yes,24,Debit Card
Quarterly,Winter,1165,68,Male,Dress,Clothing,96,Montana,M,Green,4.2,No,Standard,Yes,47,PayPal
Quarterly,Winter,1166,51,Male,T-shirt,Clothing,64,Wisconsin,M,Silver,2.9,No,Next Day Air,Yes,21,Venmo
Bi-Weekly,Winter,1167,48,Male,Dress,Clothing,48,Connecticut,S,Lavende,3.7,No,Store Pickup,Yes,22,Venmo
Quarterly,Summer,1168,60,Male,Socks,Clothing,83,New Jersey,XL,Beige,3.6,No,Free Shipping,Yes,16,PayPal
Bi-Weekly,Summer,1169,68,Male,Scarf,Accessories,91,Mississippi,L,Violet,3.6,No,Standard,Yes,37,Debit Card
Annually,Fall,1170,25,Male,Backpack,Accessories,94,Wyoming,S,Gray,4.5,No,2-Day Shipping,Yes,3,Cash
Bi-Weekly,Spring,1171,57,Male,Skirt,Clothing,62,Illinois,S,Red,3.2,No,Express,Yes,33,Cash
Annually,Spring,1172,41,Male,Socks,Clothing,55,Louisiana,M,Lavende,3.9,No,Next Day Air,Yes,15,Debit Card
Bi-Weekly,Spring,1173,59,Male,Coat,Outerwear,68,Oregon,L,Peach,4.6,No,Store Pickup,Yes,42,Bank Transfer
Bi-Weekly,Winter,1174,44,Male,Jewelry,Accessories,76,South Dakota,M,Indigo,2.5,No,Express,Yes,42,Cash
Bi-Weekly,Winter,1175,42,Male,Backpack,Accessories,31,Michigan,M,Black,4.3,No,Express,Yes,19,Bank Transfer
Quarterly,Spring,1176,35,Male,Belt,Accessories,81,New Jersey,M,Beige,4.1,No,Store Pickup,Yes,26,PayPal
Quarterly,Winter,1177,36,Male,Dress,Clothing,83,Oregon,M,Red,3.6681951,No,Free Shipping,Yes,39,PayPal
Monthly,Spring,1178,54,Male,Skirt,Clothing,21,Iowa,M,Black,4.8,No,Standard,Yes,24,Debit Card
Annually,Spring,1179,37,Male,Dress,Clothing,22,South Carolin,M,Teal,4.9,No,Express,Yes,23,Debit Card
Annually,Summer,1180,20,Male,T-shirt,Clothing,33,Indiana,M,Blue,2.8,No,Free Shipping,Yes,44,Bank Transfer
Monthly,Spring,1181,23,Male,Skirt,Clothing,23,Oregon,S,Beige,4.9,No,Standard,Yes,34,Cash
Quarterly,Summer,1182,61,Male,Shorts,Clothing,96,New York,L,Teal,3.5,No,Free Shipping,Yes,43,Bank Transfer
Quarterly,Spring,1183,37,Male,Jewelry,Accessories,21,New Mexico,M,Maroon,3.8,No,Express,Yes,45,PayPal
Weekly,Spring,1184,23,Male,Pants,Clothing,39,Louisiana,M,Yellow,4.5,No,2-Day Shipping,Yes,4,Credit Card
Annually,Fall,1185,63,Male,Belt,Accessories,73,South Carolin,S,Indigo,3.4,No,Express,Yes,19,Credit Card
Monthly,Spring,1186,47,Male,Jeans,Clothing,64,Maine,M,Magenta,3.9,No,Standard,Yes,29,Credit Card
Annually,Summer,1187,63,Male,Jeans,Clothing,68,Indiana,M,Beige,4.1,No,2-Day Shipping,Yes,27,Credit Card
Quarterly,Fall,1188,56,Male,Hat,Accessories,89,Iowa,L,Maroon,3,No,Express,Yes,37,Credit Card
Weekly,Summer,1189,68,Male,Blouse,Clothing,29,Mississippi,M,Magenta,3.3,No,Next Day Air,Yes,11,Credit Card
Annually,Summer,1190,64,Male,Shirt,Clothing,97,Arkansas,XL,Teal,3.6681951,No,Free Shipping,Yes,28,Debit Card
Weekly,Winter,1191,62,Male,Shirt,Clothing,45,South Carolin,M,Orange,4.3,No,Next Day Air,Yes,31,Credit Card
Quarterly,Winter,1192,34,Male,T-shirt,Clothing,70,Indiana,L,Charcoa,4.1,No,Free Shipping,Yes,50,Venmo
Quarterly,Summer,1193,49,Male,Coat,Outerwear,56,Florida,M,Turquoi,4,No,2-Day Shipping,Yes,42,Venmo
Bi-Weekly,Fall,1194,40,Male,Jacket,Outerwear,55,Alaska,L,Pink,5,No,2-Day Shipping,Yes,18,Credit Card
Bi-Weekly,Winter,1195,50,Male,Hoodie,Clothing,46,New York,S,Teal,3.1,No,2-Day Shipping,Yes,6,Credit Card
Monthly,Winter,1196,25,Male,Scarf,Accessories,95,Texas,M,White,4,No,2-Day Shipping,Yes,33,Venmo
Bi-Weekly,Winter,1197,30,Male,Belt,Accessories,88,North Dakota,M,Maroon,3.2,No,2-Day Shipping,Yes,13,Bank Transfer
Annually,Fall,1198,54,Male,Sneakers,Footwear,92,Vermont,L,Violet,3.9,No,Standard,Yes,26,PayPal
Annually,Summer,1199,40,Male,Socks,Clothing,49,New Jersey,M,Brown,3.9,No,2-Day Shipping,Yes,17,Cash
Weekly,Fall,1200,49,Male,Sandals,Footwear,89,Maryland,M,Indigo,4.5,No,Free Shipping,Yes,3,Debit Card
Weekly,Winter,1201,27,Male,Coat,Outerwear,22,Connecticut,XL,Black,4.4,No,Store Pickup,Yes,7,PayPal
Bi-Weekly,Summer,1202,27,Male,Shoes,Footwear,61,Illinois,XL,Black,3.1,No,2-Day Shipping,Yes,46,Venmo
Quarterly,Spring,1203,48,Male,Scarf,Accessories,29,Maryland,S,Olive,2.9,No,Standard,Yes,14,Venmo
Annually,Winter,1204,40,Male,Sneakers,Footwear,82,Minnesota,M,Orange,3.7,No,Free Shipping,Yes,23,Bank Transfer
Quarterly,Spring,1205,67,Male,Belt,Accessories,94,Florida,M,Pink,3.2,No,2-Day Shipping,Yes,20,Credit Card
Bi-Weekly,Spring,1206,52,Male,Handbag,Accessories,99,California,M,Olive,3.5,No,Standard,Yes,38,Bank Transfer
Quarterly,Fall,1207,22,Male,Handbag,Accessories,59,Mississippi,S,Cyan,3,No,Free Shipping,Yes,16,Venmo
Quarterly,Summer,1208,62,Male,Boots,Footwear,90,Washington,M,White,4.1,No,Next Day Air,Yes,48,Credit Card
Annually,Winter,1209,20,Male,Boots,Footwear,100,Wisconsin,S,Red,3.6681951,No,2-Day Shipping,Yes,8,Debit Card
Monthly,Winter,1210,41,Male,Pants,Clothing,62,Pennsylvania,M,Blue,3.8,No,Next Day Air,Yes,16,Bank Transfer
Quarterly,Fall,1211,34,Male,Sunglasses,Accessories,78,Missouri,M,Olive,4.1,No,Next Day Air,Yes,5,Cash
Quarterly,Spring,1212,23,Male,Hoodie,Clothing,94,Oklahoma,M,Green,4.6,No,Store Pickup,Yes,14,Venmo
Weekly,Summer,1213,32,Male,Shoes,Footwear,74,Pennsylvania,M,Yellow,2.5,No,Free Shipping,Yes,18,Credit Card
Quarterly,Spring,1214,68,Male,Handbag,Accessories,52,Kentucky,XL,Black,3.7,No,Express,Yes,14,Debit Card
Quarterly,Fall,1215,30,Male,Jacket,Outerwear,81,Vermont,M,Blue,3.8,No,Free Shipping,Yes,5,Cash
Quarterly,Winter,1216,66,Male,Blouse,Clothing,20,Oregon,L,Pink,2.6,No,2-Day Shipping,Yes,15,Credit Card
Quarterly,Summer,1217,62,Male,Pants,Clothing,32,Utah,XL,Lavende,3.7,No,Free Shipping,Yes,3,Venmo
Quarterly,Fall,1218,50,Male,Boots,Footwear,63,Nebraska,XL,Cyan,2.6,No,Free Shipping,Yes,12,Cash
Quarterly,Spring,1219,55,Male,Boots,Footwear,79,Pennsylvania,M,Cyan,3.1,No,Store Pickup,Yes,43,Cash
Bi-Weekly,Winter,1220,19,Male,Sweater,Clothing,23,Vermont,M,Gold,2.5,No,Next Day Air,Yes,35,Credit Card
Quarterly,Winter,1221,67,Male,Gloves,Accessories,64,Kentucky,M,Green,3.6681951,No,Express,Yes,36,Bank Transfer
Quarterly,Winter,1222,18,Male,Socks,Clothing,69,Iowa,M,Red,4.5,No,Standard,Yes,3,Cash
Annually,Fall,1223,58,Male,Jeans,Clothing,69,Indiana,L,Magenta,3.4,No,Store Pickup,Yes,27,Bank Transfer
Weekly,Winter,1224,69,Male,Pants,Clothing,24,Kansas,L,Red,3.9,No,Free Shipping,Yes,21,Bank Transfer
Weekly,Summer,1225,62,Male,Shorts,Clothing,50,Illinois,M,Yellow,3.7,No,Store Pickup,Yes,18,Venmo
Weekly,Fall,1226,28,Male,Gloves,Accessories,97,North Carolin,S,Turquoi,2.6,No,Free Shipping,Yes,16,Debit Card
Bi-Weekly,Fall,1227,53,Male,Sandals,Footwear,91,Ohio,S,Cyan,3.4,No,Store Pickup,Yes,18,Venmo
Bi-Weekly,Spring,1228,27,Male,Blouse,Clothing,37,Illinois,L,Yellow,4.9,No,Store Pickup,Yes,19,Bank Transfer
Annually,Winter,1229,55,Male,Jacket,Outerwear,55,Indiana,S,Yellow,3.9,No,Express,Yes,1,Cash
Annually,Winter,1230,34,Male,Jewelry,Accessories,52,Kansas,XL,Maroon,3.6,No,Express,Yes,39,Bank Transfer
Monthly,Spring,1231,25,Male,Hat,Accessories,80,Illinois,L,Brown,3.6681951,No,Standard,Yes,49,Venmo
Bi-Weekly,Spring,1232,66,Male,Socks,Clothing,79,Pennsylvania,M,Gold,4,No,2-Day Shipping,Yes,43,Credit Card
Quarterly,Summer,1233,57,Male,Handbag,Accessories,23,New York,M,Charcoa,3.6,No,Free Shipping,Yes,31,Debit Card
Quarterly,Winter,1234,46,Male,Pants,Clothing,73,Utah,L,Beige,3.5,No,Next Day Air,Yes,40,Venmo
Bi-Weekly,Fall,1235,38,Male,Gloves,Accessories,99,New Jersey,M,Indigo,4.1,No,Store Pickup,Yes,2,Bank Transfer
Quarterly,Spring,1236,23,Male,Sweater,Clothing,22,Idaho,M,Red,3,No,Store Pickup,Yes,46,PayPal
Quarterly,Summer,1237,42,Male,Hat,Accessories,68,New Mexico,M,White,4.4,No,Store Pickup,Yes,35,Debit Card
Quarterly,Spring,1238,25,Male,Dress,Clothing,92,Michigan,S,Charcoa,4.4,No,2-Day Shipping,Yes,42,Credit Card
Bi-Weekly,Winter,1239,55,Male,Pants,Clothing,77,Wyoming,M,Violet,3.7,No,Express,Yes,3,Venmo
Quarterly,Spring,1240,62,Male,Coat,Outerwear,37,New Jersey,XL,Magenta,4.8,No,Standard,Yes,32,Debit Card
Annually,Winter,1241,41,Male,Scarf,Accessories,79,New Jersey,L,White,2.9,No,Store Pickup,Yes,48,Debit Card
Weekly,Winter,1242,58,Male,Hoodie,Clothing,51,Hawaii,XL,Pink,3.1,No,Express,Yes,34,Credit Card
Quarterly,Summer,1243,56,Male,Socks,Clothing,27,Nevada,M,Lavende,4,No,Next Day Air,Yes,15,Bank Transfer
Annually,Spring,1244,25,Male,Blouse,Clothing,23,New Hampshire,S,Pink,3,No,Store Pickup,Yes,22,Debit Card
Monthly,Summer,1245,70,Male,Socks,Clothing,76,Indiana,S,Silver,3.9,No,2-Day Shipping,Yes,2,Cash
Weekly,Fall,1246,42,Male,Dress,Clothing,31,New York,M,Violet,3.4,No,Standard,Yes,30,Bank Transfer
Monthly,Winter,1247,27,Male,Hoodie,Clothing,60,Louisiana,M,Charcoa,2.7,No,Standard,Yes,27,Cash
Bi-Weekly,Spring,1248,65,Male,T-shirt,Clothing,99,Virginia,M,Charcoa,3.6681951,No,Express,Yes,18,Venmo
Annually,Winter,1249,62,Male,Hat,Accessories,37,Wisconsin,XL,Red,3,No,Free Shipping,Yes,8,Credit Card
Bi-Weekly,Winter,1250,62,Male,Boots,Footwear,50,Oregon,M,Peach,4.5,No,Express,Yes,48,Venmo
Monthly,Winter,1251,52,Male,Jeans,Clothing,26,New Hampshire,XL,Purple,4.1,No,Free Shipping,Yes,24,Cash
Monthly,Spring,1252,56,Male,Shorts,Clothing,86,Indiana,XL,Orange,5,No,Next Day Air,Yes,43,Credit Card
Quarterly,Fall,1253,28,Male,Sandals,Footwear,41,Massachusetts,L,Magenta,4,No,Standard,Yes,8,Cash
Annually,Winter,1254,39,Male,Sandals,Footwear,23,Montana,XL,Red,4.9,No,Express,Yes,49,PayPal
Bi-Weekly,Spring,1255,54,Male,Sneakers,Footwear,56,California,XL,Black,3.3,No,2-Day Shipping,Yes,2,Credit Card
Bi-Weekly,Fall,1256,30,Male,Hat,Accessories,68,Indiana,M,Peach,4.1,No,Standard,Yes,38,Cash
Bi-Weekly,Winter,1257,45,Male,Coat,Outerwear,48,West Virginia,S,Olive,3.6,No,Express,Yes,4,Cash
Quarterly,Spring,1258,68,Male,Dress,Clothing,67,Minnesota,L,Gold,3,No,Free Shipping,Yes,31,Cash
Quarterly,Spring,1259,47,Male,Boots,Footwear,87,Ohio,XL,Gold,4.1,No,2-Day Shipping,Yes,34,Debit Card
Monthly,Fall,1260,68,Male,Skirt,Clothing,64,Minnesota,M,Turquoi,3.9,No,Standard,Yes,45,Credit Card
Quarterly,Spring,1261,63,Male,Shirt,Clothing,93,Virginia,XL,Green,4.1,No,Store Pickup,Yes,30,Debit Card
Bi-Weekly,Summer,1262,20,Male,Shirt,Clothing,29,Connecticut,L,Maroon,2.8,No,Next Day Air,Yes,2,Credit Card
Monthly,Winter,1263,29,Male,Boots,Footwear,62,Tennessee,L,Brown,4.8,No,Store Pickup,Yes,44,Venmo
Bi-Weekly,Winter,1264,41,Male,Hoodie,Clothing,70,Delaware,L,Brown,4.6,No,2-Day Shipping,Yes,1,Credit Card
Bi-Weekly,Winter,1265,52,Male,Sweater,Clothing,92,Vermont,S,Blue,2.5,No,Next Day Air,Yes,1,Venmo
Weekly,Spring,1266,32,Male,Shirt,Clothing,79,Louisiana,M,Lavende,2.7,No,Next Day Air,Yes,27,Bank Transfer
Quarterly,Fall,1267,20,Male,Blouse,Clothing,31,North Dakota,M,Peach,4,No,Standard,Yes,14,Debit Card
Weekly,Spring,1268,47,Male,T-shirt,Clothing,83,Oregon,S,Gray,2.7,No,Standard,Yes,41,Cash
Bi-Weekly,Winter,1269,23,Male,Jacket,Outerwear,88,Idaho,XL,Charcoa,2.9,No,Next Day Air,Yes,25,Debit Card
Quarterly,Spring,1270,43,Male,Jewelry,Accessories,53,Vermont,M,Lavende,3,No,Standard,Yes,47,PayPal
Annually,Fall,1271,67,Male,Hoodie,Clothing,98,West Virginia,M,Green,3.3,No,Standard,Yes,20,Cash
Annually,Spring,1272,70,Male,Jewelry,Accessories,57,Kentucky,S,Gray,4.3,No,Store Pickup,Yes,42,PayPal
Monthly,Winter,1273,35,Male,Sandals,Footwear,80,Wisconsin,M,Orange,4.4,No,Express,Yes,16,Bank Transfer
Quarterly,Spring,1274,41,Male,Jeans,Clothing,29,Mississippi,L,Silver,4.1,No,Next Day Air,Yes,32,Credit Card
Quarterly,Spring,1275,54,Male,Hat,Accessories,73,Missouri,M,Olive,3.1,No,2-Day Shipping,Yes,37,PayPal
Monthly,Fall,1276,55,Male,Sweater,Clothing,32,Arkansas,S,Turquoi,4.5,No,Standard,Yes,1,PayPal
Weekly,Spring,1277,51,Male,Boots,Footwear,68,Wyoming,L,Turquoi,4.8,No,Next Day Air,Yes,37,Bank Transfer
Quarterly,Spring,1278,19,Male,Blouse,Clothing,97,Rhode Island,L,Green,5,No,Express,Yes,5,Venmo
Bi-Weekly,Fall,1279,28,Male,Shorts,Clothing,98,Utah,M,Violet,2.8,No,Next Day Air,Yes,31,Venmo
Annually,Fall,1280,63,Male,Hoodie,Clothing,56,Maryland,L,Charcoa,3.7,No,Express,Yes,18,Debit Card
Quarterly,Winter,1281,30,Male,Pants,Clothing,78,Georgia,L,White,4.4,No,2-Day Shipping,Yes,39,Venmo
Bi-Weekly,Spring,1282,29,Male,Belt,Accessories,81,New Jersey,M,Olive,4.5,No,Store Pickup,Yes,8,Venmo
Monthly,Winter,1283,24,Male,Shirt,Clothing,68,New Hampshire,L,Violet,3,No,Free Shipping,Yes,20,Venmo
Quarterly,Winter,1284,69,Male,Shirt,Clothing,94,Oregon,M,Violet,3.9,No,2-Day Shipping,Yes,23,Debit Card
Bi-Weekly,Spring,1285,65,Male,Dress,Clothing,93,Arkansas,M,Black,3.9,No,Express,Yes,38,PayPal
Bi-Weekly,Fall,1286,64,Male,Gloves,Accessories,99,North Carolin,M,Charcoa,3.5,No,Next Day Air,Yes,45,Bank Transfer
Bi-Weekly,Winter,1287,40,Male,Gloves,Accessories,49,West Virginia,L,Yellow,4.9,No,Next Day Air,Yes,44,Debit Card
Monthly,Winter,1288,24,Male,Jeans,Clothing,28,Utah,XL,Blue,3.4,No,Standard,Yes,20,PayPal
Bi-Weekly,Winter,1289,66,Male,Belt,Accessories,93,South Dakota,XL,Charcoa,4.1,No,Standard,Yes,34,PayPal
Weekly,Fall,1290,35,Male,Jacket,Outerwear,24,New Hampshire,M,Red,2.9,No,Next Day Air,Yes,10,PayPal
Annually,Spring,1291,67,Male,Skirt,Clothing,35,Maryland,M,Indigo,3.4,No,Free Shipping,Yes,3,PayPal
Bi-Weekly,Spring,1292,69,Male,Sandals,Footwear,68,South Dakota,S,Beige,3.2,No,2-Day Shipping,Yes,23,Debit Card
Annually,Summer,1293,26,Male,Belt,Accessories,61,Kentucky,M,Maroon,3.6681951,No,Free Shipping,Yes,42,Bank Transfer
Annually,Fall,1294,23,Male,Sweater,Clothing,74,Florida,XL,Yellow,4.1,No,Standard,Yes,30,Debit Card
Quarterly,Summer,1295,27,Male,Shirt,Clothing,64,Texas,M,Silver,4.5,No,Standard,Yes,21,Cash
Weekly,Fall,1296,30,Male,Sneakers,Footwear,60,New Mexico,M,Olive,2.8,No,Standard,Yes,50,PayPal
Bi-Weekly,Spring,1297,48,Male,Jeans,Clothing,29,South Dakota,S,Teal,2.8,No,Express,Yes,16,Cash
Annually,Summer,1298,44,Male,Sandals,Footwear,85,New Jersey,M,Silver,4.6,No,Standard,Yes,32,Venmo
Bi-Weekly,Summer,1299,29,Male,Pants,Clothing,81,Indiana,S,Indigo,3,No,Free Shipping,Yes,14,Bank Transfer
Bi-Weekly,Fall,1300,29,Male,Belt,Accessories,23,Louisiana,L,Teal,3.6,No,2-Day Shipping,Yes,42,Venmo
Quarterly,Spring,1301,67,Male,T-shirt,Clothing,100,West Virginia,M,Charcoa,4.5,No,Next Day Air,Yes,47,Credit Card
Weekly,Fall,1302,42,Male,Shirt,Clothing,54,Maine,M,Orange,5,No,Express,Yes,21,Debit Card
Monthly,Fall,1303,23,Male,Sneakers,Footwear,25,Idaho,M,Gold,2.9,No,Next Day Air,Yes,37,Credit Card
Annually,Summer,1304,34,Male,Blouse,Clothing,32,New York,L,Silver,3.1,No,Next Day Air,Yes,10,Credit Card
Quarterly,Spring,1305,64,Male,Backpack,Accessories,63,Montana,S,Orange,4,No,2-Day Shipping,Yes,18,PayPal
Quarterly,Spring,1306,31,Male,Pants,Clothing,56,Mississippi,XL,Peach,4.5,No,Express,Yes,2,PayPal
Annually,Winter,1307,54,Male,Sweater,Clothing,33,Alaska,L,Brown,4.5,No,Next Day Air,Yes,40,PayPal
Annually,Summer,1308,23,Male,Coat,Outerwear,32,Missouri,L,Black,3.1,No,Express,Yes,43,PayPal
Quarterly,Summer,1309,59,Male,Dress,Clothing,38,Rhode Island,L,Red,4.4,No,Next Day Air,Yes,14,Credit Card
Quarterly,Summer,1310,32,Male,Blouse,Clothing,21,Hawaii,L,Lavende,4.7,No,Store Pickup,Yes,41,Cash
Quarterly,Winter,1311,43,Male,Hoodie,Clothing,59,South Carolin,L,Brown,3.1,No,Store Pickup,Yes,38,Credit Card
Annually,Fall,1312,32,Male,Shoes,Footwear,87,Tennessee,M,Maroon,4.2,No,Express,Yes,12,Venmo
Monthly,Winter,1313,66,Male,T-shirt,Clothing,79,Missouri,M,Violet,3,No,Store Pickup,Yes,19,Bank Transfer
Bi-Weekly,Summer,1314,70,Male,Shoes,Footwear,28,Missouri,M,Lavende,3.6681951,No,Free Shipping,Yes,23,Credit Card
Annually,Summer,1315,42,Male,Boots,Footwear,67,Missouri,S,Magenta,3.4,No,Free Shipping,Yes,49,Debit Card
Quarterly,Spring,1316,56,Male,Shorts,Clothing,75,Mississippi,L,Green,4.2,No,2-Day Shipping,Yes,29,Debit Card
Bi-Weekly,Spring,1317,28,Male,Belt,Accessories,32,Arkansas,S,Lavende,4.6,No,Standard,Yes,14,Debit Card
Monthly,Spring,1318,28,Male,Pants,Clothing,43,Kentucky,M,Green,2.8,No,Free Shipping,Yes,19,Cash
Bi-Weekly,Spring,1319,52,Male,Shorts,Clothing,93,Connecticut,M,Maroon,2.7,No,Express,Yes,19,Credit Card
Weekly,Spring,1320,65,Male,Sunglasses,Accessories,24,Oklahoma,M,Magenta,4,No,Standard,Yes,48,Bank Transfer
Annually,Fall,1321,56,Male,Hat,Accessories,31,California,XL,Teal,3.1,No,Free Shipping,Yes,19,Debit Card
Quarterly,Winter,1322,59,Male,T-shirt,Clothing,84,Missouri,L,Orange,3.7,No,Express,Yes,45,Bank Transfer
Quarterly,Winter,1323,23,Male,Pants,Clothing,74,Washington,M,Violet,4,No,Next Day Air,Yes,17,Bank Transfer
Quarterly,Spring,1324,58,Male,Shorts,Clothing,62,New York,M,Yellow,4.6,No,Standard,Yes,15,Debit Card
Bi-Weekly,Summer,1325,39,Male,Jewelry,Accessories,77,Indiana,S,Orange,3.8,No,Free Shipping,Yes,11,Credit Card
Monthly,Summer,1326,28,Male,Backpack,Accessories,73,Oregon,L,Gold,3.5,No,Express,Yes,1,Cash
Monthly,Spring,1327,40,Male,Shoes,Footwear,50,Texas,M,Indigo,3.6681951,No,Free Shipping,Yes,17,Cash
Weekly,Winter,1328,52,Male,Coat,Outerwear,40,Florida,M,Turquoi,2.8,No,Standard,Yes,37,Cash
Weekly,Winter,1329,37,Male,Sweater,Clothing,97,Rhode Island,M,Orange,3.7,No,Standard,Yes,40,Bank Transfer
Quarterly,Fall,1330,70,Male,Gloves,Accessories,63,Texas,M,Indigo,3.3,No,Express,Yes,50,PayPal
Bi-Weekly,Fall,1331,30,Male,Handbag,Accessories,65,Vermont,M,Charcoa,2.9,No,Standard,Yes,20,PayPal
Bi-Weekly,Spring,1332,38,Male,Socks,Clothing,91,Maryland,M,Lavende,3.2,No,Standard,Yes,8,PayPal
Quarterly,Spring,1333,66,Male,Hoodie,Clothing,60,Alaska,S,Gold,4.3,No,Store Pickup,Yes,16,Bank Transfer
Quarterly,Winter,1334,29,Male,Pants,Clothing,69,Idaho,M,Lavende,2.7,No,Next Day Air,Yes,9,Bank Transfer
Monthly,Spring,1335,46,Male,Coat,Outerwear,52,West Virginia,S,White,3.6681951,No,Store Pickup,Yes,12,Venmo
Weekly,Fall,1336,56,Male,Boots,Footwear,49,Nevada,M,Lavende,4.8,No,2-Day Shipping,Yes,26,Credit Card
Bi-Weekly,Spring,1337,23,Male,Sneakers,Footwear,85,Oregon,M,Charcoa,4.8,No,Store Pickup,Yes,44,Debit Card
Bi-Weekly,Spring,1338,37,Male,Sweater,Clothing,86,Tennessee,L,Silver,3.4,No,Express,Yes,19,Credit Card
Bi-Weekly,Winter,1339,56,Male,Handbag,Accessories,51,Alabama,S,Yellow,2.6,No,Standard,Yes,43,PayPal
Quarterly,Winter,1340,36,Male,Belt,Accessories,56,Indiana,L,Olive,5,No,Next Day Air,Yes,5,Bank Transfer
Quarterly,Fall,1341,40,Male,Belt,Accessories,72,Idaho,M,Peach,4.4,No,Next Day Air,Yes,5,Debit Card
Quarterly,Fall,1342,26,Male,Hoodie,Clothing,27,Rhode Island,XL,Yellow,3.6681951,No,Standard,Yes,31,Bank Transfer
Monthly,Summer,1343,57,Male,Sunglasses,Accessories,43,Arizona,XL,Yellow,3.4,No,2-Day Shipping,Yes,11,Bank Transfer
Monthly,Spring,1344,68,Male,Sneakers,Footwear,56,Florida,M,Indigo,3.4,No,Standard,Yes,34,Bank Transfer
Annually,Fall,1345,56,Male,T-shirt,Clothing,37,New York,S,Violet,4.9,No,Next Day Air,Yes,14,Cash
Weekly,Fall,1346,40,Male,Dress,Clothing,21,Nebraska,M,White,3.6,No,Standard,Yes,42,Venmo
Bi-Weekly,Winter,1347,44,Male,Hoodie,Clothing,91,Mississippi,L,White,3,No,Free Shipping,Yes,15,Venmo
Monthly,Summer,1348,44,Male,Sweater,Clothing,95,Vermont,M,Cyan,3.9,No,2-Day Shipping,Yes,47,Bank Transfer
Bi-Weekly,Spring,1349,19,Male,Belt,Accessories,54,Nebraska,XL,Purple,3.2,No,Standard,Yes,23,Credit Card
Bi-Weekly,Spring,1350,21,Male,Socks,Clothing,36,South Carolin,XL,Black,3.2,No,Next Day Air,Yes,23,Cash
Quarterly,Fall,1351,31,Male,Sunglasses,Accessories,71,Delaware,M,Orange,4.3,No,Next Day Air,Yes,1,Cash
Quarterly,Summer,1352,30,Male,Coat,Outerwear,31,Vermont,L,Maroon,2.8,No,2-Day Shipping,Yes,28,Bank Transfer
Bi-Weekly,Spring,1353,65,Male,Hat,Accessories,89,Indiana,XL,Orange,4.5,No,Next Day Air,Yes,37,Credit Card
Quarterly,Winter,1354,39,Male,Pants,Clothing,83,Oregon,M,Teal,4.1,No,Next Day Air,Yes,4,Cash
Quarterly,Spring,1355,64,Male,Backpack,Accessories,42,Maryland,M,Gray,3.6,No,2-Day Shipping,Yes,21,Bank Transfer
Bi-Weekly,Summer,1356,59,Male,Shorts,Clothing,91,Florida,M,Blue,3,No,2-Day Shipping,Yes,50,PayPal
Annually,Spring,1357,49,Male,Jacket,Outerwear,61,Indiana,M,Cyan,4,No,Free Shipping,Yes,34,Bank Transfer
Quarterly,Summer,1358,24,Male,Backpack,Accessories,66,Texas,S,Red,3.5,No,Next Day Air,Yes,20,Cash
Quarterly,Spring,1359,19,Male,Scarf,Accessories,22,Nebraska,XL,Pink,2.5,No,Store Pickup,Yes,25,Venmo
Bi-Weekly,Winter,1360,27,Male,Hoodie,Clothing,68,North Carolin,S,Cyan,4.3,No,Store Pickup,Yes,26,Bank Transfer
Annually,Fall,1361,56,Male,Skirt,Clothing,43,Alabama,L,Black,2.8,No,Express,Yes,4,Bank Transfer
Monthly,Fall,1362,49,Male,Dress,Clothing,32,Alabama,M,Beige,3.7,No,Next Day Air,Yes,39,Debit Card
Weekly,Fall,1363,41,Male,Coat,Outerwear,46,Colorado,M,Gray,4.3,No,Express,Yes,29,Cash
Quarterly,Summer,1364,36,Male,Blouse,Clothing,90,Wisconsin,L,Red,4,No,Express,Yes,47,PayPal
Quarterly,Fall,1365,68,Male,Hat,Accessories,75,Delaware,L,Yellow,4.7,No,Express,Yes,5,Cash
Bi-Weekly,Winter,1366,28,Male,Handbag,Accessories,69,Indiana,M,Magenta,4.5,No,Store Pickup,Yes,18,Bank Transfer
Bi-Weekly,Fall,1367,45,Male,Belt,Accessories,40,Iowa,M,Magenta,3.1,No,Free Shipping,Yes,10,Credit Card
Quarterly,Fall,1368,60,Male,Belt,Accessories,63,Iowa,S,Black,3.8,No,Express,Yes,25,Cash
Weekly,Summer,1369,21,Male,Shirt,Clothing,36,Wisconsin,L,Orange,4.9,No,Express,Yes,2,Cash
Bi-Weekly,Winter,1370,32,Male,Shoes,Footwear,75,Iowa,M,Green,3.2,No,Standard,Yes,48,Venmo
Quarterly,Summer,1371,27,Male,Scarf,Accessories,67,Montana,L,Peach,3.6681951,No,2-Day Shipping,Yes,41,Bank Transfer
Monthly,Spring,1372,40,Male,Pants,Clothing,64,Mississippi,M,Charcoa,2.8,No,Store Pickup,Yes,42,Credit Card
Bi-Weekly,Fall,1373,64,Male,Blouse,Clothing,61,Michigan,M,Gray,4,No,2-Day Shipping,Yes,44,PayPal
Quarterly,Winter,1374,18,Male,Gloves,Accessories,40,Virginia,L,Turquoi,2.6,No,Store Pickup,Yes,6,Cash
Quarterly,Fall,1375,22,Male,Handbag,Accessories,97,New York,M,Red,2.7,No,Free Shipping,Yes,5,Bank Transfer
Annually,Spring,1376,42,Male,Sneakers,Footwear,31,Maine,L,Brown,4.1,No,2-Day Shipping,Yes,8,Credit Card
Annually,Spring,1377,57,Male,Sandals,Footwear,65,New Jersey,L,Pink,5,No,Free Shipping,Yes,24,PayPal
Monthly,Spring,1378,33,Male,Sunglasses,Accessories,54,Maryland,L,Olive,3,No,Next Day Air,Yes,42,Venmo
Weekly,Fall,1379,37,Male,Jacket,Outerwear,49,Kentucky,XL,Lavende,3.6,No,Free Shipping,Yes,24,Venmo
Bi-Weekly,Fall,1380,21,Male,T-shirt,Clothing,64,Minnesota,L,Purple,2.8,No,2-Day Shipping,Yes,38,Venmo
Bi-Weekly,Winter,1381,51,Male,Sneakers,Footwear,35,Massachusetts,S,Beige,4.6,No,Standard,Yes,41,Cash
Quarterly,Winter,1382,30,Male,Shoes,Footwear,86,Illinois,L,Green,2.9,No,Standard,Yes,48,Venmo
Quarterly,Winter,1383,68,Male,Jacket,Outerwear,55,Michigan,L,Brown,4.8,No,Express,Yes,16,Bank Transfer
Monthly,Spring,1384,36,Male,Scarf,Accessories,58,Wisconsin,M,Beige,3.3,No,Express,Yes,4,Venmo
Weekly,Fall,1385,46,Male,Sneakers,Footwear,96,Alaska,M,Beige,4.6,No,Standard,Yes,8,Bank Transfer
Bi-Weekly,Fall,1386,41,Male,Jewelry,Accessories,64,Mississippi,M,Indigo,2.6,No,Store Pickup,Yes,1,Bank Transfer
Quarterly,Fall,1387,68,Male,Jacket,Outerwear,56,Oregon,M,Silver,4,No,Next Day Air,Yes,4,Debit Card
Monthly,Winter,1388,21,Male,Blouse,Clothing,85,Maryland,M,Gold,3.8,No,Standard,Yes,20,Credit Card
Quarterly,Spring,1389,62,Male,Dress,Clothing,23,Arkansas,M,Lavende,3.9,No,Express,Yes,40,Cash
Bi-Weekly,Fall,1390,59,Male,Scarf,Accessories,72,Illinois,L,Orange,2.6,No,Store Pickup,Yes,8,Debit Card
Weekly,Summer,1391,25,Male,Hat,Accessories,38,Arkansas,M,Maroon,4.3,No,Standard,Yes,42,Debit Card
Annually,Winter,1392,53,Male,Blouse,Clothing,29,Mississippi,S,White,3.6,No,Express,Yes,38,Credit Card
Quarterly,Spring,1393,31,Male,Gloves,Accessories,46,Arkansas,M,Yellow,4.2,No,Express,Yes,34,Venmo
Bi-Weekly,Spring,1394,46,Male,Gloves,Accessories,58,Idaho,L,Yellow,3.9,No,Express,Yes,14,PayPal
Weekly,Fall,1395,26,Male,Coat,Outerwear,43,Iowa,L,Magenta,4.7,No,Next Day Air,Yes,39,Cash
Bi-Weekly,Spring,1396,47,Male,Scarf,Accessories,32,West Virginia,L,Turquoi,2.8,No,Next Day Air,Yes,40,PayPal
Monthly,Winter,1397,37,Male,Pants,Clothing,30,Wisconsin,XL,Lavende,3,No,Next Day Air,Yes,49,Debit Card
Annually,Summer,1398,55,Male,Sunglasses,Accessories,67,Massachusetts,S,Magenta,4.7,No,Store Pickup,Yes,33,PayPal
Weekly,Summer,1399,30,Male,Dress,Clothing,45,Texas,M,Cyan,2.5,No,Free Shipping,Yes,25,Credit Card
Annually,Winter,1400,19,Male,Hat,Accessories,81,Nebraska,M,Olive,3.1,No,Store Pickup,Yes,48,Venmo
Quarterly,Fall,1401,36,Male,Backpack,Accessories,23,Nevada,M,Red,3.6,No,Next Day Air,Yes,22,Credit Card
Weekly,Fall,1402,23,Male,Sandals,Footwear,59,Indiana,M,Blue,3.5,No,2-Day Shipping,Yes,1,PayPal
Monthly,Summer,1403,62,Male,Sunglasses,Accessories,21,North Dakota,L,White,3.1,No,Express,Yes,47,PayPal
Bi-Weekly,Spring,1404,26,Male,Backpack,Accessories,20,Georgia,M,Peach,3.6,No,Store Pickup,Yes,20,Credit Card
Weekly,Winter,1405,36,Male,Jewelry,Accessories,28,New Mexico,M,Charcoa,3.5,No,Next Day Air,Yes,10,Debit Card
Monthly,Winter,1406,33,Male,Socks,Clothing,100,New Hampshire,M,Peach,2.7,No,Store Pickup,Yes,39,Credit Card
Monthly,Spring,1407,32,Male,Shirt,Clothing,46,Washington,L,Turquoi,3.6,No,Express,Yes,15,Debit Card
Annually,Spring,1408,56,Male,Handbag,Accessories,61,Nevada,XL,Charcoa,4.5,No,Express,Yes,11,Credit Card
Weekly,Winter,1409,58,Male,Blouse,Clothing,58,Maine,M,Yellow,4.1,No,Free Shipping,Yes,38,Venmo
Bi-Weekly,Spring,1410,34,Male,Backpack,Accessories,50,Idaho,M,Blue,4.2,No,Standard,Yes,41,Cash
Annually,Summer,1411,61,Male,Hat,Accessories,93,Tennessee,M,Purple,4,No,Store Pickup,Yes,18,Debit Card
Quarterly,Summer,1412,48,Male,Skirt,Clothing,24,Louisiana,L,Green,2.8,No,Store Pickup,Yes,13,Venmo
Annually,Summer,1413,25,Male,Shorts,Clothing,100,Michigan,M,Charcoa,2.6,No,2-Day Shipping,Yes,43,Venmo
Quarterly,Fall,1414,51,Male,Blouse,Clothing,79,New Hampshire,S,Indigo,2.7,No,Store Pickup,Yes,12,Bank Transfer
Bi-Weekly,Summer,1415,29,Male,Socks,Clothing,51,Minnesota,M,Black,4.5,No,Store Pickup,Yes,3,Credit Card
Quarterly,Winter,1416,54,Male,Belt,Accessories,90,Illinois,M,Blue,3.7,No,Free Shipping,Yes,12,Credit Card
Quarterly,Summer,1417,48,Male,Boots,Footwear,56,Idaho,L,Silver,3.4,No,Free Shipping,Yes,46,Cash
Bi-Weekly,Spring,1418,62,Male,Shorts,Clothing,25,Montana,S,Brown,4.6,No,Standard,Yes,21,Debit Card
Quarterly,Summer,1419,18,Male,Shirt,Clothing,75,Alabama,M,Violet,4.1,No,2-Day Shipping,Yes,23,Venmo
Quarterly,Summer,1420,43,Male,Handbag,Accessories,75,Montana,M,Orange,2.6,No,Free Shipping,Yes,4,Debit Card
Quarterly,Summer,1421,22,Male,Jeans,Clothing,53,California,XL,Gray,4.6,No,Store Pickup,Yes,45,PayPal
Bi-Weekly,Spring,1422,68,Male,Dress,Clothing,100,Pennsylvania,S,Gold,3,No,Standard,Yes,24,Bank Transfer
Bi-Weekly,Fall,1423,44,Male,Dress,Clothing,27,Texas,L,Charcoa,3.4,No,Free Shipping,Yes,3,PayPal
Quarterly,Fall,1424,51,Male,Sandals,Footwear,60,Michigan,S,Black,3.5,No,Free Shipping,Yes,12,Venmo
Quarterly,Fall,1425,66,Male,Jacket,Outerwear,23,Connecticut,S,Indigo,3.5,No,Standard,Yes,34,Bank Transfer
Annually,Winter,1426,59,Male,Coat,Outerwear,40,Wyoming,S,White,3.7,No,Next Day Air,Yes,39,Credit Card
Quarterly,Summer,1427,60,Male,Pants,Clothing,38,Michigan,M,Yellow,4.8,No,Free Shipping,Yes,35,PayPal
Annually,Summer,1428,31,Male,Backpack,Accessories,90,South Dakota,S,Orange,4.9,No,Store Pickup,Yes,8,Credit Card
Quarterly,Summer,1429,20,Male,Blouse,Clothing,97,North Dakota,S,Green,4.9,No,Express,Yes,42,PayPal
Quarterly,Fall,1430,24,Male,Skirt,Clothing,38,Maryland,L,Gold,4.7,No,Standard,Yes,6,Credit Card
Bi-Weekly,Summer,1431,48,Male,Sandals,Footwear,30,Michigan,S,Orange,4.9,No,Free Shipping,Yes,3,Credit Card
Quarterly,Fall,1432,39,Male,Pants,Clothing,88,South Dakota,M,Cyan,2.9,No,Express,Yes,29,Venmo
Quarterly,Winter,1433,34,Male,Hat,Accessories,33,Florida,L,Black,4.4,No,Express,Yes,32,Debit Card
Weekly,Winter,1434,70,Male,Hoodie,Clothing,60,Minnesota,L,Yellow,3.2,No,Next Day Air,Yes,45,Debit Card
Bi-Weekly,Summer,1435,59,Male,Sweater,Clothing,64,New York,L,Maroon,4.6,No,Free Shipping,Yes,21,Debit Card
Weekly,Fall,1436,45,Male,Scarf,Accessories,95,Oregon,XL,Black,4,No,Standard,Yes,41,Cash
Bi-Weekly,Winter,1437,35,Male,Sneakers,Footwear,83,Minnesota,M,Gray,3.7,No,Free Shipping,Yes,23,PayPal
Annually,Winter,1438,69,Male,Boots,Footwear,97,Montana,XL,Orange,4.2,No,Free Shipping,Yes,14,Cash
Monthly,Spring,1439,58,Male,Coat,Outerwear,38,Washington,M,Cyan,2.9,No,Standard,Yes,24,Debit Card
Bi-Weekly,Summer,1440,25,Male,Boots,Footwear,48,New Mexico,M,Magenta,4.8,No,Next Day Air,Yes,25,Cash
Monthly,Spring,1441,27,Male,Sandals,Footwear,76,Arizona,M,Pink,4.4,No,Standard,Yes,13,Venmo
Quarterly,Summer,1442,34,Male,Pants,Clothing,25,Nebraska,S,Turquoi,3.4,No,Free Shipping,Yes,3,Venmo
Annually,Spring,1443,53,Male,Hoodie,Clothing,92,Idaho,S,Violet,2.8,No,2-Day Shipping,Yes,42,Credit Card
Monthly,Fall,1444,58,Male,Sandals,Footwear,47,Idaho,L,Teal,4.2,No,Next Day Air,Yes,2,Cash
Quarterly,Fall,1445,32,Male,Sweater,Clothing,36,Vermont,L,Pink,3.8,No,Express,Yes,26,Cash
Annually,Fall,1446,64,Male,Belt,Accessories,51,Arkansas,M,Gold,3.1,No,2-Day Shipping,Yes,24,Credit Card
Quarterly,Summer,1447,63,Male,Jeans,Clothing,35,Wyoming,XL,Red,3.2,No,Express,Yes,6,Credit Card
Monthly,Summer,1448,23,Male,Hoodie,Clothing,57,New Mexico,S,Beige,3,No,Next Day Air,Yes,25,PayPal
Quarterly,Summer,1449,64,Male,Boots,Footwear,95,West Virginia,M,Black,3.6,No,Free Shipping,Yes,11,Credit Card
Quarterly,Winter,1450,18,Male,Socks,Clothing,41,New York,L,Lavende,2.5,No,Store Pickup,Yes,20,Cash
Quarterly,Winter,1451,25,Male,Dress,Clothing,44,Illinois,S,Teal,3.4,No,Free Shipping,Yes,25,Cash
Quarterly,Fall,1452,54,Male,Jacket,Outerwear,34,Utah,M,Maroon,2.5,No,Next Day Air,Yes,35,PayPal
Quarterly,Spring,1453,60,Male,Jacket,Outerwear,25,Colorado,L,Blue,4.7,No,2-Day Shipping,Yes,11,Bank Transfer
Bi-Weekly,Winter,1454,36,Male,Boots,Footwear,93,Virginia,S,Teal,3.2,No,2-Day Shipping,Yes,41,Bank Transfer
Annually,Winter,1455,66,Male,Sneakers,Footwear,50,Georgia,L,Maroon,2.9,No,Free Shipping,Yes,17,Credit Card
Quarterly,Fall,1456,60,Male,Pants,Clothing,79,Alabama,L,Silver,4.9,No,Express,Yes,1,PayPal
Quarterly,Spring,1457,59,Male,Coat,Outerwear,100,Montana,S,Olive,2.7,No,Store Pickup,Yes,30,PayPal
Bi-Weekly,Spring,1458,58,Male,Shirt,Clothing,57,Pennsylvania,S,Gray,4.7,No,Express,Yes,47,Venmo
Weekly,Spring,1459,35,Male,Sweater,Clothing,28,Missouri,M,Peach,2.9,No,2-Day Shipping,Yes,34,Venmo
Bi-Weekly,Winter,1460,20,Male,Shoes,Footwear,35,Maine,L,Yellow,4.8,No,Express,Yes,18,Venmo
Bi-Weekly,Fall,1461,70,Male,Boots,Footwear,85,Pennsylvania,L,Violet,4.6,No,Standard,Yes,33,Venmo
Quarterly,Summer,1462,54,Male,Sunglasses,Accessories,95,Oregon,S,Red,5,No,2-Day Shipping,Yes,42,Venmo
Quarterly,Summer,1463,38,Male,Sneakers,Footwear,90,Utah,S,Charcoa,4.8,No,2-Day Shipping,Yes,2,Venmo
Monthly,Summer,1464,54,Male,Jewelry,Accessories,49,Oklahoma,M,Beige,4.9,No,Store Pickup,Yes,1,Bank Transfer
Quarterly,Winter,1465,33,Male,Belt,Accessories,92,Montana,M,Peach,4.6,No,2-Day Shipping,Yes,23,Bank Transfer
Bi-Weekly,Winter,1466,46,Male,Gloves,Accessories,72,Nebraska,XL,Violet,3.9,No,Store Pickup,Yes,42,Cash
Annually,Summer,1467,58,Male,Shorts,Clothing,71,Alabama,M,Green,4.5,No,Store Pickup,Yes,3,PayPal
Bi-Weekly,Winter,1468,30,Male,Jewelry,Accessories,27,Ohio,XL,Olive,4.7,No,Store Pickup,Yes,16,Debit Card
Bi-Weekly,Fall,1469,42,Male,Gloves,Accessories,39,Arkansas,S,Silver,3.9,No,Express,Yes,46,Cash
Quarterly,Winter,1470,28,Male,Jewelry,Accessories,98,Mississippi,M,Purple,4.4,No,Standard,Yes,31,PayPal
Quarterly,Spring,1471,43,Male,Sandals,Footwear,27,California,M,Silver,3.9,No,Next Day Air,Yes,15,Cash
Quarterly,Spring,1472,31,Male,Jewelry,Accessories,71,Alaska,S,Gray,2.8,No,2-Day Shipping,Yes,48,Venmo
Weekly,Spring,1473,39,Male,Hat,Accessories,24,Indiana,L,Turquoi,3.5,No,Store Pickup,Yes,11,Cash
Quarterly,Fall,1474,69,Male,Shorts,Clothing,63,Wisconsin,M,Violet,4.3,No,Express,Yes,20,Credit Card
Monthly,Fall,1475,31,Male,Sweater,Clothing,72,New Jersey,S,Pink,3.9,No,Next Day Air,Yes,6,Credit Card
Monthly,Spring,1476,44,Male,Blouse,Clothing,61,Rhode Island,M,Teal,4,No,Express,Yes,24,Cash
Monthly,Fall,1477,39,Male,Hat,Accessories,56,Wyoming,M,Magenta,4.1,No,Next Day Air,Yes,18,Credit Card
Quarterly,Summer,1478,24,Male,Belt,Accessories,32,Oregon,XL,Silver,4.3,No,Standard,Yes,1,PayPal
Bi-Weekly,Summer,1479,28,Male,Gloves,Accessories,23,Washington,M,Blue,4.2,No,Free Shipping,Yes,13,Venmo
Weekly,Spring,1480,48,Male,Coat,Outerwear,100,Washington,L,Black,4,No,Standard,Yes,2,Bank Transfer
Quarterly,Fall,1481,39,Male,Jewelry,Accessories,74,New Hampshire,M,Gold,3.6,No,Express,Yes,26,Cash
Quarterly,Spring,1482,64,Male,Skirt,Clothing,33,Maryland,S,Gray,3.3,No,Standard,Yes,31,PayPal
Weekly,Spring,1483,28,Male,Gloves,Accessories,67,Wisconsin,S,Magenta,4.1,No,2-Day Shipping,Yes,43,Bank Transfer
Bi-Weekly,Summer,1484,39,Male,Jewelry,Accessories,61,Massachusetts,S,Yellow,4.7,No,Next Day Air,Yes,12,Debit Card
Quarterly,Summer,1485,49,Male,Shorts,Clothing,46,Nebraska,M,Teal,4.4,No,Store Pickup,Yes,22,Venmo
Bi-Weekly,Spring,1486,22,Male,Gloves,Accessories,56,Nebraska,L,Red,3.4,No,Standard,Yes,3,Cash
Quarterly,Spring,1487,25,Male,Sneakers,Footwear,73,Idaho,S,Yellow,5,No,Free Shipping,Yes,23,Venmo
Annually,Summer,1488,40,Male,Skirt,Clothing,44,Arizona,L,Black,4.6,No,Store Pickup,Yes,26,PayPal
Weekly,Winter,1489,23,Male,Hat,Accessories,44,Hawaii,L,Pink,4,No,Standard,Yes,37,Credit Card
Quarterly,Summer,1490,24,Male,Jewelry,Accessories,26,Missouri,XL,Magenta,4.1,No,Next Day Air,Yes,42,Venmo
Bi-Weekly,Spring,1491,66,Male,Sneakers,Footwear,52,Louisiana,L,Olive,4.9,No,Express,Yes,15,Venmo
Quarterly,Summer,1492,27,Male,Shirt,Clothing,54,Arkansas,S,Black,2.7,No,Free Shipping,Yes,10,Bank Transfer
Quarterly,Summer,1493,62,Male,Jacket,Outerwear,38,North Carolin,M,Maroon,4.5,No,Free Shipping,Yes,3,Venmo
Quarterly,Fall,1494,70,Male,Belt,Accessories,44,North Dakota,S,Gold,2.7,No,Standard,Yes,44,Credit Card
Bi-Weekly,Spring,1495,43,Male,T-shirt,Clothing,76,Montana,M,Gray,3,No,Next Day Air,Yes,23,Bank Transfer
Weekly,Winter,1496,45,Male,Jewelry,Accessories,23,Rhode Island,M,Brown,4.5,No,Next Day Air,Yes,6,PayPal
Bi-Weekly,Winter,1497,63,Male,T-shirt,Clothing,98,Idaho,M,Purple,5,No,Standard,Yes,9,Venmo
Quarterly,Spring,1498,69,Male,Jacket,Outerwear,33,Michigan,S,Magenta,3.8,No,2-Day Shipping,Yes,16,Debit Card
Bi-Weekly,Summer,1499,59,Male,Sweater,Clothing,32,Illinois,M,Teal,3.1,No,Standard,Yes,46,Venmo
Quarterly,Fall,1500,19,Male,Boots,Footwear,85,Georgia,S,Olive,3.4,No,Free Shipping,Yes,24,Credit Card
Monthly,Summer,1501,63,Male,Jeans,Clothing,69,Alabama,L,Maroon,4.8,No,Next Day Air,Yes,22,Debit Card
Quarterly,Spring,1502,37,Male,Jeans,Clothing,55,Alaska,XL,Silver,2.7,No,Standard,Yes,13,Debit Card
Bi-Weekly,Summer,1503,37,Male,Pants,Clothing,66,Massachusetts,M,Black,3.2,No,Store Pickup,Yes,20,Cash
Quarterly,Fall,1504,50,Male,Jacket,Outerwear,30,Michigan,M,Maroon,3.9,No,2-Day Shipping,Yes,46,Cash
Monthly,Winter,1505,60,Male,Jacket,Outerwear,80,Alaska,M,Teal,4.2,No,Next Day Air,Yes,10,Bank Transfer
Monthly,Summer,1506,46,Male,Belt,Accessories,20,North Dakota,M,Teal,3,No,Express,Yes,39,Cash
Quarterly,Fall,1507,35,Male,Shirt,Clothing,30,South Carolin,L,Beige,3,No,2-Day Shipping,Yes,44,PayPal
Annually,Winter,1508,66,Male,Dress,Clothing,86,Pennsylvania,S,Maroon,3.7,No,2-Day Shipping,Yes,7,Venmo
Quarterly,Spring,1509,35,Male,Blouse,Clothing,84,Colorado,L,Beige,4.4,No,Store Pickup,Yes,3,Cash
Annually,Summer,1510,20,Male,Dress,Clothing,54,New Hampshire,XL,White,4.6,No,Free Shipping,Yes,44,Debit Card
Annually,Fall,1511,55,Male,Blouse,Clothing,30,Maryland,XL,Gray,3,No,Free Shipping,Yes,31,Venmo
Weekly,Winter,1512,34,Male,Dress,Clothing,91,Georgia,M,Violet,3.6,No,Express,Yes,48,Credit Card
Bi-Weekly,Winter,1513,60,Male,Sneakers,Footwear,23,Wisconsin,L,Silver,3.9,No,Standard,Yes,18,PayPal
Monthly,Spring,1514,22,Male,Socks,Clothing,35,Texas,M,Red,4.1,No,Free Shipping,Yes,27,Cash
Weekly,Winter,1515,26,Male,Shoes,Footwear,90,Utah,L,Brown,3.9,No,2-Day Shipping,Yes,1,Venmo
Weekly,Fall,1516,39,Male,Jeans,Clothing,93,Indiana,S,Turquoi,3.9,No,2-Day Shipping,Yes,34,Cash
Bi-Weekly,Winter,1517,20,Male,Jeans,Clothing,68,Nevada,L,Indigo,4.5,No,Express,Yes,5,Bank Transfer
Quarterly,Spring,1518,57,Male,Gloves,Accessories,41,New Hampshire,M,Violet,3.4,No,Standard,Yes,12,Cash
Bi-Weekly,Winter,1519,68,Male,Belt,Accessories,73,New York,M,Yellow,4.1,No,Next Day Air,Yes,14,Venmo
Weekly,Fall,1520,50,Male,Sunglasses,Accessories,73,Texas,L,Cyan,4.9,No,Next Day Air,Yes,40,PayPal
Quarterly,Summer,1521,21,Male,Hat,Accessories,66,Iowa,M,Brown,4.4,No,2-Day Shipping,Yes,39,Cash
Weekly,Summer,1522,29,Male,Backpack,Accessories,59,Washington,M,White,2.7,No,2-Day Shipping,Yes,50,Bank Transfer
Monthly,Spring,1523,38,Male,Shorts,Clothing,72,Tennessee,L,Yellow,4.8,No,Free Shipping,Yes,5,Debit Card
Annually,Summer,1524,54,Male,Socks,Clothing,88,Georgia,M,White,3.3,No,2-Day Shipping,Yes,35,Debit Card
Bi-Weekly,Summer,1525,22,Male,Socks,Clothing,76,Massachusetts,L,Pink,4.4,No,Free Shipping,Yes,6,Cash
Bi-Weekly,Winter,1526,29,Male,Belt,Accessories,31,Oregon,M,Indigo,4.6,No,2-Day Shipping,Yes,22,Cash
Monthly,Summer,1527,41,Male,Jacket,Outerwear,22,Oklahoma,L,White,3.1,No,Next Day Air,Yes,27,PayPal
Bi-Weekly,Fall,1528,26,Male,Hat,Accessories,75,Wisconsin,L,Red,4.5,No,2-Day Shipping,Yes,33,Debit Card
Bi-Weekly,Spring,1529,69,Male,T-shirt,Clothing,75,Oregon,S,Red,4,No,Store Pickup,Yes,47,Venmo
Bi-Weekly,Winter,1530,20,Male,Backpack,Accessories,63,Georgia,M,Lavende,3.1,No,Free Shipping,Yes,48,Credit Card
Quarterly,Spring,1531,59,Male,Coat,Outerwear,21,New Mexico,M,Teal,3.9,No,Next Day Air,Yes,22,Bank Transfer
Bi-Weekly,Spring,1532,63,Male,Backpack,Accessories,83,Mississippi,S,Violet,4.5,No,Next Day Air,Yes,8,PayPal
Quarterly,Winter,1533,68,Male,Jacket,Outerwear,46,Wisconsin,S,Silver,4.4,No,Next Day Air,Yes,5,PayPal
Quarterly,Summer,1534,50,Male,Shoes,Footwear,59,New Hampshire,M,Gold,3.6,No,2-Day Shipping,Yes,16,Bank Transfer
Bi-Weekly,Summer,1535,55,Male,Blouse,Clothing,66,Wyoming,M,Green,3.4,No,Free Shipping,Yes,26,Venmo
Monthly,Fall,1536,36,Male,Sandals,Footwear,74,West Virginia,S,Turquoi,4,No,2-Day Shipping,Yes,8,Venmo
Quarterly,Summer,1537,18,Male,Sunglasses,Accessories,82,Michigan,M,Indigo,2.6,No,Store Pickup,Yes,17,Cash
Annually,Spring,1538,68,Male,Shoes,Footwear,89,Alaska,L,Black,3.2,No,Next Day Air,Yes,50,Venmo
Bi-Weekly,Fall,1539,56,Male,Dress,Clothing,65,Illinois,L,Charcoa,3.2,No,Standard,Yes,22,Venmo
Quarterly,Spring,1540,32,Male,Belt,Accessories,55,Hawaii,M,Turquoi,5,No,2-Day Shipping,Yes,19,Cash
Monthly,Winter,1541,28,Male,Shorts,Clothing,95,Colorado,M,Red,2.9,No,Next Day Air,Yes,14,Bank Transfer
Bi-Weekly,Winter,1542,24,Male,Handbag,Accessories,77,Illinois,S,Indigo,2.9,No,Store Pickup,Yes,35,Cash
Weekly,Winter,1543,59,Male,Blouse,Clothing,44,Hawaii,M,Maroon,3.5,No,Next Day Air,Yes,43,PayPal
Annually,Fall,1544,56,Male,Jeans,Clothing,89,Wisconsin,M,Indigo,4,No,Standard,Yes,24,Venmo
Bi-Weekly,Spring,1545,30,Male,Jewelry,Accessories,24,Arkansas,M,Maroon,3.9,No,Standard,Yes,17,Debit Card
Annually,Winter,1546,48,Male,Belt,Accessories,43,Delaware,M,Black,4.9,No,Store Pickup,Yes,49,Bank Transfer
Annually,Summer,1547,60,Male,Sneakers,Footwear,51,Oregon,XL,Purple,3.8,No,Express,Yes,17,Bank Transfer
Quarterly,Summer,1548,46,Male,Hat,Accessories,46,South Carolin,L,Teal,3.5,No,Standard,Yes,40,Cash
Weekly,Summer,1549,69,Male,Dress,Clothing,32,Maryland,M,Silver,3.7,No,Store Pickup,Yes,43,Bank Transfer
Quarterly,Spring,1550,19,Male,Sneakers,Footwear,55,Kansas,M,Black,2.9,No,2-Day Shipping,Yes,19,Debit Card
Quarterly,Summer,1551,66,Male,Sunglasses,Accessories,26,Arkansas,S,Black,2.8,No,Free Shipping,Yes,40,Bank Transfer
Monthly,Summer,1552,64,Male,Handbag,Accessories,29,Minnesota,M,Olive,3.7,No,2-Day Shipping,Yes,13,Credit Card
Monthly,Spring,1553,54,Male,Blouse,Clothing,49,New Mexico,L,Purple,3,No,Express,Yes,20,Credit Card
Quarterly,Spring,1554,27,Male,Blouse,Clothing,45,Delaware,M,Indigo,4.8,No,Free Shipping,Yes,21,Debit Card
Bi-Weekly,Winter,1555,64,Male,Shorts,Clothing,48,Utah,S,Lavende,2.7,No,Standard,Yes,18,Cash
Quarterly,Winter,1556,43,Male,Shorts,Clothing,47,Ohio,S,Cyan,4.5,No,Free Shipping,Yes,44,Cash
Quarterly,Fall,1557,43,Male,Hoodie,Clothing,57,Alabama,M,Gold,2.7,No,Standard,Yes,26,Credit Card
Quarterly,Fall,1558,27,Male,Backpack,Accessories,34,South Dakota,L,Magenta,3.5,No,Next Day Air,Yes,34,PayPal
Quarterly,Fall,1559,35,Male,Sunglasses,Accessories,75,New Mexico,XL,Teal,3.5,No,Express,Yes,24,Credit Card
Bi-Weekly,Fall,1560,43,Male,Scarf,Accessories,94,Oregon,L,Beige,4.5,No,Store Pickup,Yes,23,PayPal
Weekly,Winter,1561,57,Male,Hat,Accessories,84,Oregon,M,Teal,3.8,No,Free Shipping,Yes,3,Debit Card
Quarterly,Summer,1562,50,Male,Scarf,Accessories,38,Mississippi,M,Indigo,3.8,No,Standard,Yes,2,Bank Transfer
Bi-Weekly,Winter,1563,37,Male,Scarf,Accessories,75,Alabama,M,Purple,3.2,No,Next Day Air,Yes,23,Venmo
Weekly,Fall,1564,68,Male,Pants,Clothing,44,Kansas,M,Teal,4.3,No,Next Day Air,Yes,8,Cash
Quarterly,Summer,1565,22,Male,Backpack,Accessories,33,California,XL,Turquoi,4.5,No,Next Day Air,Yes,30,Debit Card
Annually,Fall,1566,58,Male,Sunglasses,Accessories,93,Idaho,L,Peach,4.2,No,Free Shipping,Yes,48,PayPal
Bi-Weekly,Winter,1567,48,Male,Sneakers,Footwear,99,Wyoming,S,Green,3,No,Free Shipping,Yes,21,Cash
Monthly,Spring,1568,30,Male,Backpack,Accessories,33,Minnesota,M,Turquoi,4.1,No,Standard,Yes,9,Cash
Monthly,Spring,1569,51,Male,Sneakers,Footwear,76,Washington,L,Yellow,4.6,No,Store Pickup,Yes,8,Debit Card
Weekly,Summer,1570,20,Male,Skirt,Clothing,63,Hawaii,M,Orange,2.9,No,Standard,Yes,29,Debit Card
Quarterly,Winter,1571,30,Male,Pants,Clothing,41,Missouri,L,Brown,4.8,No,Next Day Air,Yes,3,Bank Transfer
Bi-Weekly,Winter,1572,28,Male,Jewelry,Accessories,88,Colorado,L,Silver,4.5,No,Next Day Air,Yes,11,Bank Transfer
Monthly,Summer,1573,37,Male,Skirt,Clothing,92,Washington,L,White,3.4,No,2-Day Shipping,Yes,16,Debit Card
Weekly,Summer,1574,36,Male,T-shirt,Clothing,31,North Dakota,L,Indigo,4.3,No,2-Day Shipping,Yes,25,Debit Card
Bi-Weekly,Spring,1575,18,Male,Skirt,Clothing,25,Minnesota,S,Magenta,4.2,No,Free Shipping,Yes,32,PayPal
Bi-Weekly,Spring,1576,52,Male,Shirt,Clothing,28,California,M,Turquoi,3.6,No,Next Day Air,Yes,28,Cash
Monthly,Spring,1577,56,Male,Dress,Clothing,75,Michigan,M,White,3.7,No,2-Day Shipping,Yes,36,PayPal
Bi-Weekly,Spring,1578,68,Male,Boots,Footwear,34,Delaware,S,Olive,4,No,Standard,Yes,7,Venmo
Quarterly,Winter,1579,62,Male,Pants,Clothing,97,California,S,Maroon,4.9,No,2-Day Shipping,Yes,2,PayPal
Monthly,Summer,1580,35,Male,Jacket,Outerwear,80,Oklahoma,M,Violet,3.1,No,Free Shipping,Yes,6,Bank Transfer
Annually,Summer,1581,65,Male,Sneakers,Footwear,71,North Dakota,L,Cyan,3.7,No,Standard,Yes,30,Cash
Quarterly,Fall,1582,69,Male,Jewelry,Accessories,77,Ohio,L,Teal,4.2,No,Free Shipping,Yes,46,Cash
Monthly,Spring,1583,28,Male,Belt,Accessories,41,Hawaii,L,Red,2.5,No,Next Day Air,Yes,39,Cash
Annually,Summer,1584,37,Male,Scarf,Accessories,92,Maryland,XL,Yellow,4.3,No,Next Day Air,Yes,8,Venmo
Quarterly,Spring,1585,41,Male,Blouse,Clothing,95,Hawaii,S,Silver,3.1,No,Store Pickup,Yes,46,Credit Card
Bi-Weekly,Fall,1586,37,Male,Sweater,Clothing,25,Alabama,M,Charcoa,3,No,Next Day Air,Yes,40,Debit Card
Weekly,Fall,1587,25,Male,Boots,Footwear,77,Oklahoma,M,Purple,4,No,Express,Yes,21,Bank Transfer
Bi-Weekly,Summer,1588,41,Male,Socks,Clothing,99,Alabama,M,Beige,3.5,No,Free Shipping,Yes,33,Credit Card
Monthly,Winter,1589,48,Male,Belt,Accessories,24,Vermont,L,Cyan,3.2,No,Next Day Air,Yes,3,Venmo
Weekly,Summer,1590,42,Male,Sneakers,Footwear,72,Ohio,M,Silver,2.7,No,Store Pickup,Yes,48,Cash
Annually,Winter,1591,54,Male,Jeans,Clothing,80,Wisconsin,S,Pink,3,No,Free Shipping,Yes,8,PayPal
Annually,Winter,1592,18,Male,Skirt,Clothing,100,South Dakota,L,Gold,2.9,No,Next Day Air,Yes,24,PayPal
Quarterly,Summer,1593,56,Male,Shoes,Footwear,83,Iowa,M,Cyan,3.3,No,Free Shipping,Yes,10,Bank Transfer
Monthly,Spring,1594,61,Male,Dress,Clothing,95,Maryland,M,Black,4.9,No,2-Day Shipping,Yes,25,Bank Transfer
Bi-Weekly,Summer,1595,40,Male,Handbag,Accessories,41,Colorado,XL,Charcoa,3.7,No,Store Pickup,Yes,3,Cash
Bi-Weekly,Spring,1596,34,Male,Backpack,Accessories,35,Wisconsin,S,Magenta,3.5,No,Standard,Yes,45,Debit Card
Monthly,Fall,1597,42,Male,Jewelry,Accessories,30,Mississippi,S,Pink,4.7,No,Store Pickup,Yes,15,Debit Card
Quarterly,Winter,1598,43,Male,Hat,Accessories,21,Mississippi,XL,Maroon,2.6,No,Store Pickup,Yes,34,Bank Transfer
Bi-Weekly,Fall,1599,47,Male,Jewelry,Accessories,85,California,M,Teal,4.1,No,Express,Yes,21,Venmo
Bi-Weekly,Winter,1600,48,Male,Shirt,Clothing,54,Delaware,M,Orange,2.8,No,2-Day Shipping,Yes,22,Debit Card
Weekly,Spring,1601,20,Male,Boots,Footwear,26,Montana,S,Yellow,4.7,No,Next Day Air,Yes,24,PayPal
Monthly,Spring,1602,65,Male,Shirt,Clothing,59,Indiana,XL,Red,2.9,No,Store Pickup,Yes,33,Credit Card
Bi-Weekly,Winter,1603,54,Male,Sunglasses,Accessories,48,West Virginia,S,Charcoa,2.8,No,Free Shipping,Yes,13,Venmo
Bi-Weekly,Summer,1604,23,Male,Shorts,Clothing,98,Iowa,L,Black,4.3,No,Next Day Air,Yes,17,Debit Card
Quarterly,Summer,1605,18,Male,Sweater,Clothing,92,Maine,M,White,4.8,No,2-Day Shipping,Yes,25,Credit Card
Bi-Weekly,Winter,1606,70,Male,Belt,Accessories,46,Connecticut,M,Lavende,3.4,No,Next Day Air,Yes,15,Credit Card
Bi-Weekly,Spring,1607,55,Male,T-shirt,Clothing,21,Kansas,S,White,4.3,No,Standard,Yes,4,PayPal
Quarterly,Fall,1608,49,Male,Shorts,Clothing,72,Vermont,S,Gray,2.7,No,Free Shipping,Yes,43,Debit Card
Bi-Weekly,Fall,1609,26,Male,Sandals,Footwear,58,Nebraska,XL,Cyan,4.6,No,Next Day Air,Yes,12,Bank Transfer
Monthly,Fall,1610,33,Male,Shirt,Clothing,93,Nevada,S,Brown,4.1,No,Standard,Yes,3,Venmo
Annually,Spring,1611,20,Male,Socks,Clothing,31,Tennessee,L,Purple,3.4,No,2-Day Shipping,Yes,1,PayPal
Monthly,Winter,1612,41,Male,Pants,Clothing,26,Arkansas,L,Yellow,4.5,No,Next Day Air,Yes,6,Debit Card
Monthly,Summer,1613,18,Male,Skirt,Clothing,68,Wisconsin,M,Indigo,4.4,No,Standard,Yes,26,Venmo
Bi-Weekly,Summer,1614,26,Male,Jewelry,Accessories,31,Illinois,S,Black,4,No,Next Day Air,Yes,6,Credit Card
Bi-Weekly,Summer,1615,30,Male,T-shirt,Clothing,41,Kansas,S,Gray,3.4,No,Free Shipping,Yes,22,Cash
Bi-Weekly,Fall,1616,64,Male,Jewelry,Accessories,62,New York,M,Indigo,3.2,No,Standard,Yes,45,Cash
Quarterly,Spring,1617,26,Male,Hat,Accessories,41,Colorado,M,Green,3.4,No,Standard,Yes,50,Cash
Bi-Weekly,Winter,1618,43,Male,Blouse,Clothing,64,Wisconsin,M,Peach,4.3,No,Standard,Yes,50,Credit Card
Quarterly,Summer,1619,63,Male,Sandals,Footwear,72,Michigan,L,Purple,5,No,Standard,Yes,39,Debit Card
Bi-Weekly,Winter,1620,57,Male,Handbag,Accessories,78,Hawaii,L,Beige,3.5,No,Store Pickup,Yes,50,Venmo
Quarterly,Winter,1621,25,Male,Hat,Accessories,47,Virginia,M,Charcoa,3.1,No,2-Day Shipping,Yes,27,PayPal
Bi-Weekly,Summer,1622,68,Male,Scarf,Accessories,46,Ohio,L,Gray,3.9,No,2-Day Shipping,Yes,38,Debit Card
Quarterly,Winter,1623,31,Male,Shorts,Clothing,43,Missouri,S,Brown,4,No,Store Pickup,Yes,37,Bank Transfer
Annually,Summer,1624,64,Male,Backpack,Accessories,58,Indiana,M,Cyan,3.5,No,Next Day Air,Yes,50,Debit Card
Quarterly,Winter,1625,38,Male,Sweater,Clothing,32,Florida,M,White,3.6,No,Free Shipping,Yes,40,PayPal
Bi-Weekly,Winter,1626,34,Male,Skirt,Clothing,45,Minnesota,L,Beige,3,No,Next Day Air,Yes,3,PayPal
Bi-Weekly,Summer,1627,32,Male,Sneakers,Footwear,35,Nevada,L,Orange,2.6,No,Next Day Air,Yes,45,Credit Card
Annually,Winter,1628,69,Male,Sunglasses,Accessories,21,Maine,M,Olive,2.9,No,Next Day Air,Yes,8,Credit Card
Monthly,Winter,1629,45,Male,Dress,Clothing,64,Massachusetts,S,Teal,3.1,No,Next Day Air,Yes,7,Cash
Quarterly,Spring,1630,35,Male,Blouse,Clothing,88,North Dakota,S,Silver,3.3,No,Next Day Air,Yes,13,Venmo
Quarterly,Summer,1631,63,Male,Shoes,Footwear,48,New Jersey,M,Gold,2.9,No,Store Pickup,Yes,29,Venmo
Bi-Weekly,Summer,1632,65,Male,Sweater,Clothing,36,Indiana,L,Violet,3.9,No,2-Day Shipping,Yes,7,Bank Transfer
Quarterly,Summer,1633,35,Male,Gloves,Accessories,28,Oregon,S,White,4.7,No,2-Day Shipping,Yes,50,Debit Card
Bi-Weekly,Spring,1634,54,Male,Socks,Clothing,80,North Dakota,M,Peach,4.4,No,2-Day Shipping,Yes,33,Debit Card
Quarterly,Summer,1635,28,Male,Coat,Outerwear,23,South Carolin,S,Orange,3.6,No,Store Pickup,Yes,30,Cash
Annually,Summer,1636,68,Male,Sunglasses,Accessories,24,North Carolin,L,Violet,3.2,No,Standard,Yes,40,Cash
Bi-Weekly,Fall,1637,58,Male,Boots,Footwear,22,North Dakota,L,Green,4,No,Free Shipping,Yes,49,Cash
Bi-Weekly,Spring,1638,35,Male,Dress,Clothing,21,Massachusetts,M,Peach,3.5,No,Next Day Air,Yes,32,Venmo
Weekly,Spring,1639,68,Male,Jacket,Outerwear,51,Tennessee,M,Black,4.6,No,Free Shipping,Yes,18,Venmo
Annually,Summer,1640,41,Male,Gloves,Accessories,65,Missouri,L,Blue,3.3,No,Free Shipping,Yes,50,PayPal
Weekly,Spring,1641,65,Male,Scarf,Accessories,51,Tennessee,S,Magenta,4,No,2-Day Shipping,Yes,13,PayPal
Quarterly,Summer,1642,50,Male,Hoodie,Clothing,32,Colorado,L,Violet,3.4,No,Free Shipping,Yes,1,Bank Transfer
Bi-Weekly,Spring,1643,18,Male,Coat,Outerwear,70,Mississippi,M,Beige,4.2,No,Store Pickup,Yes,16,PayPal
Monthly,Summer,1644,38,Male,Scarf,Accessories,77,Ohio,L,Pink,3.9,No,2-Day Shipping,Yes,6,PayPal
Monthly,Summer,1645,68,Male,Coat,Outerwear,90,North Carolin,S,Beige,3.9,No,Next Day Air,Yes,21,Debit Card
Quarterly,Summer,1646,53,Male,Scarf,Accessories,36,Ohio,L,Green,2.8,No,Standard,Yes,36,Venmo
Quarterly,Summer,1647,58,Male,Handbag,Accessories,77,Nebraska,S,Silver,3.7,No,Standard,Yes,20,Bank Transfer
Quarterly,Summer,1648,34,Male,Boots,Footwear,78,Hawaii,M,Purple,4.9,No,Store Pickup,Yes,8,Debit Card
Monthly,Summer,1649,36,Male,Pants,Clothing,69,Oklahoma,M,Gray,2.6,No,Express,Yes,22,Credit Card
Quarterly,Summer,1650,58,Male,T-shirt,Clothing,63,Wisconsin,M,White,4.9,No,Free Shipping,Yes,3,Credit Card
Bi-Weekly,Winter,1651,60,Male,Scarf,Accessories,36,Arkansas,M,Silver,3.4,No,Next Day Air,Yes,46,Credit Card
Monthly,Winter,1652,59,Male,Coat,Outerwear,80,Texas,M,Blue,3.9,No,Standard,Yes,42,Debit Card
Bi-Weekly,Summer,1653,65,Male,Sweater,Clothing,35,New Mexico,M,Orange,4,No,Next Day Air,Yes,1,Bank Transfer
Bi-Weekly,Winter,1654,31,Male,Belt,Accessories,93,Colorado,L,Silver,3,No,2-Day Shipping,Yes,29,Debit Card
Quarterly,Spring,1655,43,Male,Belt,Accessories,25,Indiana,L,Gray,2.6,No,Store Pickup,Yes,14,Credit Card
Monthly,Spring,1656,37,Male,Sweater,Clothing,81,Arizona,L,Gold,3.2,No,Next Day Air,Yes,4,PayPal
Quarterly,Spring,1657,21,Male,Blouse,Clothing,42,Indiana,L,Brown,2.6,No,2-Day Shipping,Yes,41,PayPal
Bi-Weekly,Spring,1658,69,Male,Skirt,Clothing,36,Indiana,L,Turquoi,3.2,No,Store Pickup,Yes,4,Debit Card
Weekly,Spring,1659,32,Male,Jewelry,Accessories,66,Alaska,S,Pink,4.1,No,Store Pickup,Yes,47,Cash
Annually,Fall,1660,53,Male,Gloves,Accessories,37,Utah,M,Black,3.9,No,Next Day Air,Yes,44,Venmo
Monthly,Winter,1661,59,Male,T-shirt,Clothing,45,Louisiana,L,Yellow,4.1,No,Standard,Yes,37,Venmo
Quarterly,Summer,1662,64,Male,Gloves,Accessories,86,Iowa,S,Beige,2.7,No,2-Day Shipping,Yes,21,Debit Card
Bi-Weekly,Winter,1663,63,Male,Sunglasses,Accessories,24,New Mexico,M,Olive,4.6,No,Free Shipping,Yes,46,Debit Card
Bi-Weekly,Summer,1664,43,Male,Shirt,Clothing,22,Maine,XL,Gold,3.5,No,Standard,Yes,1,Cash
Weekly,Spring,1665,19,Male,Handbag,Accessories,53,Minnesota,M,Purple,5,No,Next Day Air,Yes,35,PayPal
Monthly,Fall,1666,40,Male,Jacket,Outerwear,41,New Mexico,L,Pink,3.4,No,Next Day Air,Yes,49,Venmo
Annually,Summer,1667,51,Male,Skirt,Clothing,64,Arkansas,M,Blue,3.1,No,Store Pickup,Yes,47,PayPal
Quarterly,Winter,1668,51,Male,Handbag,Accessories,40,Oklahoma,L,Brown,3.4,No,2-Day Shipping,Yes,24,Bank Transfer
Bi-Weekly,Summer,1669,66,Male,Blouse,Clothing,33,Utah,L,Charcoa,4,No,Standard,Yes,28,Debit Card
Quarterly,Winter,1670,42,Male,T-shirt,Clothing,59,Wisconsin,L,Maroon,2.7,No,Store Pickup,Yes,22,Bank Transfer
Weekly,Fall,1671,22,Male,Pants,Clothing,73,Utah,L,Cyan,3.6,No,Free Shipping,Yes,20,Cash
Weekly,Winter,1672,31,Male,Hoodie,Clothing,22,Utah,M,Olive,4,No,Free Shipping,Yes,25,Bank Transfer
Quarterly,Fall,1673,18,Male,Boots,Footwear,73,South Carolin,L,Gold,3.8,No,Free Shipping,Yes,15,Venmo
Bi-Weekly,Fall,1674,21,Male,Blouse,Clothing,62,Hawaii,M,Violet,3.4,No,Next Day Air,Yes,49,Venmo
Bi-Weekly,Winter,1675,35,Male,Coat,Outerwear,56,Alaska,M,Peach,3.2,No,Free Shipping,Yes,10,Debit Card
Annually,Spring,1676,35,Male,Pants,Clothing,90,Colorado,M,Beige,4.7,No,Next Day Air,Yes,21,Credit Card
Weekly,Winter,1677,27,Male,Sunglasses,Accessories,44,West Virginia,M,Cyan,3.1,No,Next Day Air,Yes,34,Bank Transfer
Weekly,Summer,1678,65,Male,Jeans,Clothing,35,Oregon,L,Silver,3.3,No,Next Day Air,No,41,Debit Card
Bi-Weekly,Summer,1679,41,Male,Pants,Clothing,71,Ohio,S,Magenta,4.8,No,2-Day Shipping,No,30,Venmo
Bi-Weekly,Fall,1680,60,Male,Dress,Clothing,52,Massachusetts,S,Black,4.5,No,Next Day Air,No,24,Debit Card
Annually,Summer,1681,61,Male,Shoes,Footwear,37,Louisiana,M,Olive,3.4,No,Store Pickup,No,6,Credit Card
Bi-Weekly,Winter,1682,24,Male,Sneakers,Footwear,95,Virginia,L,Green,3.7,No,2-Day Shipping,No,14,Credit Card
Bi-Weekly,Fall,1683,65,Male,Socks,Clothing,97,New York,M,Yellow,4.9,No,2-Day Shipping,No,37,Credit Card
Quarterly,Spring,1684,23,Male,Coat,Outerwear,57,Arkansas,S,Lavende,3.5,No,Next Day Air,No,37,Venmo
Weekly,Spring,1685,30,Male,Shirt,Clothing,93,New Mexico,M,Indigo,4.6,No,Standard,No,28,PayPal
Bi-Weekly,Winter,1686,33,Male,Blouse,Clothing,48,Minnesota,M,Pink,4.6,No,Standard,No,43,PayPal
Annually,Fall,1687,22,Male,Gloves,Accessories,75,Illinois,L,Red,4.2,No,Store Pickup,No,25,Cash
Annually,Winter,1688,67,Male,Skirt,Clothing,70,Georgia,S,Magenta,3.7,No,Free Shipping,No,4,PayPal
Bi-Weekly,Winter,1689,28,Male,Handbag,Accessories,26,Mississippi,S,Peach,3,No,Next Day Air,No,13,Venmo
Monthly,Winter,1690,32,Male,Shirt,Clothing,73,North Carolin,L,Turquoi,4.6,No,Store Pickup,No,32,Bank Transfer
Annually,Summer,1691,40,Male,Coat,Outerwear,30,Nevada,M,Black,3.2,No,Free Shipping,No,1,Cash
Annually,Summer,1692,64,Male,Shoes,Footwear,61,Connecticut,L,Blue,3.5,No,Next Day Air,No,4,Cash
Bi-Weekly,Winter,1693,56,Male,Handbag,Accessories,75,Utah,M,Beige,2.6,No,Standard,No,33,Cash
Bi-Weekly,Fall,1694,63,Male,Jacket,Outerwear,88,Tennessee,XL,Olive,4.9,No,Standard,No,45,Bank Transfer
Bi-Weekly,Summer,1695,20,Male,Shirt,Clothing,67,Mississippi,M,Turquoi,2.7,No,Express,No,20,Debit Card
Bi-Weekly,Fall,1696,54,Male,Hat,Accessories,95,Nebraska,S,Yellow,4.7,No,2-Day Shipping,No,1,PayPal
Bi-Weekly,Spring,1697,31,Male,Sunglasses,Accessories,69,West Virginia,S,Turquoi,4,No,Free Shipping,No,7,Credit Card
Quarterly,Fall,1698,36,Male,Shirt,Clothing,87,South Carolin,L,Lavende,3.5,No,Next Day Air,No,48,Credit Card
Quarterly,Winter,1699,25,Male,Belt,Accessories,41,Iowa,XL,Turquoi,4.8,No,Standard,No,46,Bank Transfer
Annually,Spring,1700,20,Male,Sweater,Clothing,67,North Dakota,L,Teal,4,No,Free Shipping,No,34,Debit Card
Monthly,Fall,1701,62,Male,Hoodie,Clothing,70,West Virginia,L,Black,4.1,No,Express,No,36,Bank Transfer
Quarterly,Winter,1702,69,Male,Handbag,Accessories,41,Mississippi,XL,Blue,3.8,No,Next Day Air,No,44,Debit Card
Weekly,Summer,1703,54,Male,Jeans,Clothing,83,Alabama,XL,Yellow,5,No,Express,No,48,Bank Transfer
Annually,Spring,1704,39,Male,Backpack,Accessories,22,California,M,Black,4,No,Next Day Air,No,12,Bank Transfer
Quarterly,Summer,1705,56,Male,Sneakers,Footwear,20,Idaho,M,Lavende,3.9,No,Store Pickup,No,19,Cash
Bi-Weekly,Summer,1706,39,Male,Jewelry,Accessories,29,South Dakota,L,Cyan,3.4,No,2-Day Shipping,No,49,Venmo
Bi-Weekly,Spring,1707,37,Male,Sunglasses,Accessories,87,North Dakota,M,Brown,3,No,Standard,No,25,Venmo
Bi-Weekly,Fall,1708,25,Male,Shorts,Clothing,81,Nevada,L,Maroon,4.9,No,2-Day Shipping,No,25,Cash
Quarterly,Spring,1709,35,Male,Boots,Footwear,58,Florida,L,Cyan,3.2,No,Express,No,1,Credit Card
Annually,Winter,1710,45,Male,Skirt,Clothing,83,Indiana,M,Pink,3.8,No,Standard,No,19,Bank Transfer
Quarterly,Fall,1711,19,Male,Pants,Clothing,59,Arkansas,XL,Orange,3.8,No,Store Pickup,No,7,Credit Card
Monthly,Spring,1712,21,Male,T-shirt,Clothing,93,North Carolin,M,Lavende,4.7,No,Express,No,19,Credit Card
Bi-Weekly,Fall,1713,65,Male,T-shirt,Clothing,87,Illinois,S,Beige,3.8,No,2-Day Shipping,No,9,Cash
Quarterly,Winter,1714,49,Male,Jacket,Outerwear,22,Missouri,M,Pink,4.6,No,Free Shipping,No,37,PayPal
Monthly,Summer,1715,30,Male,Jeans,Clothing,71,South Dakota,S,Charcoa,4.4,No,Standard,No,15,Cash
Bi-Weekly,Spring,1716,23,Male,Dress,Clothing,69,Idaho,XL,Gray,3.4,No,2-Day Shipping,No,30,PayPal
Quarterly,Winter,1717,69,Male,Blouse,Clothing,47,Connecticut,M,Cyan,4.7,No,Standard,No,30,Cash
Bi-Weekly,Summer,1718,29,Male,Hoodie,Clothing,50,Hawaii,L,Orange,2.9,No,Express,No,16,Debit Card
Quarterly,Winter,1719,54,Male,T-shirt,Clothing,96,Maryland,L,Pink,3.4,No,2-Day Shipping,No,14,PayPal
Quarterly,Winter,1720,45,Male,Sweater,Clothing,39,Maryland,M,White,3.2,No,Free Shipping,No,8,Venmo
Bi-Weekly,Winter,1721,25,Male,Shorts,Clothing,84,Massachusetts,S,Beige,2.8,No,Express,No,40,Debit Card
Monthly,Spring,1722,34,Male,Jewelry,Accessories,28,Delaware,S,Magenta,4.3,No,Free Shipping,No,24,Credit Card
Bi-Weekly,Summer,1723,46,Male,T-shirt,Clothing,51,Massachusetts,L,Violet,3.3,No,Standard,No,14,Cash
Annually,Spring,1724,70,Male,Scarf,Accessories,20,New York,XL,Gold,3.3,No,Standard,No,39,PayPal
Weekly,Winter,1725,42,Male,Shoes,Footwear,72,Delaware,S,Teal,3.3,No,Free Shipping,No,21,PayPal
Quarterly,Spring,1726,45,Male,Sunglasses,Accessories,33,Massachusetts,M,Indigo,3,No,Next Day Air,No,32,Venmo
Weekly,Summer,1727,57,Male,Coat,Outerwear,28,Indiana,S,Olive,2.8,No,Express,No,45,Debit Card
Monthly,Spring,1728,49,Male,Blouse,Clothing,53,Virginia,S,Violet,4,No,Express,No,19,PayPal
Quarterly,Fall,1729,23,Male,Jeans,Clothing,48,Wyoming,L,Black,4.3,No,Express,No,1,Debit Card
Bi-Weekly,Winter,1730,47,Male,Shorts,Clothing,21,Illinois,M,Brown,3.8,No,Store Pickup,No,12,Venmo
Weekly,Fall,1731,23,Male,Shirt,Clothing,22,Alabama,S,Silver,4.2,No,Free Shipping,No,26,Credit Card
Monthly,Fall,1732,21,Male,Backpack,Accessories,87,Idaho,M,Gray,3.1,No,Next Day Air,No,12,Cash
Quarterly,Winter,1733,45,Male,Belt,Accessories,50,Rhode Island,S,Charcoa,2.6,No,Free Shipping,No,36,Cash
Annually,Summer,1734,67,Male,Blouse,Clothing,85,New York,L,Black,3.4,No,Express,No,22,Credit Card
Quarterly,Spring,1735,31,Male,Jeans,Clothing,98,Missouri,L,Brown,3.1,No,Next Day Air,No,16,PayPal
Annually,Winter,1736,58,Male,Dress,Clothing,34,Texas,M,Purple,3.6,No,Express,No,31,Venmo
Quarterly,Summer,1737,57,Male,Shorts,Clothing,61,Tennessee,M,Purple,2.6,No,2-Day Shipping,No,43,Cash
Bi-Weekly,Summer,1738,42,Male,Jewelry,Accessories,98,Ohio,L,Gray,4.2,No,Store Pickup,No,50,Venmo
Weekly,Spring,1739,60,Male,Handbag,Accessories,61,Tennessee,M,Green,2.9,No,2-Day Shipping,No,37,Credit Card
Weekly,Winter,1740,21,Male,Jewelry,Accessories,98,Minnesota,L,Silver,4.2,No,Express,No,23,Cash
Quarterly,Fall,1741,69,Male,Pants,Clothing,21,Wisconsin,L,Charcoa,3.3,No,Next Day Air,No,10,Bank Transfer
Monthly,Winter,1742,41,Male,Pants,Clothing,51,Delaware,XL,Teal,3.6,No,Next Day Air,No,20,Bank Transfer
Quarterly,Spring,1743,51,Male,Sandals,Footwear,80,Kansas,XL,White,4.3,No,Express,No,18,Venmo
Weekly,Winter,1744,23,Male,Skirt,Clothing,72,Missouri,XL,Brown,3.3,No,Standard,No,3,Bank Transfer
Weekly,Winter,1745,57,Male,Sunglasses,Accessories,63,Michigan,L,Teal,3,No,Standard,No,23,PayPal
Weekly,Winter,1746,40,Male,Skirt,Clothing,27,West Virginia,L,Red,3.6,No,Store Pickup,No,27,Cash
Bi-Weekly,Summer,1747,65,Male,Handbag,Accessories,44,Alabama,L,Brown,3.1,No,Store Pickup,No,44,Bank Transfer
Quarterly,Winter,1748,61,Male,Coat,Outerwear,23,New Hampshire,M,Yellow,2.9,No,Express,No,41,Venmo
Annually,Winter,1749,34,Male,Skirt,Clothing,93,Montana,L,Teal,3.9,No,2-Day Shipping,No,41,Bank Transfer
Quarterly,Fall,1750,43,Male,Hoodie,Clothing,70,Wyoming,L,Pink,3.2,No,2-Day Shipping,No,36,Debit Card
Quarterly,Fall,1751,31,Male,Sunglasses,Accessories,85,Missouri,M,White,3.1,No,Express,No,38,Venmo
Annually,Winter,1752,57,Male,Sweater,Clothing,40,Ohio,M,Silver,3.2,No,2-Day Shipping,No,34,Cash
Quarterly,Winter,1753,34,Male,Boots,Footwear,29,South Dakota,L,Blue,3.3,No,Store Pickup,No,14,Venmo
Bi-Weekly,Fall,1754,25,Male,Skirt,Clothing,27,Colorado,L,Black,4.8,No,Next Day Air,No,23,Credit Card
Bi-Weekly,Fall,1755,66,Male,Dress,Clothing,93,Massachusetts,S,Beige,3.8,No,2-Day Shipping,No,18,Credit Card
Monthly,Spring,1756,56,Male,Belt,Accessories,20,Delaware,XL,Charcoa,4.6,No,Next Day Air,No,45,Cash
Weekly,Fall,1757,49,Male,Jewelry,Accessories,55,New Hampshire,S,Cyan,2.8,No,Free Shipping,No,14,Bank Transfer
Annually,Fall,1758,19,Male,Dress,Clothing,94,Michigan,L,Yellow,3.6,No,Standard,No,48,Debit Card
Bi-Weekly,Winter,1759,27,Male,Hat,Accessories,56,Pennsylvania,M,Silver,4.3,No,Free Shipping,No,17,Venmo
Weekly,Spring,1760,68,Male,Sweater,Clothing,58,Louisiana,L,Green,4,No,Next Day Air,No,1,PayPal
Weekly,Spring,1761,20,Male,Skirt,Clothing,44,Minnesota,XL,Peach,3.5,No,Standard,No,39,PayPal
Weekly,Fall,1762,21,Male,Hoodie,Clothing,95,Hawaii,S,Green,4.9,No,2-Day Shipping,No,24,Cash
Bi-Weekly,Summer,1763,36,Male,Sandals,Footwear,42,Idaho,M,Brown,3.1,No,Express,No,41,Bank Transfer
Annually,Winter,1764,37,Male,Jewelry,Accessories,93,Vermont,M,Lavende,3.9,No,Store Pickup,No,28,PayPal
Quarterly,Summer,1765,61,Male,Dress,Clothing,56,Delaware,M,Charcoa,3,No,Store Pickup,No,34,Venmo
Quarterly,Spring,1766,68,Male,Hoodie,Clothing,88,New Mexico,M,Orange,4.1,No,2-Day Shipping,No,41,Venmo
Bi-Weekly,Winter,1767,60,Male,Sweater,Clothing,54,Alaska,S,Cyan,4.3,No,2-Day Shipping,No,27,Cash
Bi-Weekly,Fall,1768,69,Male,Jewelry,Accessories,89,Minnesota,L,Lavende,3.8,No,2-Day Shipping,No,46,Debit Card
Quarterly,Summer,1769,25,Male,Sandals,Footwear,45,Nebraska,M,Indigo,3.9,No,2-Day Shipping,No,2,PayPal
Monthly,Winter,1770,32,Male,Socks,Clothing,75,Alaska,L,Brown,4.3,No,Free Shipping,No,45,Cash
Weekly,Fall,1771,53,Male,Backpack,Accessories,22,Michigan,M,Pink,4.3,No,Express,No,34,Bank Transfer
Annually,Fall,1772,46,Male,Shirt,Clothing,82,Indiana,XL,Turquoi,4.7,No,Store Pickup,No,9,Credit Card
Annually,Summer,1773,58,Male,Shoes,Footwear,34,Hawaii,M,Gold,3.1,No,2-Day Shipping,No,1,Bank Transfer
Annually,Summer,1774,21,Male,Coat,Outerwear,92,West Virginia,M,Blue,2.7,No,Free Shipping,No,17,PayPal
Weekly,Spring,1775,46,Male,Sweater,Clothing,78,New York,M,Lavende,3.7,No,Express,No,6,PayPal
Bi-Weekly,Spring,1776,18,Male,Jacket,Outerwear,47,Iowa,M,Violet,3.3,No,2-Day Shipping,No,12,Cash
Quarterly,Summer,1777,56,Male,Jacket,Outerwear,64,Arizona,L,Cyan,3.4,No,Free Shipping,No,10,Venmo
Bi-Weekly,Winter,1778,18,Male,Sneakers,Footwear,44,Minnesota,L,Purple,4.7,No,Free Shipping,No,4,Cash
Bi-Weekly,Winter,1779,49,Male,Belt,Accessories,94,Texas,M,Red,4.9,No,Store Pickup,No,8,Debit Card
Weekly,Winter,1780,29,Male,Scarf,Accessories,62,Virginia,M,Charcoa,4.3,No,Free Shipping,No,41,Venmo
Weekly,Summer,1781,67,Male,Jewelry,Accessories,81,North Dakota,S,Gray,4.2,No,Next Day Air,No,49,Credit Card
Quarterly,Fall,1782,31,Male,T-shirt,Clothing,33,Iowa,M,Pink,3.7,No,Express,No,49,Bank Transfer
Bi-Weekly,Fall,1783,52,Male,Pants,Clothing,88,Utah,M,Lavende,2.7,No,Next Day Air,No,40,Bank Transfer
Monthly,Winter,1784,42,Male,Handbag,Accessories,49,Ohio,L,Lavende,3.3,No,Free Shipping,No,30,Credit Card
Quarterly,Summer,1785,32,Male,Backpack,Accessories,31,Louisiana,L,Yellow,4.8,No,Standard,No,4,Debit Card
Monthly,Fall,1786,47,Male,Gloves,Accessories,29,Iowa,S,Peach,4.1,No,Next Day Air,No,22,Venmo
Monthly,Spring,1787,45,Male,Jacket,Outerwear,34,Maryland,M,Brown,4.6,No,2-Day Shipping,No,22,Venmo
Quarterly,Fall,1788,20,Male,Sweater,Clothing,38,Montana,L,Gold,4.9,No,2-Day Shipping,No,10,Bank Transfer
Bi-Weekly,Summer,1789,66,Male,Blouse,Clothing,41,Illinois,L,Pink,3.1,No,Store Pickup,No,23,Cash
Quarterly,Spring,1790,52,Male,Blouse,Clothing,34,Arizona,L,Peach,3,No,2-Day Shipping,No,43,Debit Card
Bi-Weekly,Summer,1791,50,Male,Gloves,Accessories,26,North Carolin,S,Violet,3.7,No,Store Pickup,No,31,PayPal
Annually,Winter,1792,62,Male,Jeans,Clothing,98,Montana,S,Purple,4,No,Store Pickup,No,38,Cash
Quarterly,Fall,1793,38,Male,Sneakers,Footwear,59,Iowa,M,Peach,3,No,Express,No,22,Debit Card
Quarterly,Fall,1794,65,Male,Hat,Accessories,92,Iowa,S,White,3.8,No,Store Pickup,No,45,Cash
Bi-Weekly,Spring,1795,60,Male,Backpack,Accessories,40,Ohio,L,Indigo,3.7,No,Express,No,21,Debit Card
Bi-Weekly,Fall,1796,68,Male,Jeans,Clothing,20,Wisconsin,S,Violet,4,No,2-Day Shipping,No,9,Debit Card
Weekly,Spring,1797,62,Male,Skirt,Clothing,35,South Carolin,S,Brown,3.1,No,Store Pickup,No,34,Venmo
Weekly,Spring,1798,62,Male,Belt,Accessories,35,Oregon,L,Maroon,3.9,No,2-Day Shipping,No,26,Venmo
Weekly,Winter,1799,40,Male,Dress,Clothing,82,North Dakota,L,Magenta,3.7,No,Express,No,1,Cash
Weekly,Fall,1800,32,Male,Hoodie,Clothing,48,California,M,Charcoa,3.9,No,Express,No,47,Venmo
Weekly,Winter,1801,22,Male,Coat,Outerwear,58,Mississippi,XL,Indigo,2.7,No,Express,No,30,Credit Card
Bi-Weekly,Spring,1802,33,Male,Sweater,Clothing,57,New Jersey,M,Turquoi,3.9,No,Express,No,48,Debit Card
Bi-Weekly,Winter,1803,57,Male,Shorts,Clothing,96,Rhode Island,L,Turquoi,2.6,No,Store Pickup,No,31,Venmo
Bi-Weekly,Summer,1804,60,Male,Sneakers,Footwear,97,New Hampshire,S,Gray,3.5,No,Free Shipping,No,33,Venmo
Weekly,Winter,1805,30,Male,Sweater,Clothing,42,Louisiana,L,Peach,4.4,No,Next Day Air,No,39,Credit Card
Weekly,Spring,1806,41,Male,T-shirt,Clothing,62,Arizona,L,Gold,4.9,No,Store Pickup,No,46,Debit Card
Annually,Fall,1807,58,Male,Handbag,Accessories,67,Rhode Island,M,Green,3.9,No,Standard,No,24,Venmo
Bi-Weekly,Summer,1808,34,Male,Sneakers,Footwear,46,Vermont,L,Gold,3.5,No,Standard,No,37,Venmo
Monthly,Spring,1809,67,Male,Jacket,Outerwear,71,Tennessee,M,Lavende,4.3,No,Next Day Air,No,7,Debit Card
Bi-Weekly,Fall,1810,58,Male,Backpack,Accessories,99,Alaska,S,Blue,3.4,No,Free Shipping,No,6,Debit Card
Bi-Weekly,Fall,1811,41,Male,Jeans,Clothing,28,Maryland,M,Magenta,2.7,No,Standard,No,16,Cash
Annually,Summer,1812,42,Male,Belt,Accessories,77,Wisconsin,L,Blue,3.6,No,Standard,No,33,Bank Transfer
Bi-Weekly,Summer,1813,50,Male,Boots,Footwear,63,Nevada,S,Blue,4.9,No,Express,No,18,PayPal
Weekly,Spring,1814,40,Male,Shorts,Clothing,62,Illinois,M,Olive,3.5,No,Free Shipping,No,24,PayPal
Quarterly,Summer,1815,32,Male,Jeans,Clothing,92,Montana,M,White,3.8,No,Free Shipping,No,24,Cash
Quarterly,Winter,1816,51,Male,Shoes,Footwear,72,New Mexico,L,White,4.5,No,2-Day Shipping,No,48,Credit Card
Weekly,Summer,1817,26,Male,Hat,Accessories,79,Virginia,M,Purple,4,No,Express,No,4,Cash
Weekly,Summer,1818,32,Male,T-shirt,Clothing,27,Delaware,M,White,4.7,No,Free Shipping,No,20,Cash
Quarterly,Fall,1819,58,Male,Sunglasses,Accessories,39,North Carolin,M,White,3.8,No,Express,No,47,Debit Card
Quarterly,Spring,1820,51,Male,Socks,Clothing,86,Nevada,S,Peach,4.5,No,Next Day Air,No,50,Cash
Monthly,Fall,1821,19,Male,Shirt,Clothing,94,Washington,XL,Gold,5,No,Express,No,31,PayPal
Quarterly,Spring,1822,57,Male,Shorts,Clothing,53,Maine,M,Teal,2.8,No,Express,No,29,PayPal
Annually,Summer,1823,66,Male,Shirt,Clothing,85,Connecticut,S,Cyan,4.4,No,Standard,No,4,Cash
Bi-Weekly,Fall,1824,62,Male,Socks,Clothing,50,Louisiana,L,Pink,4.7,No,Free Shipping,No,40,Bank Transfer
Monthly,Winter,1825,58,Male,Pants,Clothing,47,Illinois,XL,Magenta,3.8,No,Express,No,31,Cash
Weekly,Winter,1826,23,Male,Boots,Footwear,75,South Dakota,M,Pink,4.9,No,Next Day Air,No,41,Credit Card
Annually,Winter,1827,45,Male,T-shirt,Clothing,60,Indiana,M,Turquoi,4.2,No,Express,No,44,Debit Card
Weekly,Spring,1828,20,Male,T-shirt,Clothing,36,Vermont,S,Pink,4.9,No,2-Day Shipping,No,31,Bank Transfer
Quarterly,Spring,1829,33,Male,Coat,Outerwear,80,New Hampshire,L,Gray,3.9,No,Express,No,45,Cash
Quarterly,Spring,1830,30,Male,Hat,Accessories,96,Oregon,M,White,4.9,No,2-Day Shipping,No,50,Credit Card
Annually,Winter,1831,50,Male,Sunglasses,Accessories,80,Kansas,M,Blue,4.8,No,Express,No,7,Venmo
Quarterly,Summer,1832,62,Male,Blouse,Clothing,71,Maine,M,Cyan,3.3,No,Free Shipping,No,5,Bank Transfer
Monthly,Fall,1833,69,Male,Jewelry,Accessories,29,Louisiana,M,Blue,4.6,No,Free Shipping,No,48,Cash
Bi-Weekly,Spring,1834,34,Male,Jewelry,Accessories,53,Louisiana,M,Yellow,4.5,No,2-Day Shipping,No,19,PayPal
Bi-Weekly,Summer,1835,49,Male,Skirt,Clothing,35,Indiana,M,Charcoa,4.1,No,2-Day Shipping,No,39,Venmo
Quarterly,Fall,1836,65,Male,Scarf,Accessories,75,Kentucky,M,Lavende,3.2,No,2-Day Shipping,No,45,Credit Card
Monthly,Fall,1837,66,Male,Pants,Clothing,52,South Carolin,M,Teal,4.2,No,2-Day Shipping,No,35,Credit Card
Monthly,Winter,1838,41,Male,Hat,Accessories,77,Montana,M,Beige,4.8,No,Free Shipping,No,8,Venmo
Quarterly,Fall,1839,37,Male,Gloves,Accessories,24,Vermont,L,Blue,4.1,No,Next Day Air,No,11,Credit Card
Annually,Winter,1840,32,Male,Shirt,Clothing,78,Mississippi,XL,Purple,3.7,No,Store Pickup,No,32,Cash
Quarterly,Winter,1841,42,Male,Sandals,Footwear,98,Wyoming,M,Gold,2.6,No,Store Pickup,No,46,Bank Transfer
Quarterly,Winter,1842,31,Male,Socks,Clothing,57,Vermont,L,Blue,3,No,Standard,No,7,PayPal
Annually,Summer,1843,61,Male,Handbag,Accessories,78,Alabama,M,Black,4.4,No,Express,No,1,Debit Card
Monthly,Fall,1844,36,Male,Jacket,Outerwear,76,Kentucky,M,Charcoa,4.7,No,Next Day Air,No,32,Credit Card
Annually,Spring,1845,60,Male,Shorts,Clothing,26,South Dakota,M,Purple,2.7,No,2-Day Shipping,No,31,Credit Card
Quarterly,Winter,1846,51,Male,Sandals,Footwear,78,Delaware,M,Orange,2.8,No,2-Day Shipping,No,39,Bank Transfer
Quarterly,Summer,1847,68,Male,Scarf,Accessories,53,Wisconsin,M,Yellow,2.9,No,Standard,No,9,Venmo
Weekly,Summer,1848,46,Male,Sandals,Footwear,100,Arizona,XL,Cyan,4.4,No,Free Shipping,No,49,Credit Card
Quarterly,Winter,1849,19,Male,Jeans,Clothing,73,Maine,XL,Yellow,2.7,No,Express,No,34,Cash
Monthly,Winter,1850,30,Male,Skirt,Clothing,40,New Mexico,M,Maroon,4.5,No,Store Pickup,No,35,Bank Transfer
Weekly,Winter,1851,51,Male,Gloves,Accessories,76,Wyoming,S,Black,2.8,No,Store Pickup,No,50,Debit Card
Bi-Weekly,Fall,1852,28,Male,Skirt,Clothing,80,Delaware,S,Lavende,3.1,No,Free Shipping,No,4,Bank Transfer
Weekly,Winter,1853,41,Male,Sweater,Clothing,80,Pennsylvania,XL,Violet,3.8,No,Store Pickup,No,32,Cash
Bi-Weekly,Spring,1854,29,Male,Blouse,Clothing,67,North Dakota,XL,Olive,2.9,No,Express,No,11,PayPal
Annually,Spring,1855,25,Male,Sweater,Clothing,61,Kentucky,M,Teal,3.8,No,Express,No,49,Credit Card
Annually,Spring,1856,60,Male,Shirt,Clothing,76,Rhode Island,XL,Teal,4.7,No,Standard,No,9,Cash
Bi-Weekly,Summer,1857,63,Male,Jewelry,Accessories,55,Arizona,XL,Beige,3.2,No,Free Shipping,No,30,PayPal
Monthly,Summer,1858,51,Male,T-shirt,Clothing,85,Colorado,L,Maroon,4,No,Next Day Air,No,33,Cash
Annually,Spring,1859,22,Male,Scarf,Accessories,69,Maine,S,Peach,4.9,No,2-Day Shipping,No,8,Debit Card
Bi-Weekly,Summer,1860,54,Male,Belt,Accessories,26,New Jersey,L,Beige,3.7,No,Store Pickup,No,29,Debit Card
Monthly,Summer,1861,18,Male,T-shirt,Clothing,64,Kansas,M,Silver,4.8,No,Next Day Air,No,4,Credit Card
Monthly,Fall,1862,29,Male,Sneakers,Footwear,60,South Dakota,S,Peach,3.6,No,Standard,No,19,Debit Card
Bi-Weekly,Winter,1863,59,Male,Gloves,Accessories,36,New Hampshire,M,Turquoi,4.6,No,Express,No,10,PayPal
Monthly,Spring,1864,25,Male,Sandals,Footwear,21,Connecticut,L,Orange,4.3,No,2-Day Shipping,No,39,Debit Card
Quarterly,Fall,1865,19,Male,Backpack,Accessories,72,Wyoming,S,Cyan,3.2,No,2-Day Shipping,No,21,Venmo
Monthly,Summer,1866,56,Male,Pants,Clothing,62,Missouri,S,Silver,3.8,No,Store Pickup,No,12,Bank Transfer
Bi-Weekly,Winter,1867,31,Male,T-shirt,Clothing,44,Alaska,XL,Gold,4.2,No,Standard,No,9,Credit Card
Quarterly,Fall,1868,45,Male,Skirt,Clothing,52,Delaware,M,Brown,3.4,No,2-Day Shipping,No,20,Venmo
Bi-Weekly,Spring,1869,23,Male,Gloves,Accessories,58,Indiana,M,Silver,4.7,No,Next Day Air,No,44,Cash
Quarterly,Spring,1870,18,Male,Blouse,Clothing,77,West Virginia,S,Beige,3.9,No,2-Day Shipping,No,16,Debit Card
Bi-Weekly,Spring,1871,43,Male,Blouse,Clothing,99,Wyoming,L,Violet,4.3,No,Store Pickup,No,27,Debit Card
Quarterly,Fall,1872,56,Male,Jeans,Clothing,96,Illinois,XL,Violet,2.7,No,Standard,No,14,Cash
Monthly,Summer,1873,43,Male,T-shirt,Clothing,64,Alaska,M,Lavende,4.6,No,Standard,No,24,Credit Card
Weekly,Fall,1874,64,Male,Sweater,Clothing,44,Wisconsin,XL,Red,2.9,No,Express,No,49,Bank Transfer
Weekly,Fall,1875,67,Male,Pants,Clothing,33,Indiana,L,Purple,3.6,No,Free Shipping,No,14,Cash
Quarterly,Winter,1876,63,Male,Boots,Footwear,71,Tennessee,M,Brown,3.9,No,Next Day Air,No,6,Credit Card
Quarterly,Fall,1877,54,Male,Skirt,Clothing,36,Illinois,M,Gray,2.6,No,Standard,No,20,Venmo
Annually,Fall,1878,69,Male,Gloves,Accessories,62,Pennsylvania,L,Pink,3.6,No,Express,No,3,Credit Card
Monthly,Summer,1879,34,Male,Socks,Clothing,29,Oklahoma,L,Magenta,3.4,No,Store Pickup,No,5,Credit Card
Bi-Weekly,Spring,1880,56,Male,T-shirt,Clothing,33,Tennessee,L,Charcoa,3.5,No,Express,No,46,Cash
Monthly,Fall,1881,34,Male,Blouse,Clothing,33,New Jersey,L,Yellow,3.1,No,2-Day Shipping,No,8,Debit Card
Bi-Weekly,Winter,1882,58,Male,Blouse,Clothing,41,New Jersey,M,Red,4.3,No,Standard,No,13,Cash
Quarterly,Winter,1883,44,Male,Scarf,Accessories,54,Tennessee,L,Blue,5,No,Store Pickup,No,25,Bank Transfer
Bi-Weekly,Spring,1884,25,Male,Backpack,Accessories,58,Georgia,M,Cyan,4.9,No,Store Pickup,No,39,Debit Card
Bi-Weekly,Summer,1885,27,Male,Shorts,Clothing,30,Arizona,S,Pink,4.3,No,Next Day Air,No,15,Bank Transfer
Monthly,Winter,1886,26,Male,Jewelry,Accessories,53,Nevada,S,Maroon,4.4,No,Standard,No,35,Cash
Bi-Weekly,Spring,1887,18,Male,Gloves,Accessories,91,Arkansas,L,Beige,4.4,No,Next Day Air,No,46,Cash
Monthly,Fall,1888,64,Male,Hoodie,Clothing,44,North Dakota,XL,Gold,3.5,No,Express,No,3,PayPal
Weekly,Winter,1889,62,Male,Hoodie,Clothing,89,South Dakota,XL,Turquoi,3.4,No,Free Shipping,No,48,Credit Card
Weekly,Spring,1890,59,Male,Skirt,Clothing,57,North Carolin,L,Peach,2.5,No,Next Day Air,No,27,Bank Transfer
Weekly,Spring,1891,36,Male,Sunglasses,Accessories,57,Hawaii,M,Lavende,3.4,No,Store Pickup,No,5,Credit Card
Quarterly,Summer,1892,69,Male,Jewelry,Accessories,74,New Hampshire,M,Gray,2.6,No,Next Day Air,No,48,Debit Card
Weekly,Fall,1893,39,Male,Jacket,Outerwear,30,California,M,Blue,4.6,No,2-Day Shipping,No,12,Venmo
Bi-Weekly,Summer,1894,28,Male,Dress,Clothing,20,Delaware,L,Red,3.7,No,Express,No,10,PayPal
Bi-Weekly,Fall,1895,42,Male,Hoodie,Clothing,90,Arizona,M,Purple,2.5,No,Free Shipping,No,48,Debit Card
Monthly,Fall,1896,31,Male,Jeans,Clothing,61,Washington,L,Indigo,4.5,No,Express,No,3,Debit Card
Monthly,Fall,1897,57,Male,Sandals,Footwear,51,Nevada,M,Gold,2.9,No,Standard,No,19,Venmo
Bi-Weekly,Winter,1898,53,Male,Sunglasses,Accessories,97,Alaska,L,Teal,2.9,No,Free Shipping,No,11,Debit Card
Monthly,Fall,1899,59,Male,Pants,Clothing,97,Texas,L,Magenta,3.5,No,Next Day Air,No,25,Venmo
Weekly,Winter,1900,32,Male,Shorts,Clothing,40,New York,L,Maroon,4.2,No,Store Pickup,No,42,PayPal
Quarterly,Summer,1901,65,Male,Jewelry,Accessories,85,Iowa,S,Blue,3.3,No,Free Shipping,No,34,Cash
Quarterly,Winter,1902,56,Male,Socks,Clothing,76,Arizona,S,Beige,3.9,No,Store Pickup,No,50,Cash
Monthly,Spring,1903,31,Male,Sandals,Footwear,22,New Mexico,S,Olive,5,No,Store Pickup,No,21,Venmo
Weekly,Summer,1904,59,Male,Pants,Clothing,63,North Carolin,M,Gold,3.3,No,Standard,No,37,Bank Transfer
Monthly,Spring,1905,22,Male,T-shirt,Clothing,71,Nevada,S,Silver,4.2,No,Free Shipping,No,46,Cash
Bi-Weekly,Summer,1906,47,Male,Boots,Footwear,35,Idaho,M,Teal,4.9,No,2-Day Shipping,No,14,Bank Transfer
Bi-Weekly,Spring,1907,23,Male,Backpack,Accessories,30,Vermont,M,Green,4.6,No,2-Day Shipping,No,24,PayPal
Quarterly,Fall,1908,69,Male,Skirt,Clothing,74,New Mexico,L,Orange,4.8,No,Store Pickup,No,36,Credit Card
Bi-Weekly,Winter,1909,18,Male,Scarf,Accessories,71,Georgia,XL,Charcoa,2.7,No,Next Day Air,No,19,Debit Card
Monthly,Spring,1910,50,Male,Sweater,Clothing,84,Kentucky,S,Black,4.3,No,Store Pickup,No,12,Credit Card
Quarterly,Fall,1911,29,Male,Sandals,Footwear,38,New York,S,Yellow,3.8,No,Express,No,13,Debit Card
Bi-Weekly,Spring,1912,65,Male,Jewelry,Accessories,81,Arizona,M,Gray,4.9,No,Express,No,32,Debit Card
Bi-Weekly,Winter,1913,29,Male,Sweater,Clothing,56,Colorado,S,Charcoa,3.4,No,2-Day Shipping,No,5,Credit Card
Annually,Winter,1914,49,Male,Skirt,Clothing,48,Kentucky,M,Peach,3.6,No,Express,No,29,Cash
Bi-Weekly,Fall,1915,28,Male,Shorts,Clothing,97,Alaska,L,Green,3.4,No,Standard,No,40,Credit Card
Weekly,Fall,1916,51,Male,Backpack,Accessories,74,Alabama,M,Magenta,4.7,No,2-Day Shipping,No,44,Cash
Bi-Weekly,Winter,1917,26,Male,Hoodie,Clothing,50,Connecticut,S,Beige,3,No,Next Day Air,No,3,Debit Card
Bi-Weekly,Winter,1918,38,Male,Skirt,Clothing,71,Hawaii,L,Black,3.4,No,Free Shipping,No,35,PayPal
Monthly,Summer,1919,35,Male,Skirt,Clothing,33,Idaho,S,Purple,4.6,No,Standard,No,33,Debit Card
Bi-Weekly,Summer,1920,34,Male,Backpack,Accessories,56,Virginia,M,Olive,3.1,No,Express,No,20,PayPal
Quarterly,Spring,1921,51,Male,Blouse,Clothing,84,Connecticut,M,Purple,2.8,No,Standard,No,40,Cash
Annually,Fall,1922,47,Male,Shirt,Clothing,36,Michigan,M,Green,3.5,No,Store Pickup,No,13,Venmo
Monthly,Summer,1923,18,Male,Gloves,Accessories,63,Kentucky,S,Peach,4.6,No,Standard,No,9,PayPal
Annually,Summer,1924,64,Male,Sandals,Footwear,36,Nebraska,XL,Blue,4.3,No,Standard,No,7,Cash
Quarterly,Fall,1925,30,Male,Jacket,Outerwear,63,Michigan,M,Gray,4.8,No,Free Shipping,No,42,PayPal
Bi-Weekly,Winter,1926,59,Male,Sneakers,Footwear,32,Utah,L,Black,2.9,No,Express,No,44,Credit Card
Annually,Spring,1927,66,Male,Backpack,Accessories,93,New Mexico,M,Silver,3,No,Express,No,6,PayPal
Quarterly,Summer,1928,40,Male,Pants,Clothing,29,Florida,M,Pink,2.9,No,Standard,No,8,Cash
Weekly,Summer,1929,25,Male,Sunglasses,Accessories,92,Mississippi,S,Lavende,3.7,No,Standard,No,10,PayPal
Quarterly,Fall,1930,59,Male,Jeans,Clothing,33,Hawaii,L,Brown,4.7,No,Standard,No,46,Venmo
Weekly,Spring,1931,66,Male,Pants,Clothing,52,North Carolin,L,Turquoi,3.5,No,Store Pickup,No,26,Cash
Quarterly,Spring,1932,54,Male,Jewelry,Accessories,42,Illinois,S,Olive,2.7,No,Store Pickup,No,6,Debit Card
Quarterly,Spring,1933,42,Male,Hoodie,Clothing,36,Maryland,M,White,5,No,Free Shipping,No,47,Credit Card
Annually,Summer,1934,48,Male,Sandals,Footwear,67,Montana,L,Violet,4.1,No,Next Day Air,No,28,Venmo
Annually,Winter,1935,34,Male,Jacket,Outerwear,43,Michigan,L,Gold,2.7,No,Free Shipping,No,23,Bank Transfer
Bi-Weekly,Spring,1936,19,Male,Blouse,Clothing,68,North Carolin,XL,Violet,4.8,No,Free Shipping,No,45,Cash
Quarterly,Summer,1937,70,Male,Jewelry,Accessories,60,Minnesota,S,Teal,4.3,No,2-Day Shipping,No,44,PayPal
Monthly,Summer,1938,43,Male,Socks,Clothing,53,Delaware,M,Olive,4.5,No,2-Day Shipping,No,11,Bank Transfer
Bi-Weekly,Spring,1939,46,Male,Jeans,Clothing,23,Kentucky,L,Blue,3.8,No,Standard,No,39,Debit Card
Quarterly,Winter,1940,66,Male,Gloves,Accessories,57,Ohio,L,Magenta,3.7,No,Store Pickup,No,20,PayPal
Bi-Weekly,Fall,1941,50,Male,Hat,Accessories,89,Alaska,L,Gray,3.9,No,2-Day Shipping,No,48,PayPal
Quarterly,Winter,1942,55,Male,Shoes,Footwear,99,Vermont,XL,Peach,3.3,No,Standard,No,46,Credit Card
Monthly,Fall,1943,63,Male,Pants,Clothing,28,Alabama,M,Cyan,3.4,No,Express,No,22,PayPal
Annually,Summer,1944,32,Male,Socks,Clothing,53,Wisconsin,L,Violet,3.8,No,Next Day Air,No,45,Cash
Quarterly,Winter,1945,30,Male,Hoodie,Clothing,45,Arkansas,M,Gold,2.7,No,Free Shipping,No,49,Cash
Quarterly,Winter,1946,35,Male,Hoodie,Clothing,38,Georgia,M,Gold,2.9,No,2-Day Shipping,No,9,Credit Card
Quarterly,Summer,1947,59,Male,Pants,Clothing,49,Louisiana,M,White,4.5,No,Standard,No,41,Credit Card
Monthly,Summer,1948,59,Male,Shirt,Clothing,32,New York,M,Gray,2.6,No,Store Pickup,No,2,PayPal
Bi-Weekly,Winter,1949,54,Male,T-shirt,Clothing,37,Connecticut,L,Brown,3.1,No,Next Day Air,No,39,PayPal
Quarterly,Winter,1950,63,Male,Dress,Clothing,80,Nebraska,L,Gray,4.7,No,Store Pickup,No,12,PayPal
Quarterly,Summer,1951,43,Male,Backpack,Accessories,78,Arkansas,L,Blue,4.6,No,Free Shipping,No,26,PayPal
Bi-Weekly,Summer,1952,33,Male,Gloves,Accessories,53,Connecticut,L,Gold,2.7,No,Next Day Air,No,32,Bank Transfer
Bi-Weekly,Summer,1953,57,Male,Shoes,Footwear,82,Maryland,L,Yellow,4.6,No,2-Day Shipping,No,50,Cash
Bi-Weekly,Spring,1954,25,Male,Skirt,Clothing,33,Colorado,XL,Green,4.8,No,Standard,No,3,PayPal
Quarterly,Winter,1955,26,Male,Gloves,Accessories,77,Colorado,M,Pink,4.2,No,Free Shipping,No,3,Venmo
Monthly,Winter,1956,50,Male,Hoodie,Clothing,56,Maine,M,Pink,4.9,No,Express,No,37,Cash
Bi-Weekly,Winter,1957,70,Male,Socks,Clothing,37,Oklahoma,M,Pink,4.9,No,Express,No,20,Credit Card
Bi-Weekly,Spring,1958,68,Male,Gloves,Accessories,54,South Carolin,M,Cyan,4.5,No,Store Pickup,No,26,Cash
Quarterly,Winter,1959,39,Male,Shorts,Clothing,67,Nevada,M,Gray,2.7,No,Store Pickup,No,47,Cash
Quarterly,Fall,1960,46,Male,Shoes,Footwear,90,Colorado,M,White,3.1,No,Store Pickup,No,7,Credit Card
Annually,Summer,1961,57,Male,Jeans,Clothing,72,Massachusetts,L,Red,3.3,No,2-Day Shipping,No,40,Credit Card
Quarterly,Summer,1962,47,Male,Boots,Footwear,59,Nevada,L,Black,2.6,No,Free Shipping,No,45,Debit Card
Bi-Weekly,Fall,1963,40,Male,Hat,Accessories,45,Iowa,M,Silver,4.4,No,Standard,No,20,PayPal
Weekly,Spring,1964,52,Male,Shorts,Clothing,30,Michigan,L,Pink,3.9,No,Standard,No,11,Credit Card
Monthly,Summer,1965,40,Male,Pants,Clothing,51,West Virginia,S,Cyan,4.6,No,Express,No,50,Debit Card
Quarterly,Fall,1966,67,Male,Sweater,Clothing,90,Indiana,M,White,4.9,No,Express,No,25,Debit Card
Bi-Weekly,Winter,1967,67,Male,Jacket,Outerwear,95,Indiana,XL,Purple,3.7,No,Express,No,5,Credit Card
Annually,Fall,1968,37,Male,Dress,Clothing,81,Georgia,L,Yellow,3.7,No,Standard,No,4,Venmo
Weekly,Spring,1969,67,Male,Shirt,Clothing,70,Minnesota,S,Blue,4.2,No,Standard,No,25,Credit Card
Bi-Weekly,Winter,1970,64,Male,Dress,Clothing,32,Louisiana,S,Cyan,3.5,No,Next Day Air,No,11,Bank Transfer
Bi-Weekly,Spring,1971,28,Male,Belt,Accessories,94,Maryland,M,Indigo,2.9,No,Next Day Air,No,4,Credit Card
Monthly,Spring,1972,54,Male,Hat,Accessories,29,Pennsylvania,XL,Indigo,3.4,No,Next Day Air,No,1,Venmo
Quarterly,Summer,1973,54,Male,Backpack,Accessories,31,Louisiana,M,Silver,3.3,No,Express,No,48,PayPal
Quarterly,Fall,1974,24,Male,Skirt,Clothing,20,Maryland,XL,Red,4.5,No,Standard,No,9,Venmo
Bi-Weekly,Winter,1975,27,Male,Gloves,Accessories,44,Tennessee,M,Peach,4.6,No,2-Day Shipping,No,2,PayPal
Quarterly,Fall,1976,53,Male,Jacket,Outerwear,77,Illinois,L,Turquoi,2.9,No,Express,No,4,Cash
Bi-Weekly,Spring,1977,32,Male,Handbag,Accessories,51,Wyoming,M,Pink,3.2,No,Next Day Air,No,43,PayPal
Annually,Summer,1978,24,Male,Sandals,Footwear,49,Florida,M,Teal,2.6,No,Free Shipping,No,32,Bank Transfer
Quarterly,Spring,1979,45,Male,Sunglasses,Accessories,78,Massachusetts,L,Magenta,3.8,No,Store Pickup,No,1,Cash
Bi-Weekly,Spring,1980,49,Male,Jeans,Clothing,98,Tennessee,L,Blue,2.8,No,Store Pickup,No,38,Debit Card
Bi-Weekly,Winter,1981,51,Male,Sandals,Footwear,94,Iowa,M,Green,4.4,No,Store Pickup,No,25,PayPal
Quarterly,Summer,1982,69,Male,Shoes,Footwear,91,Michigan,L,Violet,4.7,No,Express,No,42,PayPal
Monthly,Summer,1983,41,Male,Sunglasses,Accessories,77,Kansas,M,Turquoi,2.7,No,2-Day Shipping,No,32,PayPal
Quarterly,Summer,1984,59,Male,Scarf,Accessories,97,Georgia,M,Pink,2.6,No,Next Day Air,No,21,Debit Card
Bi-Weekly,Summer,1985,26,Male,Skirt,Clothing,58,West Virginia,M,Black,3.4,No,2-Day Shipping,No,26,PayPal
Bi-Weekly,Spring,1986,23,Male,Gloves,Accessories,97,Tennessee,M,Gold,3.9,No,2-Day Shipping,No,6,Credit Card
Quarterly,Summer,1987,62,Male,Coat,Outerwear,48,Arkansas,L,Green,3.4,No,2-Day Shipping,No,14,Venmo
Quarterly,Summer,1988,69,Male,Belt,Accessories,23,Vermont,XL,White,3.4,No,Express,No,4,Cash
Weekly,Winter,1989,46,Male,Pants,Clothing,79,Virginia,M,Gold,3.9,No,Free Shipping,No,26,Bank Transfer
Bi-Weekly,Spring,1990,35,Male,Jewelry,Accessories,42,Maryland,S,Charcoa,4,No,Express,No,39,PayPal
Annually,Spring,1991,32,Male,Backpack,Accessories,95,Connecticut,L,White,3.4,No,2-Day Shipping,No,15,PayPal
Quarterly,Summer,1992,46,Male,Sneakers,Footwear,29,Missouri,M,Brown,3.7,No,Next Day Air,No,1,Venmo
Monthly,Winter,1993,33,Male,Hoodie,Clothing,98,New Jersey,L,Gold,4.9,No,2-Day Shipping,No,28,Venmo
Weekly,Spring,1994,32,Male,Blouse,Clothing,96,Arkansas,S,Purple,5,No,Express,No,17,Cash
Weekly,Fall,1995,33,Male,Sunglasses,Accessories,66,Nevada,M,Brown,2.9,No,Next Day Air,No,24,Credit Card
Quarterly,Spring,1996,67,Male,Boots,Footwear,80,Missouri,S,Teal,3,No,Standard,No,29,Debit Card
Quarterly,Summer,1997,67,Male,Sneakers,Footwear,27,South Dakota,L,Indigo,3.3,No,Next Day Air,No,18,Cash
Bi-Weekly,Fall,1998,42,Male,Backpack,Accessories,25,Connecticut,M,Purple,4.7,No,Express,No,10,Debit Card
Quarterly,Fall,1999,20,Male,Pants,Clothing,45,Vermont,M,Orange,3.4,No,2-Day Shipping,No,19,Cash
Monthly,Winter,2000,39,Male,Socks,Clothing,89,Tennessee,L,Indigo,4.6,No,2-Day Shipping,No,26,Debit Card
Bi-Weekly,Winter,2001,26,Male,Belt,Accessories,27,California,M,Lavende,3.6,No,2-Day Shipping,No,25,Cash
Bi-Weekly,Winter,2002,51,Male,Sunglasses,Accessories,90,Wyoming,S,Purple,2.6,No,Free Shipping,No,2,Debit Card
Quarterly,Summer,2003,31,Male,Shirt,Clothing,65,New York,M,Red,2.7,No,Express,No,19,PayPal
Quarterly,Spring,2004,68,Male,Sneakers,Footwear,72,Maine,S,Blue,3.1,No,Express,No,32,Cash
Bi-Weekly,Fall,2005,44,Male,Shoes,Footwear,70,Georgia,L,Blue,3.2,No,2-Day Shipping,No,13,Cash
Bi-Weekly,Winter,2006,18,Male,Sandals,Footwear,82,Tennessee,M,Cyan,3.4,No,Store Pickup,No,30,PayPal
Annually,Fall,2007,58,Male,Scarf,Accessories,97,New Mexico,S,Pink,4.4,No,Express,No,2,Credit Card
Quarterly,Summer,2008,26,Male,Shirt,Clothing,25,Virginia,M,Silver,3.2,No,2-Day Shipping,No,8,PayPal
Quarterly,Spring,2009,57,Male,Skirt,Clothing,48,Florida,M,Gray,2.5,No,Free Shipping,No,27,PayPal
Bi-Weekly,Summer,2010,37,Male,Boots,Footwear,99,Alabama,M,Indigo,3.8,No,Next Day Air,No,26,Venmo
Bi-Weekly,Summer,2011,24,Male,Sweater,Clothing,21,Texas,M,Maroon,4.4,No,2-Day Shipping,No,3,Debit Card
Monthly,Spring,2012,57,Male,Sandals,Footwear,94,West Virginia,M,Beige,3.7,No,Express,No,4,Bank Transfer
Bi-Weekly,Fall,2013,48,Male,Jeans,Clothing,53,Nevada,L,Green,3.2,No,Store Pickup,No,5,Cash
Quarterly,Winter,2014,39,Male,Backpack,Accessories,70,Virginia,M,Peach,4.9,No,Standard,No,25,Debit Card
Bi-Weekly,Summer,2015,51,Male,Skirt,Clothing,26,Wisconsin,L,Black,3.9,No,Standard,No,47,PayPal
Bi-Weekly,Summer,2016,57,Male,Belt,Accessories,82,Virginia,S,Pink,4.5,No,Next Day Air,No,8,Credit Card
Bi-Weekly,Winter,2017,53,Male,Shoes,Footwear,47,Maine,S,Violet,3.4,No,Standard,No,20,Debit Card
Quarterly,Winter,2018,70,Male,Socks,Clothing,32,Massachusetts,S,Green,4.1,No,Next Day Air,No,42,Bank Transfer
Weekly,Fall,2019,60,Male,Backpack,Accessories,97,Arkansas,S,Gold,4.5,No,Store Pickup,No,20,Bank Transfer
Bi-Weekly,Winter,2020,31,Male,Shirt,Clothing,68,Idaho,S,Red,4.7,No,Store Pickup,No,23,Cash
Quarterly,Winter,2021,41,Male,Sweater,Clothing,23,Pennsylvania,M,Beige,4.8,No,Next Day Air,No,26,Cash
Quarterly,Winter,2022,62,Male,Handbag,Accessories,33,Maine,M,Green,4.4,No,Standard,No,48,Venmo
Bi-Weekly,Winter,2023,59,Male,Jewelry,Accessories,38,Alabama,S,Black,4,No,Store Pickup,No,16,Cash
Bi-Weekly,Winter,2024,46,Male,Socks,Clothing,68,Idaho,S,Teal,4.1,No,Store Pickup,No,28,Cash
Weekly,Fall,2025,62,Male,Socks,Clothing,23,Arkansas,L,Silver,3.7,No,Express,No,39,PayPal
Bi-Weekly,Summer,2026,42,Male,Shirt,Clothing,29,Delaware,M,Turquoi,3,No,Express,No,43,Debit Card
Quarterly,Winter,2027,37,Male,Scarf,Accessories,35,Maine,M,Orange,3.6,No,Express,No,45,Bank Transfer
Quarterly,Fall,2028,50,Male,Shoes,Footwear,73,Nebraska,S,Gold,4.8,No,Standard,No,50,Credit Card
Bi-Weekly,Fall,2029,29,Male,Shoes,Footwear,84,Ohio,XL,Purple,3.7,No,2-Day Shipping,No,10,Venmo
Quarterly,Spring,2030,25,Male,Scarf,Accessories,23,Montana,M,Pink,4.6,No,Next Day Air,No,40,PayPal
Monthly,Summer,2031,66,Male,Sunglasses,Accessories,67,New Mexico,S,Green,2.8,No,Standard,No,38,Credit Card
Monthly,Spring,2032,21,Male,Socks,Clothing,51,North Carolin,L,Charcoa,4,No,Standard,No,2,Credit Card
Annually,Winter,2033,46,Male,Blouse,Clothing,36,South Carolin,M,Maroon,4.2,No,Next Day Air,No,13,Cash
Annually,Summer,2034,57,Male,Jeans,Clothing,55,Illinois,L,Olive,3.6,No,Express,No,33,Venmo
Monthly,Spring,2035,61,Male,Shorts,Clothing,30,Alabama,M,Peach,2.9,No,Store Pickup,No,27,PayPal
Weekly,Summer,2036,53,Male,T-shirt,Clothing,70,Oklahoma,S,Yellow,4.1,No,Express,No,43,Bank Transfer
Weekly,Winter,2037,37,Male,Blouse,Clothing,63,Minnesota,S,Lavende,3.1,No,Next Day Air,No,46,Cash
Bi-Weekly,Summer,2038,39,Male,Belt,Accessories,87,Illinois,S,Green,4.3,No,Express,No,7,Venmo
Bi-Weekly,Spring,2039,53,Male,Blouse,Clothing,70,Arkansas,L,Orange,4.4,No,Next Day Air,No,35,Credit Card
Bi-Weekly,Spring,2040,35,Male,T-shirt,Clothing,51,Minnesota,M,Olive,3.1,No,Next Day Air,No,31,Debit Card
Quarterly,Spring,2041,69,Male,Jewelry,Accessories,25,South Carolin,XL,Gray,2.9,No,Free Shipping,No,42,Venmo
Bi-Weekly,Winter,2042,66,Male,Jacket,Outerwear,32,New York,S,Lavende,3.2,No,Next Day Air,No,14,PayPal
Monthly,Spring,2043,19,Male,Shoes,Footwear,52,Alabama,M,Red,4,No,2-Day Shipping,No,35,Venmo
Weekly,Summer,2044,47,Male,Gloves,Accessories,33,New York,M,Charcoa,2.7,No,Standard,No,49,PayPal
Bi-Weekly,Spring,2045,49,Male,Jeans,Clothing,68,Missouri,L,Orange,3,No,Free Shipping,No,17,PayPal
Quarterly,Fall,2046,31,Male,Jewelry,Accessories,20,Georgia,M,Red,4.4,No,Express,No,26,PayPal
Quarterly,Winter,2047,39,Male,Pants,Clothing,32,Oklahoma,M,Maroon,2.8,No,Free Shipping,No,30,Cash
Annually,Summer,2048,58,Male,Jewelry,Accessories,82,Connecticut,M,Silver,3.1,No,Store Pickup,No,32,Cash
Quarterly,Winter,2049,45,Male,Sneakers,Footwear,64,Michigan,XL,Pink,3.9,No,Express,No,35,Bank Transfer
Annually,Fall,2050,68,Male,Boots,Footwear,24,Rhode Island,L,Blue,2.7,No,Standard,No,15,Venmo
Annually,Summer,2051,35,Male,Hat,Accessories,96,Mississippi,M,Teal,3.4,No,Store Pickup,No,10,Debit Card
Monthly,Spring,2052,65,Male,T-shirt,Clothing,94,Massachusetts,L,Black,3.8,No,Free Shipping,No,14,Credit Card
Annually,Winter,2053,45,Male,Backpack,Accessories,48,New Hampshire,M,Gray,3.7,No,2-Day Shipping,No,30,Bank Transfer
Bi-Weekly,Spring,2054,19,Male,Sunglasses,Accessories,60,Wyoming,S,Purple,4.5,No,2-Day Shipping,No,16,Credit Card
Annually,Spring,2055,65,Male,Sweater,Clothing,56,New Jersey,XL,Gold,2.9,No,Express,No,14,PayPal
Weekly,Fall,2056,28,Male,Handbag,Accessories,33,Texas,M,Silver,3.4,No,2-Day Shipping,No,28,Bank Transfer
Monthly,Spring,2057,55,Male,Backpack,Accessories,46,Minnesota,L,Blue,4.4,No,2-Day Shipping,No,29,PayPal
Quarterly,Spring,2058,66,Male,Socks,Clothing,37,South Dakota,L,Yellow,4.2,No,Standard,No,5,PayPal
Quarterly,Winter,2059,29,Male,Shirt,Clothing,98,Washington,M,Brown,3.3,No,Store Pickup,No,17,Bank Transfer
Weekly,Spring,2060,56,Male,Shorts,Clothing,50,California,XL,Beige,3.7,No,Express,No,50,PayPal
Quarterly,Fall,2061,21,Male,Belt,Accessories,63,Wisconsin,M,Blue,3.2,No,Next Day Air,No,23,Bank Transfer
Annually,Summer,2062,32,Male,Sweater,Clothing,70,Michigan,S,Magenta,2.6,No,Store Pickup,No,22,Debit Card
Quarterly,Fall,2063,54,Male,Coat,Outerwear,63,South Carolin,L,Silver,2.8,No,Standard,No,15,Cash
Monthly,Fall,2064,61,Male,Shorts,Clothing,86,Indiana,M,Cyan,2.9,No,Standard,No,32,Cash
Monthly,Summer,2065,31,Male,Shoes,Footwear,99,Arkansas,M,Green,4,No,2-Day Shipping,No,5,Bank Transfer
Bi-Weekly,Spring,2066,27,Male,Sneakers,Footwear,40,Oregon,M,Blue,2.9,No,Free Shipping,No,6,Bank Transfer
Bi-Weekly,Fall,2067,64,Male,Sneakers,Footwear,92,Illinois,M,Olive,4.7,No,Store Pickup,No,44,Debit Card
Bi-Weekly,Fall,2068,60,Male,Pants,Clothing,21,Maryland,XL,Beige,3.1,No,2-Day Shipping,No,23,Cash
Monthly,Summer,2069,70,Male,Jewelry,Accessories,81,Vermont,XL,Black,3.9,No,Store Pickup,No,44,Venmo
Quarterly,Fall,2070,36,Male,T-shirt,Clothing,82,Texas,M,Indigo,3.4,No,Free Shipping,No,3,Debit Card
Monthly,Spring,2071,56,Male,Jewelry,Accessories,88,Nebraska,XL,Red,3.1,No,Express,No,14,Cash
Quarterly,Fall,2072,69,Male,Jacket,Outerwear,100,South Carolin,S,Yellow,4.8,No,Store Pickup,No,37,PayPal
Weekly,Winter,2073,39,Male,Backpack,Accessories,66,Massachusetts,M,Beige,3.9,No,Next Day Air,No,22,Bank Transfer
Quarterly,Winter,2074,38,Male,Belt,Accessories,25,Texas,S,Green,3.5,No,Next Day Air,No,2,PayPal
Bi-Weekly,Summer,2075,36,Male,Scarf,Accessories,53,Florida,M,White,3.1,No,Free Shipping,No,44,Debit Card
Monthly,Fall,2076,46,Male,Sweater,Clothing,28,South Carolin,S,Turquoi,4.7,No,Express,No,49,Debit Card
Bi-Weekly,Fall,2077,59,Male,Gloves,Accessories,23,Florida,S,Indigo,4.6,No,Free Shipping,No,22,Debit Card
Annually,Fall,2078,64,Male,Scarf,Accessories,34,Nebraska,L,Orange,3.3,No,Free Shipping,No,26,Bank Transfer
Weekly,Spring,2079,49,Male,Dress,Clothing,42,Hawaii,M,Blue,3.2,No,Next Day Air,No,40,Debit Card
Quarterly,Summer,2080,32,Male,Jeans,Clothing,24,Montana,L,Violet,3.1,No,Next Day Air,No,16,PayPal
Bi-Weekly,Fall,2081,29,Male,Sunglasses,Accessories,47,South Dakota,S,Gray,3.5,No,Free Shipping,No,17,Debit Card
Bi-Weekly,Spring,2082,24,Male,Coat,Outerwear,78,Alabama,S,Cyan,4.3,No,Standard,No,48,Bank Transfer
Quarterly,Summer,2083,41,Male,Jeans,Clothing,89,Arkansas,M,Yellow,2.9,No,Free Shipping,No,28,Venmo
Bi-Weekly,Fall,2084,41,Male,Scarf,Accessories,59,Mississippi,L,Orange,2.7,No,Store Pickup,No,26,Credit Card
Quarterly,Summer,2085,32,Male,Blouse,Clothing,94,Vermont,S,Brown,4,No,Standard,No,43,Bank Transfer
Weekly,Fall,2086,69,Male,Jeans,Clothing,49,New York,M,Teal,4.6,No,Free Shipping,No,38,Debit Card
Quarterly,Summer,2087,65,Male,Dress,Clothing,89,North Dakota,L,Beige,4.7,No,2-Day Shipping,No,36,Cash
Weekly,Summer,2088,54,Male,Hat,Accessories,91,Wisconsin,M,Blue,4.7,No,Standard,No,1,Credit Card
Annually,Spring,2089,39,Male,Sandals,Footwear,89,California,L,Orange,4,No,Standard,No,49,Debit Card
Quarterly,Spring,2090,37,Male,Jacket,Outerwear,57,Maryland,L,Gold,3.6,No,Free Shipping,No,41,Credit Card
Monthly,Winter,2091,51,Male,Socks,Clothing,71,Massachusetts,S,Teal,3.4,No,Free Shipping,No,21,Debit Card
Quarterly,Fall,2092,26,Male,Jeans,Clothing,97,Washington,XL,Beige,3,No,Next Day Air,No,24,Bank Transfer
Weekly,Fall,2093,42,Male,Sandals,Footwear,45,Minnesota,M,Silver,2.6,No,Next Day Air,No,27,Bank Transfer
Annually,Spring,2094,21,Male,Dress,Clothing,91,Washington,M,Maroon,4.2,No,Store Pickup,No,4,Debit Card
Annually,Spring,2095,53,Male,Socks,Clothing,25,South Carolin,M,Indigo,3.4,No,Standard,No,19,Venmo
Bi-Weekly,Fall,2096,36,Male,Hoodie,Clothing,63,New Mexico,M,Gray,4,No,Store Pickup,No,1,Bank Transfer
Annually,Summer,2097,21,Male,Dress,Clothing,52,North Carolin,L,Blue,4.7,No,Free Shipping,No,27,Debit Card
Weekly,Winter,2098,33,Male,Sneakers,Footwear,43,Iowa,S,Cyan,3.9,No,Next Day Air,No,5,Credit Card
Quarterly,Summer,2099,49,Male,T-shirt,Clothing,28,Louisiana,M,White,3.3,No,2-Day Shipping,No,20,Venmo
Annually,Summer,2100,31,Male,T-shirt,Clothing,78,Oklahoma,L,Green,2.9,No,Express,No,50,PayPal
Bi-Weekly,Spring,2101,68,Male,Sweater,Clothing,31,Michigan,M,Silver,4.4,No,Free Shipping,No,36,Cash
Bi-Weekly,Winter,2102,49,Male,Shirt,Clothing,23,Oregon,M,Blue,3.6,No,Next Day Air,No,12,Bank Transfer
Monthly,Spring,2103,23,Male,Hat,Accessories,25,Idaho,M,Brown,4.5,No,Store Pickup,No,23,Cash
Weekly,Summer,2104,30,Male,Pants,Clothing,86,Indiana,S,Red,3.7,No,Store Pickup,No,21,Venmo
Weekly,Spring,2105,53,Male,Shoes,Footwear,88,New Mexico,M,Gold,2.8,No,Free Shipping,No,47,Venmo
Bi-Weekly,Spring,2106,65,Male,Gloves,Accessories,35,South Carolin,M,Silver,4.5,No,Free Shipping,No,38,Venmo
Quarterly,Fall,2107,60,Male,Jewelry,Accessories,34,Vermont,M,Gray,4.4,No,Standard,No,40,Credit Card
Quarterly,Winter,2108,46,Male,Pants,Clothing,75,Delaware,M,Black,3.3,No,Standard,No,35,PayPal
Quarterly,Winter,2109,54,Male,Hoodie,Clothing,46,North Dakota,XL,Beige,4.2,No,Express,No,4,Credit Card
Quarterly,Fall,2110,59,Male,Jewelry,Accessories,31,California,L,Peach,2.7,No,Free Shipping,No,28,Venmo
Quarterly,Spring,2111,52,Male,Socks,Clothing,93,Montana,L,Cyan,3.9,No,Store Pickup,No,36,Debit Card
Annually,Spring,2112,41,Male,Sunglasses,Accessories,85,Missouri,XL,Pink,2.6,No,Free Shipping,No,15,Bank Transfer
Bi-Weekly,Fall,2113,43,Male,Belt,Accessories,68,Tennessee,M,Lavende,4.5,No,2-Day Shipping,No,7,Cash
Quarterly,Spring,2114,63,Male,Dress,Clothing,40,Virginia,M,Brown,2.7,No,Store Pickup,No,29,PayPal
Annually,Winter,2115,37,Male,Shirt,Clothing,51,Vermont,M,Magenta,2.9,No,Standard,No,12,Debit Card
Bi-Weekly,Winter,2116,44,Male,Scarf,Accessories,85,Rhode Island,M,Violet,3.4,No,Store Pickup,No,16,Bank Transfer
Bi-Weekly,Summer,2117,67,Male,Jacket,Outerwear,23,Kansas,M,Teal,2.9,No,Express,No,50,Debit Card
Annually,Summer,2118,27,Male,Dress,Clothing,28,Colorado,L,Brown,3.8,No,Free Shipping,No,11,Debit Card
Quarterly,Fall,2119,60,Male,Socks,Clothing,44,Georgia,M,Olive,4.2,No,2-Day Shipping,No,28,Debit Card
Bi-Weekly,Spring,2120,58,Male,Jewelry,Accessories,57,Nebraska,M,Indigo,3.5,No,Store Pickup,No,36,Venmo
Quarterly,Fall,2121,53,Male,Scarf,Accessories,98,Missouri,S,Red,3.1,No,Next Day Air,No,38,PayPal
Monthly,Winter,2122,43,Male,Backpack,Accessories,68,Alaska,M,Olive,3.5,No,2-Day Shipping,No,32,Bank Transfer
Weekly,Fall,2123,32,Male,Jacket,Outerwear,36,Virginia,L,Teal,4,No,Express,No,42,Debit Card
Bi-Weekly,Spring,2124,54,Male,Coat,Outerwear,71,Nebraska,L,Cyan,3.7,No,Express,No,22,Debit Card
Quarterly,Fall,2125,47,Male,Skirt,Clothing,60,Rhode Island,M,Teal,4.2,No,Next Day Air,No,22,Venmo
Quarterly,Fall,2126,57,Male,Coat,Outerwear,87,New Hampshire,M,Beige,4.8,No,Store Pickup,No,31,PayPal
Monthly,Winter,2127,63,Male,Shoes,Footwear,38,Alabama,XL,Magenta,4.1,No,Express,No,28,Credit Card
Weekly,Spring,2128,70,Male,Boots,Footwear,45,North Carolin,M,Indigo,4.5,No,2-Day Shipping,No,40,Debit Card
Weekly,Fall,2129,62,Male,Coat,Outerwear,47,New Mexico,L,Cyan,2.7,No,2-Day Shipping,No,21,PayPal
Quarterly,Fall,2130,40,Male,Skirt,Clothing,57,Minnesota,L,Orange,2.8,No,Store Pickup,No,12,PayPal
Annually,Summer,2131,25,Male,Backpack,Accessories,68,Arizona,L,Violet,3.7,No,Free Shipping,No,33,Credit Card
Bi-Weekly,Fall,2132,19,Male,Shorts,Clothing,52,Montana,M,Red,3.6,No,Express,No,9,Bank Transfer
Weekly,Fall,2133,25,Male,Skirt,Clothing,87,Vermont,M,Magenta,4.7,No,2-Day Shipping,No,15,Debit Card
Annually,Summer,2134,21,Male,Hat,Accessories,34,Maine,M,Olive,3.8,No,Standard,No,13,Bank Transfer
Bi-Weekly,Winter,2135,55,Male,Sandals,Footwear,41,Virginia,XL,Maroon,2.9,No,Standard,No,35,Credit Card
Quarterly,Winter,2136,34,Male,Sunglasses,Accessories,94,California,S,Yellow,4.6,No,Next Day Air,No,1,Debit Card
Bi-Weekly,Summer,2137,47,Male,Sunglasses,Accessories,93,New York,M,Red,2.8,No,Standard,No,25,Bank Transfer
Quarterly,Winter,2138,27,Male,Socks,Clothing,51,Indiana,XL,Purple,4.6,No,2-Day Shipping,No,20,Credit Card
Quarterly,Fall,2139,67,Male,Sweater,Clothing,42,Mississippi,M,Teal,2.8,No,Next Day Air,No,36,Venmo
Weekly,Winter,2140,40,Male,Boots,Footwear,95,New York,M,Red,3,No,Free Shipping,No,33,Cash
Bi-Weekly,Fall,2141,53,Male,Handbag,Accessories,90,New Mexico,M,Brown,3.7,No,Standard,No,36,Cash
Annually,Winter,2142,24,Male,Dress,Clothing,98,Kentucky,M,Peach,4.1,No,2-Day Shipping,No,32,PayPal
Quarterly,Winter,2143,47,Male,Hat,Accessories,39,North Dakota,M,Maroon,4.3,No,Next Day Air,No,21,Venmo
Bi-Weekly,Fall,2144,53,Male,Sandals,Footwear,66,Arkansas,L,Red,3.8,No,Next Day Air,No,48,Venmo
Quarterly,Winter,2145,47,Male,Shoes,Footwear,23,Maryland,L,Orange,3.7,No,Free Shipping,No,25,PayPal
Annually,Winter,2146,38,Male,Skirt,Clothing,73,Connecticut,S,White,4.8,No,Standard,No,32,PayPal
Quarterly,Summer,2147,48,Male,Sunglasses,Accessories,23,Utah,XL,White,4.6,No,Standard,No,45,PayPal
Bi-Weekly,Fall,2148,47,Male,Skirt,Clothing,43,Missouri,S,Charcoa,4.8,No,Standard,No,4,Cash
Bi-Weekly,Winter,2149,19,Male,T-shirt,Clothing,45,Nebraska,XL,Turquoi,4.6,No,2-Day Shipping,No,19,PayPal
Weekly,Winter,2150,38,Male,Sandals,Footwear,21,Hawaii,L,Orange,4,No,Standard,No,1,Bank Transfer
Weekly,Spring,2151,57,Male,Shirt,Clothing,40,Illinois,M,Orange,2.6,No,2-Day Shipping,No,12,Cash
Monthly,Fall,2152,70,Male,Jeans,Clothing,58,Vermont,L,Brown,2.6,No,2-Day Shipping,No,18,Venmo
Bi-Weekly,Summer,2153,38,Male,Shorts,Clothing,48,New Jersey,L,Magenta,4.5,No,Next Day Air,No,43,Bank Transfer
Annually,Fall,2154,35,Male,Shirt,Clothing,94,Kentucky,M,Violet,4.2,No,Free Shipping,No,31,PayPal
Quarterly,Spring,2155,46,Male,Scarf,Accessories,74,Wyoming,M,Violet,3.4,No,Store Pickup,No,33,Cash
Monthly,Fall,2156,32,Male,Handbag,Accessories,51,Hawaii,L,Yellow,3.7,No,Store Pickup,No,46,PayPal
Bi-Weekly,Winter,2157,38,Male,Skirt,Clothing,83,Missouri,M,Maroon,3.6,No,Next Day Air,No,41,Debit Card
Bi-Weekly,Winter,2158,41,Male,Handbag,Accessories,68,Mississippi,L,Turquoi,4,No,Next Day Air,No,41,Venmo
Bi-Weekly,Spring,2159,19,Male,Gloves,Accessories,84,Massachusetts,XL,Olive,4.6,No,Standard,No,9,Bank Transfer
Annually,Fall,2160,18,Male,Shirt,Clothing,58,Louisiana,M,Peach,3,No,Free Shipping,No,34,Cash
Annually,Winter,2161,45,Male,Blouse,Clothing,92,West Virginia,L,Charcoa,3.3,No,Express,No,21,PayPal
Bi-Weekly,Summer,2162,23,Male,Dress,Clothing,69,Washington,S,Peach,3.8,No,Express,No,5,Debit Card
Weekly,Summer,2163,60,Male,Shorts,Clothing,48,Oregon,S,Black,2.7,No,Free Shipping,No,32,PayPal
Monthly,Spring,2164,52,Male,Shoes,Footwear,60,New York,L,Gray,4.5,No,Express,No,44,Bank Transfer
Bi-Weekly,Winter,2165,42,Male,Sandals,Footwear,20,Iowa,S,Olive,4.8,No,Next Day Air,No,46,PayPal
Quarterly,Summer,2166,29,Male,Pants,Clothing,55,Idaho,M,Turquoi,4.2,No,Express,No,42,Credit Card
Bi-Weekly,Spring,2167,31,Male,Jacket,Outerwear,88,New Jersey,S,Purple,3.5,No,Express,No,50,Credit Card
Bi-Weekly,Winter,2168,30,Male,Skirt,Clothing,48,Ohio,L,Green,4.9,No,Standard,No,33,Venmo
Quarterly,Spring,2169,23,Male,Handbag,Accessories,74,Connecticut,M,Beige,4.1,No,Next Day Air,No,32,Cash
Bi-Weekly,Fall,2170,31,Male,Coat,Outerwear,42,Florida,M,Brown,2.9,No,Next Day Air,No,32,Bank Transfer
Quarterly,Fall,2171,40,Male,Sweater,Clothing,32,South Carolin,M,Turquoi,4,No,Next Day Air,No,37,Venmo
Bi-Weekly,Summer,2172,39,Male,Shorts,Clothing,98,Missouri,M,Yellow,4.6,No,Store Pickup,No,9,Cash
Bi-Weekly,Fall,2173,28,Male,Skirt,Clothing,89,Rhode Island,S,Lavende,2.8,No,Store Pickup,No,6,PayPal
Quarterly,Summer,2174,23,Male,Gloves,Accessories,97,Delaware,S,Cyan,5,No,2-Day Shipping,No,36,Venmo
Annually,Spring,2175,42,Male,Backpack,Accessories,49,Colorado,S,Olive,2.9,No,Store Pickup,No,1,Cash
Bi-Weekly,Spring,2176,68,Male,Dress,Clothing,50,Nebraska,M,Silver,3.3,No,Free Shipping,No,48,Credit Card
Quarterly,Winter,2177,24,Male,Belt,Accessories,91,Vermont,S,Red,3.4,No,2-Day Shipping,No,44,Debit Card
Bi-Weekly,Winter,2178,24,Male,Gloves,Accessories,93,Montana,XL,Green,3,No,Express,No,9,PayPal
Annually,Summer,2179,21,Male,Jewelry,Accessories,98,Florida,M,Gold,4.7,No,Standard,No,32,Venmo
Monthly,Fall,2180,49,Male,Socks,Clothing,82,Delaware,L,Lavende,2.9,No,Next Day Air,No,14,PayPal
Quarterly,Summer,2181,41,Male,Coat,Outerwear,37,Connecticut,M,Yellow,4.1,No,Store Pickup,No,43,Cash
Bi-Weekly,Fall,2182,22,Male,Handbag,Accessories,63,Hawaii,M,Black,3.2,No,Free Shipping,No,32,Bank Transfer
Bi-Weekly,Winter,2183,42,Male,Blouse,Clothing,99,New Mexico,M,Maroon,2.7,No,Store Pickup,No,26,Venmo
Monthly,Spring,2184,30,Male,Shorts,Clothing,37,Kansas,M,Maroon,4.7,No,Store Pickup,No,2,Cash
Quarterly,Spring,2185,38,Male,Shoes,Footwear,34,Nevada,S,Gold,3.2,No,Free Shipping,No,16,PayPal
Quarterly,Winter,2186,40,Male,Shorts,Clothing,32,North Carolin,M,Violet,2.5,No,Express,No,50,Debit Card
Quarterly,Winter,2187,55,Male,Sandals,Footwear,23,New Mexico,XL,Teal,4.3,No,Next Day Air,No,6,PayPal
Annually,Spring,2188,37,Male,Blouse,Clothing,78,Idaho,M,Violet,4.4,No,Free Shipping,No,20,PayPal
Weekly,Winter,2189,41,Male,Coat,Outerwear,54,California,M,Brown,4.7,No,Next Day Air,No,9,Credit Card
Bi-Weekly,Fall,2190,38,Male,Blouse,Clothing,94,Wisconsin,XL,Brown,4,No,Express,No,47,Credit Card
Annually,Spring,2191,42,Male,Belt,Accessories,75,Alaska,S,Maroon,4.6,No,Express,No,33,Credit Card
Bi-Weekly,Summer,2192,26,Male,Blouse,Clothing,69,Pennsylvania,S,Maroon,3.8,No,Next Day Air,No,46,Cash
Monthly,Winter,2193,41,Male,Scarf,Accessories,35,Virginia,L,Yellow,3.2,No,Next Day Air,No,9,Credit Card
Monthly,Spring,2194,27,Male,Shirt,Clothing,78,California,L,Turquoi,5,No,Express,No,8,PayPal
Quarterly,Summer,2195,61,Male,Socks,Clothing,29,Kentucky,M,Silver,3.5,No,Standard,No,48,Bank Transfer
Monthly,Fall,2196,58,Male,Jeans,Clothing,62,New York,M,Brown,3.7,No,Next Day Air,No,2,Cash
Weekly,Spring,2197,25,Male,Dress,Clothing,58,Vermont,M,Gray,4.8,No,Next Day Air,No,31,PayPal
Monthly,Summer,2198,33,Male,Boots,Footwear,88,Pennsylvania,M,Indigo,3.7,No,2-Day Shipping,No,40,Venmo
Monthly,Summer,2199,57,Male,Scarf,Accessories,80,New York,L,Turquoi,3.5,No,Free Shipping,No,35,Venmo
Monthly,Summer,2200,39,Male,Scarf,Accessories,47,North Carolin,M,Maroon,4.9,No,Store Pickup,No,40,Debit Card
Quarterly,Summer,2201,60,Male,Gloves,Accessories,51,Wyoming,L,Charcoa,4.7,No,Next Day Air,No,27,Debit Card
Annually,Spring,2202,39,Male,Pants,Clothing,25,Ohio,L,Peach,4.9,No,2-Day Shipping,No,10,Venmo
Weekly,Summer,2203,42,Male,Dress,Clothing,36,Alabama,M,Red,4.3,No,Next Day Air,No,23,Credit Card
Quarterly,Winter,2204,53,Male,Dress,Clothing,79,Rhode Island,M,Indigo,3.1,No,Free Shipping,No,32,Cash
Monthly,Winter,2205,20,Male,Jeans,Clothing,41,Oregon,S,Lavende,3.4,No,2-Day Shipping,No,6,Debit Card
Weekly,Fall,2206,46,Male,Sweater,Clothing,68,North Dakota,XL,Red,2.7,No,Express,No,27,PayPal
Bi-Weekly,Spring,2207,46,Male,Sandals,Footwear,51,Illinois,L,Green,2.6,No,Store Pickup,No,25,Bank Transfer
Annually,Fall,2208,69,Male,Handbag,Accessories,38,New Mexico,M,Gray,2.9,No,Next Day Air,No,11,Credit Card
Monthly,Summer,2209,28,Male,Scarf,Accessories,46,Colorado,XL,Violet,2.7,No,2-Day Shipping,No,23,PayPal
Quarterly,Summer,2210,42,Male,Sandals,Footwear,20,Utah,XL,Beige,4.5,No,2-Day Shipping,No,44,Bank Transfer
Bi-Weekly,Summer,2211,30,Male,Sunglasses,Accessories,25,Virginia,M,Orange,3.1,No,Store Pickup,No,35,PayPal
Quarterly,Winter,2212,50,Male,Sweater,Clothing,89,Maine,L,Purple,3.2,No,Free Shipping,No,45,Debit Card
Quarterly,Winter,2213,59,Male,Pants,Clothing,77,Nebraska,M,Brown,3.3,No,Next Day Air,No,22,Bank Transfer
Quarterly,Fall,2214,54,Male,Hat,Accessories,94,Hawaii,M,Maroon,2.9,No,Express,No,18,Debit Card
Weekly,Fall,2215,50,Male,Belt,Accessories,100,Idaho,L,Gold,4.1,No,Standard,No,20,Debit Card
Bi-Weekly,Winter,2216,25,Male,Sandals,Footwear,96,West Virginia,M,Indigo,2.7,No,Express,No,28,Credit Card
Bi-Weekly,Winter,2217,41,Male,Pants,Clothing,36,Vermont,XL,Silver,4,No,Store Pickup,No,15,Venmo
Bi-Weekly,Fall,2218,35,Male,Jewelry,Accessories,27,Indiana,XL,Red,2.6,No,Store Pickup,No,42,Bank Transfer
Quarterly,Winter,2219,67,Male,Sunglasses,Accessories,67,Idaho,M,Magenta,3.5,No,Store Pickup,No,20,Debit Card
Bi-Weekly,Fall,2220,33,Male,Blouse,Clothing,91,Minnesota,S,Purple,2.8,No,Store Pickup,No,16,Bank Transfer
Annually,Fall,2221,19,Male,Belt,Accessories,62,Wyoming,XL,Beige,4.5,No,Store Pickup,No,47,Cash
Annually,Fall,2222,25,Male,Shorts,Clothing,88,Kansas,XL,White,3,No,Free Shipping,No,34,Credit Card
Weekly,Summer,2223,32,Male,Pants,Clothing,66,Georgia,M,Teal,4.4,No,Store Pickup,No,30,Credit Card
Quarterly,Fall,2224,30,Male,Sandals,Footwear,65,Kansas,M,Gray,4.7,No,Next Day Air,No,5,PayPal
Quarterly,Winter,2225,18,Male,Gloves,Accessories,25,Nebraska,L,Charcoa,4.3,No,Standard,No,38,Cash
Annually,Spring,2226,38,Male,Belt,Accessories,64,Washington,S,Olive,4.8,No,Free Shipping,No,18,Credit Card
Annually,Spring,2227,22,Male,Shirt,Clothing,72,Missouri,L,Blue,4.8,No,Store Pickup,No,28,Cash
Bi-Weekly,Summer,2228,40,Male,Scarf,Accessories,74,Washington,S,Gray,4.4,No,Next Day Air,No,42,Credit Card
Weekly,Fall,2229,54,Male,Gloves,Accessories,50,Kansas,M,Green,3.7,No,Free Shipping,No,5,Credit Card
Monthly,Fall,2230,70,Male,Pants,Clothing,97,Minnesota,M,Silver,3.9,No,Express,No,50,Venmo
Bi-Weekly,Spring,2231,52,Male,Sneakers,Footwear,36,Colorado,S,Teal,3.8,No,Express,No,33,Venmo
Weekly,Fall,2232,34,Male,Jacket,Outerwear,49,Utah,M,Beige,4.1,No,Store Pickup,No,1,Credit Card
Bi-Weekly,Spring,2233,65,Male,Shoes,Footwear,64,North Carolin,L,Lavende,4,No,Store Pickup,No,14,Cash
Monthly,Summer,2234,38,Male,Blouse,Clothing,31,Florida,XL,Gray,4.5,No,Express,No,48,Credit Card
Weekly,Winter,2235,35,Male,Boots,Footwear,66,New Hampshire,S,Yellow,4,No,Express,No,26,Cash
Annually,Spring,2236,40,Male,Socks,Clothing,82,Illinois,M,Gray,4.5,No,2-Day Shipping,No,44,Credit Card
Bi-Weekly,Winter,2237,23,Male,T-shirt,Clothing,88,Louisiana,M,Yellow,2.7,No,Standard,No,18,Debit Card
Quarterly,Summer,2238,45,Male,Sandals,Footwear,34,Alabama,S,Black,3.8,No,Next Day Air,No,31,Venmo
Weekly,Winter,2239,40,Male,Sneakers,Footwear,84,Florida,L,Beige,3.8,No,Standard,No,18,Debit Card
Quarterly,Summer,2240,42,Male,Jewelry,Accessories,96,Alabama,L,Indigo,3.8,No,2-Day Shipping,No,41,Credit Card
Quarterly,Winter,2241,57,Male,Sandals,Footwear,71,California,L,Green,4.3,No,Next Day Air,No,18,Debit Card
Bi-Weekly,Summer,2242,18,Male,Jacket,Outerwear,77,Maryland,M,Purple,3.5,No,Free Shipping,No,3,Bank Transfer
Bi-Weekly,Spring,2243,18,Male,Skirt,Clothing,66,Nevada,M,Orange,3.8,No,Next Day Air,No,5,Credit Card
Annually,Winter,2244,56,Male,Shirt,Clothing,21,Massachusetts,M,Teal,3.7,No,2-Day Shipping,No,13,Debit Card
Annually,Summer,2245,35,Male,Shorts,Clothing,37,South Carolin,M,Gold,4.8,No,2-Day Shipping,No,22,PayPal
Bi-Weekly,Fall,2246,49,Male,Socks,Clothing,90,Delaware,L,Gray,4.9,No,Free Shipping,No,45,PayPal
Quarterly,Fall,2247,49,Male,Jacket,Outerwear,96,Hawaii,M,Cyan,4.3,No,Store Pickup,No,39,PayPal
Annually,Summer,2248,34,Male,Jewelry,Accessories,37,Florida,L,Teal,4.4,No,Next Day Air,No,18,Venmo
Bi-Weekly,Winter,2249,63,Male,T-shirt,Clothing,66,Rhode Island,M,Violet,3.4,No,Free Shipping,No,19,PayPal
Weekly,Spring,2250,42,Male,Gloves,Accessories,45,Wyoming,XL,Indigo,4.3,No,Next Day Air,No,29,Debit Card
Weekly,Summer,2251,41,Male,Shoes,Footwear,89,Colorado,L,Pink,4.6,No,Store Pickup,No,19,Credit Card
Monthly,Fall,2252,26,Male,Shoes,Footwear,94,Virginia,L,Gold,3.8,No,Free Shipping,No,22,Debit Card
Annually,Summer,2253,48,Male,Shoes,Footwear,96,Nebraska,S,Maroon,3.9,No,Express,No,21,Bank Transfer
Monthly,Spring,2254,62,Male,Hoodie,Clothing,31,Oklahoma,M,Brown,2.6,No,Store Pickup,No,22,PayPal
Quarterly,Winter,2255,24,Male,Belt,Accessories,79,North Dakota,M,Gold,4.2,No,Store Pickup,No,44,PayPal
Quarterly,Spring,2256,48,Male,Coat,Outerwear,39,Michigan,L,Teal,4.6,No,Store Pickup,No,42,Bank Transfer
Quarterly,Fall,2257,31,Male,Blouse,Clothing,22,California,M,Turquoi,5,No,Standard,No,33,Credit Card
Annually,Fall,2258,41,Male,Skirt,Clothing,32,Tennessee,L,Olive,4.2,No,Standard,No,6,Bank Transfer
Quarterly,Winter,2259,24,Male,T-shirt,Clothing,71,Ohio,L,Cyan,4.3,No,Store Pickup,No,44,Credit Card
Annually,Spring,2260,60,Male,Jeans,Clothing,96,Florida,XL,Beige,3.3,No,Free Shipping,No,24,Cash
Quarterly,Fall,2261,38,Male,Scarf,Accessories,82,Missouri,M,Blue,4.9,No,Express,No,16,PayPal
Bi-Weekly,Spring,2262,58,Male,Backpack,Accessories,76,South Carolin,L,Gold,4.4,No,Standard,No,12,Bank Transfer
Monthly,Winter,2263,53,Male,Backpack,Accessories,22,Arizona,M,Green,3.1,No,2-Day Shipping,No,50,PayPal
Quarterly,Winter,2264,44,Male,Scarf,Accessories,40,Indiana,XL,Green,3.5,No,Store Pickup,No,42,Cash
Monthly,Summer,2265,51,Male,Hat,Accessories,92,North Dakota,M,Turquoi,3.9,No,2-Day Shipping,No,50,PayPal
Quarterly,Fall,2266,36,Male,Coat,Outerwear,94,Montana,XL,Yellow,3.9,No,Store Pickup,No,10,PayPal
Weekly,Fall,2267,20,Male,Dress,Clothing,44,Missouri,M,Yellow,4.3,No,Store Pickup,No,32,Debit Card
Weekly,Spring,2268,32,Male,Gloves,Accessories,49,Kentucky,S,Blue,3.8,No,Express,No,37,Venmo
Monthly,Spring,2269,66,Male,Sweater,Clothing,26,Georgia,L,Charcoa,2.7,No,2-Day Shipping,No,15,Bank Transfer
Annually,Fall,2270,49,Male,Skirt,Clothing,38,Kentucky,M,Yellow,4.4,No,Store Pickup,No,27,Credit Card
Weekly,Spring,2271,27,Male,Blouse,Clothing,72,Georgia,L,Purple,3.5,No,Express,No,7,Venmo
Quarterly,Summer,2272,29,Male,Dress,Clothing,99,Alaska,M,Green,3.4,No,Free Shipping,No,49,PayPal
Monthly,Spring,2273,29,Male,Jacket,Outerwear,38,Maine,L,Charcoa,4,No,Standard,No,44,PayPal
Bi-Weekly,Winter,2274,55,Male,Coat,Outerwear,96,New Mexico,L,Silver,4.8,No,Express,No,13,PayPal
Bi-Weekly,Spring,2275,57,Male,Dress,Clothing,27,New York,L,Turquoi,4.5,No,Next Day Air,No,38,PayPal
Weekly,Winter,2276,29,Male,Shorts,Clothing,24,Oklahoma,M,Gray,4.4,No,Standard,No,10,Debit Card
Weekly,Summer,2277,31,Male,Jeans,Clothing,82,Wyoming,L,Red,4.1,No,2-Day Shipping,No,25,Debit Card
Quarterly,Summer,2278,25,Male,Hat,Accessories,56,Alabama,M,Beige,4.6,No,Next Day Air,No,18,Credit Card
Quarterly,Fall,2279,61,Male,Gloves,Accessories,25,Maryland,M,Maroon,3.8,No,Store Pickup,No,6,Cash
Quarterly,Spring,2280,53,Male,Sneakers,Footwear,67,West Virginia,L,Indigo,2.9,No,Free Shipping,No,35,Bank Transfer
Bi-Weekly,Summer,2281,22,Male,Shoes,Footwear,21,Kentucky,M,Red,2.8,No,Standard,No,31,Credit Card
Annually,Summer,2282,28,Male,Hoodie,Clothing,27,Kansas,XL,Maroon,3,No,Store Pickup,No,41,Bank Transfer
Annually,Fall,2283,18,Male,Sneakers,Footwear,97,Idaho,S,Red,4.2,No,2-Day Shipping,No,8,Credit Card
Bi-Weekly,Winter,2284,44,Male,Handbag,Accessories,45,Ohio,S,Black,4.1,No,Free Shipping,No,34,Credit Card
Annually,Fall,2285,32,Male,Blouse,Clothing,63,Iowa,XL,Black,4.1,No,Express,No,20,Venmo
Quarterly,Summer,2286,34,Male,Belt,Accessories,100,Michigan,L,Pink,4.6,No,2-Day Shipping,No,38,PayPal
Quarterly,Spring,2287,67,Male,Socks,Clothing,38,South Dakota,L,Blue,2.5,No,Store Pickup,No,35,Venmo
Annually,Summer,2288,66,Male,Blouse,Clothing,45,Nebraska,L,Green,3,No,Store Pickup,No,6,Debit Card
Weekly,Fall,2289,28,Male,Jewelry,Accessories,91,California,M,Orange,3.8,No,Next Day Air,No,50,PayPal
Weekly,Fall,2290,70,Male,Shorts,Clothing,82,Nevada,M,Orange,4.1,No,Free Shipping,No,47,Venmo
Quarterly,Winter,2291,37,Male,Boots,Footwear,48,Kansas,L,Magenta,3.3,No,Standard,No,23,PayPal
Quarterly,Spring,2292,28,Male,Coat,Outerwear,30,Ohio,M,Indigo,5,No,2-Day Shipping,No,13,Credit Card
Monthly,Spring,2293,43,Male,T-shirt,Clothing,34,Vermont,S,Beige,3.8,No,Next Day Air,No,31,Debit Card
Quarterly,Fall,2294,37,Male,Sweater,Clothing,68,Georgia,L,Green,3.3,No,Express,No,16,Debit Card
Annually,Winter,2295,54,Male,Sunglasses,Accessories,95,Maryland,M,Red,5,No,Express,No,40,Debit Card
Quarterly,Spring,2296,50,Male,Hat,Accessories,22,Connecticut,L,Beige,2.9,No,2-Day Shipping,No,45,PayPal
Quarterly,Fall,2297,46,Male,Gloves,Accessories,88,Washington,M,Green,2.5,No,Next Day Air,No,50,Venmo
Quarterly,Summer,2298,60,Male,Socks,Clothing,83,California,M,Orange,4.7,No,Standard,No,1,Bank Transfer
Quarterly,Spring,2299,40,Male,Handbag,Accessories,87,Montana,L,Cyan,2.9,No,2-Day Shipping,No,10,Cash
Quarterly,Summer,2300,64,Male,Coat,Outerwear,57,Idaho,M,Violet,3.7,No,Store Pickup,No,48,Credit Card
Monthly,Summer,2301,18,Male,Coat,Outerwear,88,Pennsylvania,XL,Lavende,4.4,No,2-Day Shipping,No,38,Credit Card
Annually,Winter,2302,37,Male,Pants,Clothing,20,Maine,L,Turquoi,2.9,No,Next Day Air,No,21,Debit Card
Monthly,Summer,2303,36,Male,Belt,Accessories,39,Montana,L,Pink,3.6,No,Store Pickup,No,38,Venmo
Bi-Weekly,Spring,2304,51,Male,Sunglasses,Accessories,71,New Jersey,S,Beige,4.8,No,2-Day Shipping,No,31,Credit Card
Bi-Weekly,Winter,2305,26,Male,Hoodie,Clothing,73,Louisiana,L,Silver,4.7,No,Free Shipping,No,9,Debit Card
Weekly,Summer,2306,68,Male,Handbag,Accessories,63,Maine,M,Gold,2.6,No,Free Shipping,No,47,Cash
Bi-Weekly,Winter,2307,27,Male,Gloves,Accessories,78,Florida,L,Silver,3.4,No,Standard,No,8,Cash
Annually,Fall,2308,28,Male,Skirt,Clothing,96,Missouri,L,Green,3.5,No,Next Day Air,No,30,Debit Card
Quarterly,Winter,2309,49,Male,Sunglasses,Accessories,81,North Dakota,M,Teal,3.4,No,2-Day Shipping,No,22,Bank Transfer
Quarterly,Fall,2310,70,Male,Dress,Clothing,95,Connecticut,S,Gold,5,No,2-Day Shipping,No,3,Bank Transfer
Monthly,Spring,2311,30,Male,Gloves,Accessories,68,Virginia,M,Cyan,4.6,No,Standard,No,15,PayPal
Quarterly,Spring,2312,27,Male,Sneakers,Footwear,28,Montana,L,Gold,4.8,No,2-Day Shipping,No,10,Bank Transfer
Quarterly,Summer,2313,19,Male,T-shirt,Clothing,30,Vermont,L,Violet,3.7,No,Free Shipping,No,19,Cash
Bi-Weekly,Summer,2314,64,Male,Dress,Clothing,31,Georgia,M,Black,4.7,No,Next Day Air,No,36,Bank Transfer
Quarterly,Winter,2315,42,Male,Handbag,Accessories,95,Virginia,XL,Brown,4.4,No,Express,No,12,Bank Transfer
Quarterly,Winter,2316,69,Male,Socks,Clothing,79,Vermont,M,Indigo,3.5,No,2-Day Shipping,No,49,Debit Card
Annually,Winter,2317,28,Male,Sneakers,Footwear,39,Montana,L,Yellow,3.8,No,Standard,No,7,Debit Card
Monthly,Summer,2318,47,Male,Jacket,Outerwear,34,New Jersey,M,Purple,4.7,No,Next Day Air,No,28,Bank Transfer
Annually,Spring,2319,69,Male,Hoodie,Clothing,28,Wyoming,L,White,3.1,No,Store Pickup,No,30,Credit Card
Monthly,Winter,2320,56,Male,Sandals,Footwear,38,Maine,XL,Turquoi,5,No,Free Shipping,No,29,PayPal
Quarterly,Spring,2321,28,Male,Shoes,Footwear,55,New Mexico,M,Olive,3.7,No,Free Shipping,No,9,Debit Card
Bi-Weekly,Winter,2322,50,Male,Sandals,Footwear,31,Colorado,M,Beige,3,No,Next Day Air,No,27,Debit Card
Bi-Weekly,Spring,2323,39,Male,Coat,Outerwear,84,Connecticut,S,Lavende,4.5,No,Store Pickup,No,21,Venmo
Monthly,Winter,2324,35,Male,Gloves,Accessories,93,Maryland,L,White,4.7,No,Express,No,36,Credit Card
Annually,Winter,2325,59,Male,Coat,Outerwear,28,Oregon,L,Brown,3.5,No,Free Shipping,No,19,Debit Card
Weekly,Summer,2326,44,Male,Boots,Footwear,55,New York,M,Charcoa,4.4,No,2-Day Shipping,No,47,Cash
Annually,Winter,2327,66,Male,Skirt,Clothing,63,Oklahoma,L,Maroon,2.6,No,Standard,No,38,Bank Transfer
Bi-Weekly,Winter,2328,20,Male,Skirt,Clothing,94,Alabama,M,Red,4.2,No,2-Day Shipping,No,22,Venmo
Bi-Weekly,Fall,2329,45,Male,Pants,Clothing,36,North Dakota,M,Maroon,2.6,No,Express,No,29,Venmo
Annually,Spring,2330,49,Male,Hat,Accessories,97,Nebraska,S,Teal,4.8,No,Free Shipping,No,42,Bank Transfer
Quarterly,Summer,2331,60,Male,Backpack,Accessories,63,Arizona,L,Orange,2.9,No,Store Pickup,No,47,PayPal
Bi-Weekly,Spring,2332,61,Male,Scarf,Accessories,77,Illinois,S,Olive,4.3,No,2-Day Shipping,No,10,Credit Card
Monthly,Fall,2333,36,Male,Scarf,Accessories,53,South Carolin,XL,Olive,2.6,No,Store Pickup,No,10,Venmo
Quarterly,Spring,2334,33,Male,Shirt,Clothing,77,Kansas,M,Beige,3.8,No,Next Day Air,No,1,PayPal
Monthly,Summer,2335,49,Male,Boots,Footwear,79,Kansas,L,Green,4.2,No,Standard,No,7,Credit Card
Bi-Weekly,Summer,2336,31,Male,Coat,Outerwear,37,Idaho,M,Black,3.9,No,Store Pickup,No,10,Venmo
Weekly,Winter,2337,19,Male,Belt,Accessories,94,California,M,Green,3.1,No,Free Shipping,No,11,Credit Card
Annually,Fall,2338,39,Male,Boots,Footwear,76,North Dakota,S,Violet,3.6,No,Store Pickup,No,5,Cash
Quarterly,Fall,2339,66,Male,Sneakers,Footwear,68,Georgia,S,Silver,4,No,Express,No,21,PayPal
Quarterly,Spring,2340,25,Male,Shirt,Clothing,65,Illinois,L,Maroon,3.4,No,Next Day Air,No,24,Bank Transfer
Bi-Weekly,Summer,2341,63,Male,Blouse,Clothing,24,Delaware,M,Cyan,2.6,No,Standard,No,37,Credit Card
Quarterly,Summer,2342,56,Male,Jacket,Outerwear,31,Connecticut,L,Teal,4.5,No,Express,No,22,Venmo
Bi-Weekly,Fall,2343,20,Male,Skirt,Clothing,89,Tennessee,M,Olive,4.9,No,Standard,No,16,Debit Card
Monthly,Summer,2344,58,Male,Socks,Clothing,49,Maryland,M,Red,4.4,No,2-Day Shipping,No,44,PayPal
Bi-Weekly,Fall,2345,34,Male,Sandals,Footwear,92,Rhode Island,XL,Lavende,3.5,No,Express,No,14,Venmo
Quarterly,Winter,2346,28,Male,T-shirt,Clothing,32,New York,S,Orange,3.3,No,Express,No,23,Bank Transfer
Bi-Weekly,Winter,2347,22,Male,Jacket,Outerwear,67,New Mexico,L,Brown,3.1,No,Standard,No,46,Debit Card
Quarterly,Fall,2348,37,Male,Belt,Accessories,64,California,S,Gray,4.2,No,Express,No,46,Cash
Quarterly,Spring,2349,54,Male,Shoes,Footwear,84,Maine,M,Orange,4.9,No,Next Day Air,No,16,PayPal
Quarterly,Fall,2350,65,Male,Blouse,Clothing,34,New York,M,Orange,3.9,No,Standard,No,40,Credit Card
Annually,Winter,2351,57,Male,Shoes,Footwear,26,Hawaii,M,Turquoi,4.2,No,Free Shipping,No,21,Cash
Bi-Weekly,Fall,2352,38,Male,Sweater,Clothing,50,New Hampshire,S,Cyan,4.9,No,Store Pickup,No,25,PayPal
Quarterly,Fall,2353,70,Male,Boots,Footwear,46,Nebraska,M,Yellow,2.8,No,Store Pickup,No,25,Bank Transfer
Quarterly,Fall,2354,56,Male,Handbag,Accessories,71,Montana,M,White,4.1,No,Standard,No,25,Debit Card
Monthly,Summer,2355,56,Male,Blouse,Clothing,78,Wisconsin,M,Blue,4.8,No,Next Day Air,No,27,Venmo
Monthly,Winter,2356,22,Male,Skirt,Clothing,35,Tennessee,S,Purple,4.1,No,Next Day Air,No,12,Cash
Quarterly,Summer,2357,57,Male,Backpack,Accessories,58,Montana,M,Gray,3,No,Free Shipping,No,27,Debit Card
Bi-Weekly,Fall,2358,53,Male,Shirt,Clothing,67,Michigan,L,Cyan,4.2,No,2-Day Shipping,No,40,Credit Card
Quarterly,Spring,2359,53,Male,Sweater,Clothing,93,Texas,L,Pink,3.8,No,Standard,No,38,Credit Card
Quarterly,Spring,2360,19,Male,Scarf,Accessories,81,Pennsylvania,S,Gold,3.3,No,2-Day Shipping,No,44,Bank Transfer
Quarterly,Fall,2361,49,Male,Handbag,Accessories,80,New York,L,Silver,4.7,No,2-Day Shipping,No,27,Venmo
Quarterly,Spring,2362,44,Male,Scarf,Accessories,64,Alabama,M,Gray,4.3,No,2-Day Shipping,No,30,Credit Card
Monthly,Fall,2363,27,Male,Jeans,Clothing,41,Virginia,M,Brown,2.7,No,Standard,No,24,Credit Card
Bi-Weekly,Winter,2364,60,Male,Socks,Clothing,79,Pennsylvania,XL,Pink,4.2,No,Express,No,38,Cash
Quarterly,Winter,2365,62,Male,Sunglasses,Accessories,60,Mississippi,L,Maroon,4.2,No,Free Shipping,No,4,PayPal
Monthly,Winter,2366,52,Male,Sneakers,Footwear,91,Wyoming,S,Peach,2.5,No,Next Day Air,No,32,Venmo
Bi-Weekly,Winter,2367,30,Male,Shoes,Footwear,66,New Mexico,L,Brown,3.6,No,Express,No,32,Credit Card
Bi-Weekly,Winter,2368,66,Male,Socks,Clothing,85,North Dakota,L,Green,3.4,No,Standard,No,28,Bank Transfer
Quarterly,Summer,2369,29,Male,Sunglasses,Accessories,38,New Jersey,M,Lavende,3.3,No,Standard,No,6,Debit Card
Monthly,Winter,2370,24,Male,Sweater,Clothing,23,Vermont,M,Cyan,4.6,No,Standard,No,24,PayPal
Weekly,Spring,2371,51,Male,Shoes,Footwear,71,Alaska,M,Black,3.9,No,Store Pickup,No,38,Venmo
Annually,Winter,2372,67,Male,Socks,Clothing,25,Indiana,M,Charcoa,3.7,No,Next Day Air,No,28,Debit Card
Bi-Weekly,Spring,2373,50,Male,Boots,Footwear,39,Alabama,XL,Silver,3.1,No,Express,No,9,PayPal
Quarterly,Spring,2374,37,Male,Hoodie,Clothing,20,Michigan,M,Gray,4.9,No,Express,No,21,Debit Card
Monthly,Winter,2375,69,Male,Gloves,Accessories,73,Washington,L,Peach,4.7,No,Standard,No,31,Debit Card
Quarterly,Fall,2376,60,Male,Backpack,Accessories,63,Virginia,L,Peach,2.9,No,Next Day Air,No,18,Credit Card
Weekly,Spring,2377,21,Male,Gloves,Accessories,94,Tennessee,XL,Cyan,4.1,No,Express,No,5,Cash
Annually,Fall,2378,44,Male,Blouse,Clothing,94,South Dakota,L,Magenta,4,No,Next Day Air,No,22,Cash
Bi-Weekly,Summer,2379,26,Male,Scarf,Accessories,71,New Hampshire,L,Teal,2.7,No,Store Pickup,No,37,PayPal
Monthly,Spring,2380,40,Male,Hat,Accessories,77,South Dakota,M,Peach,4,No,2-Day Shipping,No,22,Debit Card
Bi-Weekly,Fall,2381,41,Male,Scarf,Accessories,66,Pennsylvania,M,Black,2.5,No,Next Day Air,No,36,PayPal
Annually,Summer,2382,62,Male,Sandals,Footwear,23,Wisconsin,M,Teal,4.5,No,Free Shipping,No,23,PayPal
Weekly,Spring,2383,39,Male,Sweater,Clothing,60,California,M,Turquoi,3.9,No,Express,No,44,Debit Card
Annually,Spring,2384,53,Male,Backpack,Accessories,72,Rhode Island,L,Gold,4.9,No,2-Day Shipping,No,25,Bank Transfer
Quarterly,Winter,2385,24,Male,Blouse,Clothing,35,Alabama,L,Green,3.3,No,2-Day Shipping,No,40,PayPal
Weekly,Fall,2386,41,Male,Scarf,Accessories,31,Oklahoma,M,Brown,3.8,No,Express,No,12,PayPal
Monthly,Summer,2387,19,Male,Socks,Clothing,33,Illinois,L,Blue,2.9,No,Standard,No,14,Venmo
Monthly,Summer,2388,36,Male,Hat,Accessories,95,Tennessee,M,Gold,4,No,2-Day Shipping,No,14,Debit Card
Annually,Fall,2389,21,Male,Dress,Clothing,68,Alabama,M,Peach,4.1,No,Store Pickup,No,10,Debit Card
Quarterly,Spring,2390,25,Male,Coat,Outerwear,87,Kansas,M,Violet,3.1,No,Store Pickup,No,17,Bank Transfer
Bi-Weekly,Winter,2391,65,Male,Shirt,Clothing,64,Arizona,XL,Yellow,4.6,No,Express,No,24,Debit Card
Quarterly,Winter,2392,42,Male,Shirt,Clothing,74,Michigan,M,Black,4.6,No,Next Day Air,No,31,Bank Transfer
Annually,Spring,2393,40,Male,Jeans,Clothing,62,Missouri,L,Silver,2.6,No,2-Day Shipping,No,36,Cash
Quarterly,Winter,2394,58,Male,Socks,Clothing,97,Louisiana,M,Brown,5,No,2-Day Shipping,No,38,PayPal
Bi-Weekly,Fall,2395,40,Male,Sandals,Footwear,47,Connecticut,L,Peach,2.9,No,2-Day Shipping,No,23,Debit Card
Bi-Weekly,Winter,2396,62,Male,Blouse,Clothing,83,Connecticut,M,Cyan,3.5,No,2-Day Shipping,No,47,PayPal
Weekly,Spring,2397,38,Male,Shirt,Clothing,82,Oregon,M,Olive,3.7,No,2-Day Shipping,No,20,Venmo
Monthly,Fall,2398,37,Male,Sunglasses,Accessories,26,West Virginia,L,Black,2.9,No,Store Pickup,No,41,Venmo
Bi-Weekly,Winter,2399,65,Male,Jacket,Outerwear,81,Florida,M,Orange,4.3,No,Free Shipping,No,44,Bank Transfer
Monthly,Spring,2400,55,Male,Dress,Clothing,44,New Hampshire,L,Beige,3.2,No,Store Pickup,No,31,Cash
Bi-Weekly,Winter,2401,43,Male,Sunglasses,Accessories,88,Oregon,M,Peach,4.2,No,Next Day Air,No,11,Credit Card
Bi-Weekly,Winter,2402,43,Male,Boots,Footwear,76,Oregon,M,Pink,4.2,No,Standard,No,25,PayPal
Weekly,Winter,2403,45,Male,Scarf,Accessories,89,Utah,M,Brown,3.8,No,Free Shipping,No,31,Cash
Weekly,Fall,2404,64,Male,Shorts,Clothing,22,Missouri,M,Magenta,4.4,No,Standard,No,40,Debit Card
Bi-Weekly,Winter,2405,28,Male,Shorts,Clothing,33,West Virginia,L,Cyan,3.1,No,2-Day Shipping,No,23,Credit Card
Quarterly,Fall,2406,69,Male,Jeans,Clothing,97,California,XL,Silver,5,No,Standard,No,5,Debit Card
Weekly,Winter,2407,54,Male,Scarf,Accessories,57,California,M,Indigo,4.7,No,Standard,No,26,PayPal
Bi-Weekly,Summer,2408,52,Male,Shorts,Clothing,38,Illinois,M,Beige,3,No,Express,No,11,Credit Card
Quarterly,Fall,2409,23,Male,Sneakers,Footwear,55,Hawaii,XL,Black,4.2,No,Next Day Air,No,44,Debit Card
Quarterly,Spring,2410,26,Male,Jewelry,Accessories,37,Washington,L,Yellow,3,No,Store Pickup,No,47,Cash
Monthly,Summer,2411,48,Male,Shoes,Footwear,43,Wisconsin,M,Maroon,3.7,No,Free Shipping,No,46,PayPal
Quarterly,Summer,2412,49,Male,Hoodie,Clothing,96,Virginia,M,Cyan,2.7,No,Free Shipping,No,35,Cash
Bi-Weekly,Winter,2413,53,Male,Jacket,Outerwear,51,Oregon,M,Pink,4.3,No,2-Day Shipping,No,8,Bank Transfer
Weekly,Fall,2414,69,Male,Shorts,Clothing,95,Pennsylvania,XL,Violet,2.7,No,2-Day Shipping,No,30,Bank Transfer
Bi-Weekly,Summer,2415,26,Male,Socks,Clothing,26,Virginia,M,Lavende,3.7,No,Next Day Air,No,14,Credit Card
Weekly,Fall,2416,21,Male,Coat,Outerwear,34,Hawaii,XL,Lavende,4.3,No,Standard,No,30,Bank Transfer
Quarterly,Summer,2417,59,Male,Sandals,Footwear,83,Nebraska,S,Black,4,No,Next Day Air,No,26,Credit Card
Bi-Weekly,Fall,2418,21,Male,Backpack,Accessories,24,Alaska,M,Olive,3.3,No,Standard,No,32,Venmo
Quarterly,Fall,2419,22,Male,Pants,Clothing,69,Michigan,S,Indigo,4,No,Next Day Air,No,47,Cash
Quarterly,Fall,2420,26,Male,Sweater,Clothing,40,North Carolin,M,Blue,2.7,No,Next Day Air,No,11,Credit Card
Annually,Winter,2421,41,Male,Jacket,Outerwear,87,North Carolin,S,Green,4.2,No,Free Shipping,No,28,PayPal
Quarterly,Spring,2422,37,Male,Sneakers,Footwear,46,Minnesota,L,Pink,4.6,No,Standard,No,2,Debit Card
Weekly,Winter,2423,30,Male,Jewelry,Accessories,82,Georgia,M,Peach,4.8,No,Store Pickup,No,45,Credit Card
Quarterly,Summer,2424,49,Male,Backpack,Accessories,81,West Virginia,M,Purple,2.8,No,Free Shipping,No,7,Credit Card
Bi-Weekly,Winter,2425,49,Male,Jewelry,Accessories,57,Delaware,M,Peach,4.5,No,Next Day Air,No,28,Bank Transfer
Quarterly,Summer,2426,58,Male,Shoes,Footwear,49,North Dakota,S,Olive,3,No,2-Day Shipping,No,34,Bank Transfer
Quarterly,Fall,2427,70,Male,Jacket,Outerwear,42,Florida,M,Olive,4.6,No,Free Shipping,No,26,Debit Card
Quarterly,Spring,2428,27,Male,Jacket,Outerwear,26,Oregon,M,Purple,3.3,No,Standard,No,45,Cash
Annually,Spring,2429,65,Male,T-shirt,Clothing,38,Idaho,M,Violet,4.4,No,Next Day Air,No,34,Debit Card
Bi-Weekly,Summer,2430,57,Male,Sneakers,Footwear,57,Virginia,XL,Maroon,4.4,No,Standard,No,47,Credit Card
Quarterly,Summer,2431,20,Male,Jacket,Outerwear,100,North Dakota,XL,White,4.3,No,Express,No,42,Cash
Quarterly,Fall,2432,34,Male,Hoodie,Clothing,73,Alabama,S,Olive,3.4,No,Express,No,27,Bank Transfer
Monthly,Winter,2433,59,Male,Jacket,Outerwear,66,Hawaii,M,Peach,2.8,No,Store Pickup,No,43,Venmo
Bi-Weekly,Spring,2434,54,Male,T-shirt,Clothing,73,Oregon,M,Blue,3.4,No,Standard,No,16,Cash
Monthly,Spring,2435,36,Male,Gloves,Accessories,45,Utah,M,Brown,5,No,Store Pickup,No,40,Credit Card
Bi-Weekly,Fall,2436,21,Male,Sneakers,Footwear,27,Hawaii,S,Black,4.5,No,Free Shipping,No,29,Cash
Quarterly,Fall,2437,52,Male,T-shirt,Clothing,24,Connecticut,M,Yellow,2.7,No,Store Pickup,No,38,Credit Card
Weekly,Winter,2438,43,Male,Sneakers,Footwear,59,Wyoming,XL,Magenta,3.4,No,Store Pickup,No,34,Credit Card
Weekly,Winter,2439,32,Male,Jeans,Clothing,20,Delaware,S,Cyan,3.4,No,Express,No,30,Venmo
Annually,Summer,2440,55,Male,Handbag,Accessories,44,Arkansas,M,Maroon,2.8,No,Standard,No,45,Bank Transfer
Annually,Spring,2441,31,Male,Socks,Clothing,90,Indiana,M,Red,4.7,No,Standard,No,47,Bank Transfer
Monthly,Fall,2442,45,Male,Jewelry,Accessories,36,California,M,Black,4.7,No,Free Shipping,No,5,Credit Card
Bi-Weekly,Winter,2443,53,Male,Blouse,Clothing,95,Wyoming,L,Violet,4.7,No,Free Shipping,No,50,Debit Card
Bi-Weekly,Spring,2444,24,Male,Backpack,Accessories,30,South Dakota,M,Green,3.4,No,2-Day Shipping,No,24,Bank Transfer
Bi-Weekly,Fall,2445,47,Male,Scarf,Accessories,65,West Virginia,S,Gold,3.7,No,Express,No,15,Debit Card
Weekly,Summer,2446,63,Male,Scarf,Accessories,96,Tennessee,M,Brown,4.1,No,Store Pickup,No,50,Cash
Monthly,Spring,2447,38,Male,Shirt,Clothing,65,Alaska,L,Peach,2.9,No,2-Day Shipping,No,7,Credit Card
Bi-Weekly,Fall,2448,59,Male,Pants,Clothing,47,South Dakota,L,Peach,3.2,No,Store Pickup,No,10,Venmo
Bi-Weekly,Fall,2449,54,Male,Hat,Accessories,25,Tennessee,S,Violet,3,No,Free Shipping,No,38,PayPal
Bi-Weekly,Fall,2450,26,Male,Coat,Outerwear,56,Alabama,S,Violet,4.1,No,Express,No,31,Venmo
Quarterly,Fall,2451,68,Male,T-shirt,Clothing,76,North Carolin,M,Magenta,4.5,No,Standard,No,7,Venmo
Monthly,Fall,2452,41,Male,Socks,Clothing,60,Oklahoma,M,Purple,3.4,No,Store Pickup,No,27,Venmo
Quarterly,Winter,2453,68,Male,Shirt,Clothing,67,New York,L,Purple,4.1,No,Express,No,45,Bank Transfer
Annually,Spring,2454,21,Male,Sweater,Clothing,95,Iowa,XL,Cyan,4.6,No,Store Pickup,No,13,Cash
Annually,Winter,2455,32,Male,Gloves,Accessories,72,Alaska,M,Magenta,4.6,No,Express,No,33,Venmo
Quarterly,Spring,2456,20,Male,Belt,Accessories,98,Alaska,L,Lavende,3.4,No,Express,No,25,Cash
Monthly,Winter,2457,59,Male,Jeans,Clothing,83,Nebraska,M,Green,3.3,No,2-Day Shipping,No,5,PayPal
Quarterly,Fall,2458,53,Male,Handbag,Accessories,37,Delaware,M,Maroon,3.6,No,2-Day Shipping,No,23,Cash
Weekly,Fall,2459,66,Male,T-shirt,Clothing,85,Texas,L,Turquoi,4.6,No,Free Shipping,No,17,Bank Transfer
Weekly,Fall,2460,47,Male,Socks,Clothing,36,Missouri,L,Violet,4.3,No,2-Day Shipping,No,14,Cash
Annually,Winter,2461,58,Male,Jeans,Clothing,36,Maine,S,Lavende,4,No,Store Pickup,No,28,Credit Card
Weekly,Summer,2462,28,Male,Scarf,Accessories,86,Pennsylvania,L,Red,4.8,No,Next Day Air,No,19,Credit Card
Bi-Weekly,Spring,2463,68,Male,Pants,Clothing,99,Missouri,XL,Orange,4.3,No,Standard,No,31,Bank Transfer
Bi-Weekly,Summer,2464,60,Male,Blouse,Clothing,21,Mississippi,XL,Indigo,3.3,No,Standard,No,25,Cash
Bi-Weekly,Winter,2465,47,Male,Jacket,Outerwear,84,Hawaii,L,Teal,2.8,No,Express,No,4,Cash
Weekly,Spring,2466,18,Male,Sandals,Footwear,63,Texas,M,Brown,4.4,No,Free Shipping,No,20,Bank Transfer
Annually,Summer,2467,32,Male,Shorts,Clothing,84,South Dakota,S,Pink,3.7,No,Express,No,37,Cash
Annually,Spring,2468,27,Male,Shorts,Clothing,72,New Jersey,M,Lavende,3.6,No,Express,No,28,Credit Card
Weekly,Winter,2469,65,Male,Skirt,Clothing,21,Connecticut,L,Cyan,3.7,No,2-Day Shipping,No,6,Venmo
Annually,Fall,2470,68,Male,Sandals,Footwear,92,Maryland,M,Yellow,5,No,Standard,No,27,PayPal
Bi-Weekly,Fall,2471,55,Male,Blouse,Clothing,72,Arizona,XL,Pink,2.7,No,Next Day Air,No,29,Credit Card
Annually,Spring,2472,30,Male,Sandals,Footwear,83,Oklahoma,M,Gray,4.3,No,Store Pickup,No,1,Cash
Annually,Summer,2473,24,Male,Shirt,Clothing,73,Utah,M,Peach,4.1,No,Standard,No,31,Credit Card
Quarterly,Winter,2474,57,Male,Socks,Clothing,98,Arkansas,M,Red,2.6,No,Next Day Air,No,28,Cash
Quarterly,Fall,2475,23,Male,T-shirt,Clothing,76,North Carolin,M,Olive,3.2,No,Store Pickup,No,19,Bank Transfer
Monthly,Summer,2476,69,Male,Dress,Clothing,43,California,S,Lavende,3.5,No,Next Day Air,No,36,Venmo
Monthly,Summer,2477,60,Male,Hat,Accessories,60,Colorado,M,Turquoi,3.7,No,Next Day Air,No,28,Cash
Weekly,Spring,2478,25,Male,Gloves,Accessories,40,California,L,Turquoi,3.8,No,2-Day Shipping,No,29,PayPal
Quarterly,Winter,2479,18,Male,Socks,Clothing,93,Vermont,S,Maroon,4.8,No,2-Day Shipping,No,9,Bank Transfer
Quarterly,Fall,2480,37,Male,Dress,Clothing,98,Kansas,S,Olive,4.2,No,Standard,No,26,Credit Card
Bi-Weekly,Summer,2481,61,Male,Socks,Clothing,91,Ohio,XL,Maroon,2.9,No,Next Day Air,No,7,Credit Card
Weekly,Fall,2482,41,Male,Belt,Accessories,92,New Jersey,XL,Cyan,2.9,No,Free Shipping,No,35,Debit Card
Quarterly,Winter,2483,69,Male,Handbag,Accessories,87,Arizona,S,Peach,4.8,No,Next Day Air,No,46,Credit Card
Monthly,Fall,2484,32,Male,Skirt,Clothing,96,Arizona,S,Teal,2.9,No,Standard,No,8,Debit Card
Quarterly,Summer,2485,60,Male,Hoodie,Clothing,97,New Hampshire,M,Green,4.8,No,2-Day Shipping,No,50,Cash
Annually,Spring,2486,43,Male,Blouse,Clothing,55,Louisiana,M,Beige,4.6,No,2-Day Shipping,No,37,Bank Transfer
Bi-Weekly,Spring,2487,61,Male,Jeans,Clothing,58,Texas,L,Magenta,4.4,No,Store Pickup,No,6,Credit Card
Bi-Weekly,Spring,2488,57,Male,Boots,Footwear,21,Montana,L,Violet,3,No,Next Day Air,No,16,PayPal
Monthly,Summer,2489,56,Male,Handbag,Accessories,82,New Hampshire,XL,Charcoa,4.4,No,Express,No,30,PayPal
Quarterly,Winter,2490,66,Male,Coat,Outerwear,34,South Dakota,M,Green,3.9,No,Express,No,50,Venmo
Quarterly,Spring,2491,52,Male,Blouse,Clothing,78,Montana,M,Gray,4,No,Free Shipping,No,5,Cash
Monthly,Spring,2492,63,Male,Handbag,Accessories,47,North Carolin,M,Magenta,2.5,No,Express,No,15,Bank Transfer
Bi-Weekly,Summer,2493,50,Male,Sunglasses,Accessories,96,South Dakota,S,Silver,4.1,No,Next Day Air,No,34,Bank Transfer
Quarterly,Fall,2494,21,Male,Socks,Clothing,23,Maine,S,Beige,4.8,No,2-Day Shipping,No,6,Venmo
Annually,Winter,2495,42,Male,Shoes,Footwear,27,Oklahoma,S,Peach,2.6,No,Store Pickup,No,26,Debit Card
Quarterly,Spring,2496,40,Male,Backpack,Accessories,37,Nebraska,XL,Orange,3.1,No,Free Shipping,No,34,Credit Card
Weekly,Summer,2497,67,Male,Scarf,Accessories,79,Illinois,S,Yellow,3.2,No,Store Pickup,No,37,Credit Card
Annually,Summer,2498,35,Male,Backpack,Accessories,40,Colorado,M,Violet,4.2,No,Standard,No,28,Bank Transfer
Bi-Weekly,Fall,2499,18,Male,Coat,Outerwear,39,Massachusetts,S,Green,2.6,No,Next Day Air,No,38,Cash
Quarterly,Summer,2500,52,Male,Hoodie,Clothing,73,Louisiana,L,Pink,3.1,No,Next Day Air,No,2,Cash
Bi-Weekly,Fall,2501,59,Male,Gloves,Accessories,84,Massachusetts,M,Violet,2.9,No,Store Pickup,No,32,Cash
Bi-Weekly,Fall,2502,49,Male,Shorts,Clothing,94,West Virginia,M,Violet,4.6,No,Free Shipping,No,30,Venmo
Quarterly,Spring,2503,46,Male,Skirt,Clothing,47,Idaho,L,Pink,4.1,No,Standard,No,17,PayPal
Bi-Weekly,Summer,2504,69,Male,Boots,Footwear,77,Ohio,M,Violet,2.5,No,Store Pickup,No,5,Debit Card
Bi-Weekly,Winter,2505,56,Male,Shorts,Clothing,94,Rhode Island,M,Turquoi,4,No,Store Pickup,No,31,Cash
Quarterly,Summer,2506,27,Male,Handbag,Accessories,75,Illinois,M,Cyan,3.5,No,Express,No,43,PayPal
Annually,Spring,2507,57,Male,Dress,Clothing,82,New York,XL,Orange,4.4,No,Free Shipping,No,19,Venmo
Quarterly,Fall,2508,58,Male,Shoes,Footwear,36,Louisiana,M,Cyan,2.9,No,Store Pickup,No,32,Credit Card
Bi-Weekly,Spring,2509,23,Male,Sneakers,Footwear,90,California,XL,Indigo,3.1,No,2-Day Shipping,No,5,Debit Card
Quarterly,Spring,2510,19,Male,Socks,Clothing,48,Washington,M,Black,4.4,No,Free Shipping,No,9,Bank Transfer
Weekly,Winter,2511,40,Male,Jacket,Outerwear,42,South Dakota,L,Purple,4.4,No,Standard,No,48,Credit Card
Quarterly,Summer,2512,54,Male,Backpack,Accessories,33,Idaho,M,Cyan,2.7,No,Store Pickup,No,1,PayPal
Monthly,Summer,2513,50,Male,Socks,Clothing,63,North Dakota,M,Green,4.9,No,Free Shipping,No,20,Credit Card
Annually,Winter,2514,69,Male,Handbag,Accessories,53,Washington,L,Teal,3.5,No,2-Day Shipping,No,42,Cash
Bi-Weekly,Spring,2515,42,Male,Hat,Accessories,37,Alaska,L,Teal,4.8,No,Free Shipping,No,45,PayPal
Monthly,Summer,2516,37,Male,Blouse,Clothing,92,Kansas,M,Magenta,4.2,No,2-Day Shipping,No,41,Cash
Quarterly,Spring,2517,46,Male,Shorts,Clothing,73,Utah,XL,Brown,4.6,No,Standard,No,36,Debit Card
Annually,Spring,2518,64,Male,Shirt,Clothing,38,Wyoming,L,Orange,2.9,No,Standard,No,10,Venmo
Annually,Fall,2519,20,Male,Boots,Footwear,51,Maine,XL,Blue,4,No,Store Pickup,No,31,Venmo
Quarterly,Spring,2520,40,Male,Jacket,Outerwear,90,Michigan,L,Magenta,4.9,No,Standard,No,21,Credit Card
Quarterly,Summer,2521,64,Male,Jacket,Outerwear,56,Illinois,L,Magenta,3.1,No,Next Day Air,No,16,Cash
Quarterly,Fall,2522,29,Male,Handbag,Accessories,33,Minnesota,M,Magenta,4.4,No,Standard,No,18,PayPal
Weekly,Winter,2523,20,Male,Belt,Accessories,53,Massachusetts,S,Olive,2.5,No,2-Day Shipping,No,20,Debit Card
Annually,Spring,2524,43,Male,Handbag,Accessories,24,New Jersey,S,Cyan,3.4,No,Express,No,21,Bank Transfer
Quarterly,Spring,2525,60,Male,Coat,Outerwear,59,Kansas,M,Purple,3.7,No,Express,No,23,Credit Card
Weekly,Winter,2526,39,Male,Sweater,Clothing,72,Kentucky,M,Purple,4.2,No,Standard,No,20,PayPal
Bi-Weekly,Spring,2527,47,Male,Shorts,Clothing,28,Rhode Island,S,Peach,3.4,No,Express,No,30,PayPal
Quarterly,Fall,2528,19,Male,Pants,Clothing,36,Illinois,M,Gold,3.6,No,Express,No,33,Bank Transfer
Monthly,Fall,2529,52,Male,Jewelry,Accessories,47,Alabama,S,Peach,4.7,No,2-Day Shipping,No,31,Debit Card
Monthly,Spring,2530,34,Male,Gloves,Accessories,62,Tennessee,M,Magenta,4.7,No,Next Day Air,No,48,Bank Transfer
Weekly,Spring,2531,25,Male,Skirt,Clothing,98,Massachusetts,S,Cyan,3.6,No,Free Shipping,No,28,Debit Card
Quarterly,Summer,2532,43,Male,Sandals,Footwear,28,Texas,M,Violet,4.6,No,Free Shipping,No,7,Cash
Weekly,Summer,2533,55,Male,Socks,Clothing,86,Nebraska,S,Charcoa,2.6,No,Next Day Air,No,4,Debit Card
Bi-Weekly,Summer,2534,66,Male,Jewelry,Accessories,46,Pennsylvania,S,Blue,3.1,No,Standard,No,49,Cash
Weekly,Fall,2535,41,Male,Sunglasses,Accessories,42,Virginia,XL,Red,3.2,No,Free Shipping,No,22,Cash
Bi-Weekly,Winter,2536,47,Male,Coat,Outerwear,80,Vermont,S,Purple,3.9,No,Express,No,39,Bank Transfer
Quarterly,Spring,2537,51,Male,Belt,Accessories,39,Oklahoma,L,Gray,4.9,No,Express,No,45,PayPal
Bi-Weekly,Summer,2538,44,Male,Coat,Outerwear,49,Maine,M,Purple,4.1,No,2-Day Shipping,No,30,PayPal
Bi-Weekly,Summer,2539,18,Male,Scarf,Accessories,32,New Jersey,M,Silver,4.2,No,Next Day Air,No,33,Credit Card
Bi-Weekly,Fall,2540,33,Male,Sandals,Footwear,73,Massachusetts,M,Purple,4.1,No,Next Day Air,No,24,Cash
Quarterly,Summer,2541,24,Male,Belt,Accessories,42,New Jersey,M,Charcoa,3.9,No,Free Shipping,No,11,Debit Card
Quarterly,Spring,2542,33,Male,Scarf,Accessories,58,Washington,M,Silver,2.7,No,Next Day Air,No,13,Venmo
Annually,Winter,2543,61,Male,Jewelry,Accessories,22,Arkansas,M,White,3.7,No,Express,No,27,PayPal
Bi-Weekly,Spring,2544,27,Male,Scarf,Accessories,56,West Virginia,L,Peach,2.7,No,Next Day Air,No,30,PayPal
Quarterly,Spring,2545,46,Male,Pants,Clothing,70,Delaware,M,Red,2.5,No,Next Day Air,No,39,Venmo
Annually,Spring,2546,38,Male,Shoes,Footwear,50,Texas,L,Olive,3.9,No,Free Shipping,No,10,Debit Card
Quarterly,Summer,2547,63,Male,Boots,Footwear,21,Texas,L,Gray,3,No,Express,No,4,Credit Card
Weekly,Summer,2548,47,Male,Jacket,Outerwear,97,Mississippi,M,Beige,3.2,No,2-Day Shipping,No,16,Cash
Monthly,Winter,2549,42,Male,Backpack,Accessories,63,Texas,L,Pink,3.8,No,Standard,No,34,Credit Card
Quarterly,Fall,2550,41,Male,Jacket,Outerwear,60,Virginia,M,Red,2.7,No,Standard,No,11,Debit Card
Bi-Weekly,Fall,2551,53,Male,Boots,Footwear,52,New Hampshire,XL,Peach,3,No,Store Pickup,No,30,Debit Card
Annually,Winter,2552,29,Male,Shoes,Footwear,32,Minnesota,M,Maroon,4.1,No,Next Day Air,No,40,Debit Card
Annually,Spring,2553,61,Male,Belt,Accessories,48,Maryland,XL,Purple,3.2,No,2-Day Shipping,No,13,Credit Card
Quarterly,Summer,2554,69,Male,Jewelry,Accessories,25,Vermont,M,Maroon,4.5,No,Store Pickup,No,28,Venmo
Bi-Weekly,Summer,2555,51,Male,Jewelry,Accessories,68,Kansas,M,Gray,4.3,No,Store Pickup,No,49,Debit Card
Weekly,Fall,2556,24,Male,Pants,Clothing,74,Idaho,M,Gray,3.5,No,Standard,No,23,Credit Card
Quarterly,Fall,2557,24,Male,T-shirt,Clothing,88,Montana,XL,Magenta,3.1,No,Standard,No,4,Bank Transfer
Bi-Weekly,Spring,2558,70,Male,Shorts,Clothing,23,Oklahoma,L,Cyan,3.9,No,Standard,No,17,PayPal
Bi-Weekly,Fall,2559,49,Male,Hoodie,Clothing,32,California,M,Silver,2.7,No,Express,No,24,PayPal
Quarterly,Winter,2560,48,Male,Belt,Accessories,71,Mississippi,S,Green,4,No,Free Shipping,No,21,Debit Card
Bi-Weekly,Spring,2561,58,Male,Boots,Footwear,62,California,M,Violet,2.7,No,Next Day Air,No,17,Debit Card
Quarterly,Spring,2562,32,Male,Hoodie,Clothing,20,New York,L,Magenta,2.7,No,Free Shipping,No,22,Debit Card
Bi-Weekly,Spring,2563,57,Male,Shorts,Clothing,62,Arizona,XL,Yellow,4.7,No,Standard,No,27,Cash
Quarterly,Winter,2564,69,Male,Backpack,Accessories,81,Massachusetts,XL,Gray,4.5,No,Standard,No,1,Venmo
Weekly,Winter,2565,42,Male,Scarf,Accessories,90,Kentucky,L,Indigo,3,No,2-Day Shipping,No,27,Bank Transfer
Quarterly,Fall,2566,30,Male,Socks,Clothing,43,Vermont,S,Indigo,3.6,No,Store Pickup,No,8,Venmo
Quarterly,Fall,2567,35,Male,Handbag,Accessories,38,Missouri,S,Yellow,3.3,No,Standard,No,43,PayPal
Bi-Weekly,Spring,2568,19,Male,Sunglasses,Accessories,25,Michigan,XL,Gold,4.3,No,Store Pickup,No,24,Cash
Bi-Weekly,Winter,2569,52,Male,T-shirt,Clothing,98,Texas,XL,Green,4.3,No,Express,No,29,PayPal
Bi-Weekly,Spring,2570,42,Male,Dress,Clothing,75,New York,M,Charcoa,4.8,No,Free Shipping,No,10,Bank Transfer
Bi-Weekly,Spring,2571,36,Male,Sneakers,Footwear,27,New Mexico,XL,Olive,4,No,Store Pickup,No,12,PayPal
Bi-Weekly,Winter,2572,45,Male,Sunglasses,Accessories,27,Mississippi,L,Black,3.5,No,Standard,No,48,Cash
Quarterly,Fall,2573,54,Male,Blouse,Clothing,42,Washington,M,Silver,3.9,No,Next Day Air,No,40,Bank Transfer
Annually,Summer,2574,54,Male,T-shirt,Clothing,90,New Mexico,M,Red,4.4,No,Store Pickup,No,1,Bank Transfer
Bi-Weekly,Summer,2575,27,Male,Hat,Accessories,63,Florida,M,Brown,4.6,No,2-Day Shipping,No,26,Credit Card
Annually,Fall,2576,53,Male,Shorts,Clothing,96,Minnesota,M,Silver,4,No,Express,No,9,PayPal
Quarterly,Winter,2577,20,Male,Hoodie,Clothing,40,New Hampshire,M,Silver,4.2,No,Free Shipping,No,19,Debit Card
Monthly,Fall,2578,52,Male,Socks,Clothing,39,Minnesota,L,Black,4.5,No,Next Day Air,No,37,Bank Transfer
Quarterly,Fall,2579,54,Male,Sunglasses,Accessories,48,Vermont,M,Purple,3.9,No,Free Shipping,No,3,Cash
Weekly,Summer,2580,65,Male,Blouse,Clothing,20,Minnesota,M,Purple,3.7,No,Express,No,40,Venmo
Quarterly,Summer,2581,43,Male,Jeans,Clothing,29,Massachusetts,S,Turquoi,3.6,No,Store Pickup,No,13,Bank Transfer
Monthly,Winter,2582,57,Male,Dress,Clothing,81,Wyoming,M,Gold,4.7,No,Express,No,48,Credit Card
Quarterly,Fall,2583,19,Male,Dress,Clothing,98,South Dakota,S,Indigo,3.6,No,2-Day Shipping,No,4,Venmo
Weekly,Fall,2584,69,Male,Jeans,Clothing,93,Oklahoma,M,Lavende,2.5,No,Next Day Air,No,9,Cash
Bi-Weekly,Summer,2585,26,Male,Socks,Clothing,30,Florida,L,Blue,2.9,No,Store Pickup,No,26,Bank Transfer
Weekly,Fall,2586,57,Male,Sunglasses,Accessories,37,Wisconsin,L,Maroon,4.4,No,Free Shipping,No,19,Debit Card
Quarterly,Winter,2587,20,Male,Coat,Outerwear,28,Maine,L,Yellow,4.6,No,Express,No,1,Credit Card
Quarterly,Winter,2588,55,Male,Scarf,Accessories,29,Connecticut,M,Purple,3.7,No,Express,No,29,PayPal
Bi-Weekly,Summer,2589,44,Male,Backpack,Accessories,49,Delaware,M,Peach,3.2,No,Free Shipping,No,38,Venmo
Annually,Winter,2590,52,Male,Pants,Clothing,53,North Dakota,M,Silver,4.9,No,2-Day Shipping,No,31,PayPal
Annually,Summer,2591,57,Male,Gloves,Accessories,66,California,M,Turquoi,5,No,Free Shipping,No,35,Venmo
Quarterly,Spring,2592,40,Male,Jacket,Outerwear,61,New Mexico,S,Olive,3.3,No,Express,No,40,Cash
Quarterly,Summer,2593,23,Male,Shorts,Clothing,23,Iowa,XL,Peach,4.4,No,Store Pickup,No,13,Venmo
Quarterly,Fall,2594,36,Male,Pants,Clothing,36,Colorado,S,Indigo,4.7,No,Store Pickup,No,9,Bank Transfer
Quarterly,Fall,2595,59,Male,Skirt,Clothing,81,Montana,L,Indigo,3.6,No,Free Shipping,No,25,Cash
Bi-Weekly,Summer,2596,29,Male,Blouse,Clothing,56,Iowa,XL,Maroon,3.2,No,Free Shipping,No,3,Bank Transfer
Monthly,Spring,2597,63,Male,Shirt,Clothing,78,Louisiana,L,Black,3,No,Next Day Air,No,35,Credit Card
Bi-Weekly,Summer,2598,60,Male,Jewelry,Accessories,25,Alabama,XL,Teal,4.4,No,Store Pickup,No,13,Venmo
Annually,Fall,2599,64,Male,Backpack,Accessories,86,Nevada,XL,Olive,3.3,No,Express,No,31,Debit Card
Monthly,Winter,2600,63,Male,Jewelry,Accessories,99,Vermont,M,Gold,3.4,No,Express,No,48,Credit Card
Bi-Weekly,Fall,2601,21,Male,Belt,Accessories,83,New York,M,Gray,3.9,No,Express,No,6,Bank Transfer
Monthly,Winter,2602,61,Male,Dress,Clothing,33,Mississippi,L,Orange,2.9,No,Store Pickup,No,43,Cash
Quarterly,Fall,2603,65,Male,Coat,Outerwear,44,South Carolin,M,Black,2.9,No,Free Shipping,No,1,Venmo
Annually,Spring,2604,69,Male,Dress,Clothing,58,Washington,M,Teal,2.7,No,2-Day Shipping,No,8,Cash
Weekly,Spring,2605,47,Male,Sweater,Clothing,54,Colorado,M,Beige,3.4,No,Store Pickup,No,6,Debit Card
Bi-Weekly,Spring,2606,41,Male,Hoodie,Clothing,93,Nevada,M,White,3.7,No,2-Day Shipping,No,32,Venmo
Bi-Weekly,Spring,2607,68,Male,Shoes,Footwear,98,Nevada,L,Turquoi,4.7,No,Standard,No,46,Bank Transfer
Quarterly,Spring,2608,41,Male,Shoes,Footwear,36,Oklahoma,XL,Teal,3.1,No,Express,No,38,PayPal
Bi-Weekly,Fall,2609,42,Male,Jacket,Outerwear,68,Mississippi,L,Orange,4.2,No,2-Day Shipping,No,48,Credit Card
Bi-Weekly,Summer,2610,66,Male,Backpack,Accessories,95,Arkansas,M,Black,3,No,Store Pickup,No,18,Debit Card
Quarterly,Spring,2611,66,Male,Jeans,Clothing,93,West Virginia,M,Violet,3.1,No,Express,No,25,Cash
Bi-Weekly,Fall,2612,33,Male,Jacket,Outerwear,99,Michigan,L,Maroon,4.2,No,2-Day Shipping,No,4,Cash
Quarterly,Winter,2613,55,Male,Sunglasses,Accessories,22,Louisiana,M,Turquoi,3.8,No,Next Day Air,No,27,Venmo
Monthly,Fall,2614,58,Male,Gloves,Accessories,88,South Dakota,M,Gold,2.9,No,Express,No,14,Bank Transfer
Bi-Weekly,Spring,2615,18,Male,Jacket,Outerwear,65,North Dakota,M,Turquoi,4.2,No,Express,No,36,Bank Transfer
Quarterly,Fall,2616,49,Male,T-shirt,Clothing,62,Arizona,M,Maroon,3.1,No,2-Day Shipping,No,6,Debit Card
Annually,Spring,2617,61,Male,Sandals,Footwear,55,Georgia,XL,Purple,3.6,No,Express,No,46,Cash
Annually,Spring,2618,31,Male,Shorts,Clothing,97,Idaho,S,Maroon,4.8,No,Standard,No,29,Bank Transfer
Monthly,Fall,2619,70,Male,Handbag,Accessories,77,Louisiana,L,Brown,4.1,No,Express,No,12,Venmo
Weekly,Winter,2620,68,Male,Pants,Clothing,40,Connecticut,L,Indigo,3.9,No,Free Shipping,No,47,Credit Card
Annually,Winter,2621,27,Male,Blouse,Clothing,23,Ohio,S,Lavende,3,No,Standard,No,28,Debit Card
Annually,Winter,2622,48,Male,Shoes,Footwear,46,Maine,M,Beige,3,No,Express,No,21,Bank Transfer
Annually,Spring,2623,63,Male,Backpack,Accessories,75,New Hampshire,M,Yellow,4.9,No,2-Day Shipping,No,15,Credit Card
Annually,Fall,2624,49,Male,Shoes,Footwear,76,Massachusetts,M,Gold,4.8,No,Next Day Air,No,38,Cash
Annually,Summer,2625,19,Male,Dress,Clothing,59,South Dakota,M,Indigo,3.3,No,Standard,No,19,Credit Card
Weekly,Summer,2626,30,Male,Skirt,Clothing,51,Colorado,L,Cyan,2.7,No,Standard,No,31,Credit Card
Quarterly,Fall,2627,50,Male,Jacket,Outerwear,46,Rhode Island,XL,Silver,4.2,No,Express,No,30,Credit Card
Quarterly,Fall,2628,66,Male,Shirt,Clothing,26,Missouri,L,Silver,3.6,No,Next Day Air,No,40,Bank Transfer
Bi-Weekly,Summer,2629,25,Male,Hoodie,Clothing,51,Wyoming,M,Silver,3.8,No,Next Day Air,No,42,Credit Card
Annually,Winter,2630,61,Male,Scarf,Accessories,44,New Hampshire,M,Peach,3.8,No,Free Shipping,No,25,Venmo
Quarterly,Spring,2631,29,Male,Skirt,Clothing,82,Maine,S,Pink,4.2,No,Free Shipping,No,20,Cash
Weekly,Summer,2632,53,Male,Skirt,Clothing,44,Connecticut,S,Violet,2.7,No,Express,No,3,Cash
Annually,Fall,2633,24,Male,Scarf,Accessories,27,Alaska,M,Black,5,No,Next Day Air,No,14,Cash
Bi-Weekly,Fall,2634,51,Male,Sunglasses,Accessories,90,Alaska,M,Purple,4.7,No,Next Day Air,No,32,Credit Card
Quarterly,Summer,2635,26,Male,Sandals,Footwear,58,North Carolin,S,Black,3.2,No,Store Pickup,No,20,PayPal
Bi-Weekly,Spring,2636,59,Male,Hoodie,Clothing,80,Colorado,XL,Peach,2.9,No,2-Day Shipping,No,34,PayPal
Annually,Winter,2637,41,Male,Jacket,Outerwear,40,Utah,S,Magenta,4.2,No,Store Pickup,No,6,Venmo
Annually,Spring,2638,20,Male,Pants,Clothing,23,Alabama,M,Magenta,3.7,No,Store Pickup,No,2,PayPal
Annually,Spring,2639,22,Male,Shirt,Clothing,34,Hawaii,S,Black,4.2,No,Store Pickup,No,35,Credit Card
Quarterly,Winter,2640,18,Male,Blouse,Clothing,35,New Hampshire,XL,Pink,2.6,No,Free Shipping,No,33,Debit Card
Bi-Weekly,Summer,2641,30,Male,Skirt,Clothing,75,Indiana,L,Olive,4,No,Store Pickup,No,45,Venmo
Quarterly,Winter,2642,25,Male,Sunglasses,Accessories,60,Vermont,XL,Olive,2.7,No,Next Day Air,No,20,Bank Transfer
Annually,Summer,2643,39,Male,Belt,Accessories,87,Iowa,L,Peach,4,No,Store Pickup,No,48,Bank Transfer
Monthly,Spring,2644,49,Male,Gloves,Accessories,41,Maryland,S,Silver,2.9,No,Next Day Air,No,37,Cash
Quarterly,Spring,2645,25,Male,Pants,Clothing,83,New Mexico,M,Turquoi,3.3,No,Standard,No,4,Bank Transfer
Bi-Weekly,Spring,2646,23,Male,Scarf,Accessories,81,Louisiana,L,Olive,4,No,Store Pickup,No,24,Bank Transfer
Quarterly,Summer,2647,33,Male,T-shirt,Clothing,56,New Mexico,S,Lavende,3.9,No,Next Day Air,No,4,Debit Card
Annually,Summer,2648,60,Male,Shoes,Footwear,58,South Carolin,M,Red,3.3,No,2-Day Shipping,No,25,Debit Card
Bi-Weekly,Spring,2649,51,Male,Pants,Clothing,84,Illinois,M,Gray,3.9,No,Next Day Air,No,14,PayPal
Bi-Weekly,Fall,2650,23,Male,Gloves,Accessories,21,Minnesota,M,Magenta,3.9,No,Store Pickup,No,14,Bank Transfer
Quarterly,Summer,2651,20,Male,Socks,Clothing,35,Oregon,L,Maroon,4.2,No,Standard,No,46,Credit Card
Quarterly,Summer,2652,51,Male,Sneakers,Footwear,43,Tennessee,M,Cyan,4.6,No,Store Pickup,No,27,PayPal
Monthly,Summer,2653,23,Female,Shorts,Clothing,20,Maryland,L,Cyan,3.3,No,2-Day Shipping,No,46,Credit Card
Quarterly,Fall,2654,67,Female,Blouse,Clothing,36,Wisconsin,L,Lavende,4.8,No,Express,No,24,Venmo
Annually,Fall,2655,23,Female,Coat,Outerwear,70,Idaho,S,Pink,4.1,No,Next Day Air,No,4,PayPal
Bi-Weekly,Summer,2656,26,Female,Sunglasses,Accessories,83,Wyoming,M,Gray,3.4,No,Standard,No,2,Credit Card
Bi-Weekly,Winter,2657,52,Female,Shorts,Clothing,76,Indiana,L,Yellow,3.6,No,Express,No,29,Bank Transfer
Bi-Weekly,Summer,2658,52,Female,Dress,Clothing,81,Texas,M,Pink,2.7,No,Express,No,7,Credit Card
Monthly,Summer,2659,52,Female,Handbag,Accessories,47,Ohio,XL,Indigo,3.2,No,Next Day Air,No,39,PayPal
Bi-Weekly,Summer,2660,35,Female,Boots,Footwear,35,Kansas,L,Gray,4.4,No,2-Day Shipping,No,46,Credit Card
Annually,Spring,2661,24,Female,Pants,Clothing,85,South Carolin,L,Yellow,4.9,No,Express,No,44,Venmo
Annually,Fall,2662,43,Female,Boots,Footwear,96,Michigan,XL,Olive,4.8,No,Express,No,20,Bank Transfer
Bi-Weekly,Summer,2663,25,Female,Skirt,Clothing,98,Nebraska,M,Cyan,2.8,No,2-Day Shipping,No,44,PayPal
Annually,Fall,2664,46,Female,Sneakers,Footwear,52,Wisconsin,L,Silver,2.9,No,Free Shipping,No,23,Bank Transfer
Weekly,Winter,2665,22,Female,Jewelry,Accessories,84,Illinois,L,Silver,3.2,No,Store Pickup,No,37,PayPal
Weekly,Winter,2666,70,Female,T-shirt,Clothing,71,Louisiana,L,Red,3.5,No,Store Pickup,No,4,Venmo
Bi-Weekly,Winter,2667,49,Female,Sandals,Footwear,95,Ohio,S,Brown,4.1,No,Store Pickup,No,14,Venmo
Bi-Weekly,Summer,2668,48,Female,Boots,Footwear,47,Maryland,M,Orange,4.1,No,Free Shipping,No,31,Cash
Quarterly,Summer,2669,59,Female,Coat,Outerwear,75,Texas,M,Black,4.8,No,Next Day Air,No,9,PayPal
Weekly,Spring,2670,39,Female,Belt,Accessories,28,Illinois,L,Teal,2.8,No,Free Shipping,No,31,Credit Card
Bi-Weekly,Fall,2671,30,Female,Sunglasses,Accessories,44,Pennsylvania,M,Yellow,4.7,No,Express,No,26,Bank Transfer
Quarterly,Winter,2672,37,Female,Sandals,Footwear,64,Alabama,XL,Gray,4.8,No,2-Day Shipping,No,41,PayPal
Annually,Spring,2673,56,Female,Boots,Footwear,28,West Virginia,M,Maroon,2.9,No,Standard,No,13,Cash
Monthly,Summer,2674,67,Female,Hoodie,Clothing,21,Nevada,M,Olive,2.6,No,2-Day Shipping,No,4,Cash
Quarterly,Fall,2675,40,Female,Hat,Accessories,41,Florida,S,Charcoa,3.3,No,Express,No,15,Cash
Bi-Weekly,Winter,2676,24,Female,Shorts,Clothing,38,Virginia,M,Peach,3.4,No,Free Shipping,No,38,Cash
Bi-Weekly,Spring,2677,43,Female,Backpack,Accessories,77,Kentucky,M,Maroon,3.6,No,Free Shipping,No,3,Cash
Quarterly,Spring,2678,45,Female,Shorts,Clothing,43,Connecticut,L,Olive,3.8,No,Next Day Air,No,6,PayPal
Bi-Weekly,Spring,2679,33,Female,Belt,Accessories,91,Montana,M,Magenta,3.4,No,2-Day Shipping,No,34,Credit Card
Quarterly,Spring,2680,53,Female,Shorts,Clothing,68,Montana,S,Yellow,3.8,No,Express,No,7,Debit Card
Annually,Fall,2681,44,Female,Socks,Clothing,37,Nebraska,L,Indigo,3.3,No,Next Day Air,No,21,Venmo
Monthly,Summer,2682,23,Female,Shoes,Footwear,23,Massachusetts,L,Olive,4.8,No,Standard,No,17,Debit Card
Quarterly,Winter,2683,59,Female,Sneakers,Footwear,65,North Carolin,L,Maroon,3.9,No,2-Day Shipping,No,5,Venmo
Bi-Weekly,Summer,2684,68,Female,Backpack,Accessories,30,Montana,M,Indigo,4.2,No,Next Day Air,No,21,Cash
Bi-Weekly,Summer,2685,46,Female,Dress,Clothing,45,Washington,M,Gray,4.7,No,Free Shipping,No,42,Credit Card
Quarterly,Winter,2686,56,Female,Boots,Footwear,25,Virginia,M,Gray,2.7,No,Express,No,49,Credit Card
Bi-Weekly,Winter,2687,40,Female,Socks,Clothing,72,Georgia,M,Black,3.8,No,2-Day Shipping,No,33,Cash
Bi-Weekly,Fall,2688,61,Female,Dress,Clothing,75,Delaware,M,White,3.6,No,2-Day Shipping,No,12,Debit Card
Quarterly,Spring,2689,53,Female,Handbag,Accessories,63,West Virginia,XL,Turquoi,2.9,No,2-Day Shipping,No,18,Credit Card
Quarterly,Fall,2690,29,Female,Blouse,Clothing,35,Wyoming,M,Orange,3.9,No,Standard,No,47,PayPal
Weekly,Summer,2691,44,Female,Belt,Accessories,32,New Mexico,L,Yellow,4.7,No,Free Shipping,No,18,Bank Transfer
Monthly,Winter,2692,43,Female,Pants,Clothing,25,Nebraska,L,Blue,3.3,No,2-Day Shipping,No,48,Cash
Quarterly,Spring,2693,40,Female,Sneakers,Footwear,90,Washington,XL,Violet,4.2,No,Free Shipping,No,18,Debit Card
Quarterly,Summer,2694,55,Female,Boots,Footwear,70,Hawaii,L,Lavende,2.6,No,Standard,No,46,Cash
Quarterly,Spring,2695,66,Female,Sunglasses,Accessories,27,Louisiana,M,Olive,4.9,No,Express,No,34,Credit Card
Bi-Weekly,Fall,2696,50,Female,Hat,Accessories,92,Tennessee,M,Orange,3.6,No,Standard,No,10,PayPal
Monthly,Spring,2697,57,Female,Coat,Outerwear,20,South Dakota,M,White,4.7,No,Free Shipping,No,12,Debit Card
Quarterly,Winter,2698,42,Female,Jacket,Outerwear,52,Delaware,L,Red,3.2,No,Standard,No,36,Bank Transfer
Quarterly,Summer,2699,55,Female,Hoodie,Clothing,57,Virginia,M,Magenta,3.6,No,Store Pickup,No,34,Venmo
Annually,Fall,2700,25,Female,Boots,Footwear,96,Utah,M,Violet,3.6,No,2-Day Shipping,No,49,Debit Card
Weekly,Winter,2701,22,Female,T-shirt,Clothing,68,California,XL,Olive,3.2,No,Standard,No,36,Cash
Bi-Weekly,Summer,2702,49,Female,Sweater,Clothing,30,Idaho,L,Silver,2.8,No,Store Pickup,No,18,Bank Transfer
Bi-Weekly,Fall,2703,70,Female,Shoes,Footwear,37,Texas,L,Gray,4,No,Next Day Air,No,39,Debit Card
Weekly,Winter,2704,56,Female,Scarf,Accessories,42,Tennessee,XL,Olive,4.4,No,Free Shipping,No,34,PayPal
Weekly,Spring,2705,52,Female,Dress,Clothing,54,Tennessee,L,Beige,3.4,No,Next Day Air,No,35,Debit Card
Bi-Weekly,Spring,2706,65,Female,Jacket,Outerwear,81,Washington,S,Turquoi,5,No,Store Pickup,No,1,Credit Card
Quarterly,Spring,2707,24,Female,Shoes,Footwear,40,Alabama,S,Blue,3.1,No,Express,No,48,Debit Card
Weekly,Fall,2708,32,Female,Backpack,Accessories,88,Nebraska,M,Pink,4.2,No,Standard,No,19,Cash
Weekly,Summer,2709,57,Female,Dress,Clothing,94,Alabama,M,Teal,3.3,No,Store Pickup,No,44,Debit Card
Bi-Weekly,Winter,2710,35,Female,Shirt,Clothing,54,Illinois,S,Cyan,2.9,No,Standard,No,9,Credit Card
Bi-Weekly,Summer,2711,69,Female,Jacket,Outerwear,51,Wisconsin,L,Purple,4.7,No,Standard,No,3,Bank Transfer
Monthly,Spring,2712,30,Female,Sunglasses,Accessories,22,Nebraska,L,Red,4,No,Standard,No,50,Venmo
Quarterly,Fall,2713,37,Female,Jacket,Outerwear,95,North Dakota,L,Brown,4.6,No,Standard,No,7,Debit Card
Annually,Fall,2714,19,Female,Coat,Outerwear,57,Mississippi,M,Magenta,3.8,No,2-Day Shipping,No,20,Debit Card
Bi-Weekly,Winter,2715,53,Female,Sweater,Clothing,45,Iowa,S,Olive,3.6,No,Store Pickup,No,16,Credit Card
Bi-Weekly,Winter,2716,25,Female,Sneakers,Footwear,92,Mississippi,XL,Pink,4.1,No,Express,No,29,PayPal
Weekly,Spring,2717,47,Female,Shoes,Footwear,40,Colorado,L,Black,2.7,No,Store Pickup,No,21,Debit Card
Quarterly,Winter,2718,18,Female,Sunglasses,Accessories,62,Nebraska,XL,Beige,4.3,No,Free Shipping,No,19,Credit Card
Bi-Weekly,Winter,2719,22,Female,Shorts,Clothing,90,Virginia,M,Peach,4.9,No,Next Day Air,No,10,Venmo
Monthly,Fall,2720,69,Female,Hoodie,Clothing,82,Louisiana,S,Peach,4.2,No,Free Shipping,No,4,Bank Transfer
Quarterly,Spring,2721,55,Female,Scarf,Accessories,52,Maryland,M,Peach,2.8,No,Store Pickup,No,45,Bank Transfer
Bi-Weekly,Spring,2722,19,Female,Sandals,Footwear,70,Minnesota,S,Teal,4.9,No,Free Shipping,No,17,PayPal
Bi-Weekly,Spring,2723,23,Female,Hat,Accessories,83,Maine,M,Green,2.8,No,2-Day Shipping,No,22,PayPal
Quarterly,Summer,2724,54,Female,Shoes,Footwear,49,Texas,XL,Brown,2.9,No,Store Pickup,No,3,PayPal
Bi-Weekly,Spring,2725,52,Female,Sneakers,Footwear,91,Missouri,M,Brown,2.5,No,Next Day Air,No,11,Debit Card
Annually,Summer,2726,64,Female,Backpack,Accessories,99,Mississippi,S,Violet,2.7,No,Free Shipping,No,4,Debit Card
Bi-Weekly,Winter,2727,33,Female,Belt,Accessories,92,Michigan,L,Blue,3.3,No,Free Shipping,No,11,PayPal
Bi-Weekly,Winter,2728,40,Female,Shirt,Clothing,87,Colorado,L,Charcoa,3.7,No,2-Day Shipping,No,47,Credit Card
Weekly,Winter,2729,26,Female,Skirt,Clothing,28,Florida,M,Pink,4,No,Express,No,17,Debit Card
Monthly,Summer,2730,31,Female,Gloves,Accessories,71,Montana,S,Violet,4.1,No,Free Shipping,No,32,Credit Card
Annually,Winter,2731,23,Female,Gloves,Accessories,32,Wisconsin,M,Teal,4.1,No,Store Pickup,No,37,Bank Transfer
Quarterly,Summer,2732,52,Female,Handbag,Accessories,33,Wisconsin,M,Red,2.5,No,2-Day Shipping,No,44,Bank Transfer
Quarterly,Winter,2733,21,Female,Socks,Clothing,75,Delaware,L,Orange,4.2,No,Store Pickup,No,27,Debit Card
Annually,Summer,2734,31,Female,Backpack,Accessories,83,North Carolin,M,Magenta,4.7,No,Express,No,46,PayPal
Bi-Weekly,Summer,2735,63,Female,Jeans,Clothing,93,New York,XL,Yellow,2.7,No,2-Day Shipping,No,13,Cash
Bi-Weekly,Spring,2736,46,Female,Skirt,Clothing,29,California,M,Yellow,3,No,Express,No,2,PayPal
Annually,Spring,2737,44,Female,Hoodie,Clothing,25,Montana,M,Pink,4.8,No,Store Pickup,No,45,Credit Card
Quarterly,Spring,2738,57,Female,Jewelry,Accessories,76,North Carolin,S,Indigo,4.4,No,Free Shipping,No,35,Cash
Quarterly,Summer,2739,50,Female,Sneakers,Footwear,81,Ohio,M,Charcoa,4.3,No,2-Day Shipping,No,39,Venmo
Quarterly,Winter,2740,33,Female,Shirt,Clothing,80,Alaska,XL,Blue,2.5,No,Store Pickup,No,39,Credit Card
Bi-Weekly,Summer,2741,19,Female,Sunglasses,Accessories,70,Pennsylvania,M,Lavende,4.9,No,Free Shipping,No,34,Bank Transfer
Monthly,Fall,2742,68,Female,Dress,Clothing,81,Maine,L,Yellow,4.9,No,2-Day Shipping,No,41,Venmo
Annually,Spring,2743,27,Female,Shoes,Footwear,86,Texas,M,Black,3.9,No,Free Shipping,No,47,Debit Card
Quarterly,Fall,2744,61,Female,Belt,Accessories,94,New Jersey,S,Beige,4.1,No,2-Day Shipping,No,17,Venmo
Monthly,Winter,2745,38,Female,Shirt,Clothing,66,Wyoming,M,Silver,3.3,No,Store Pickup,No,40,Credit Card
Bi-Weekly,Summer,2746,28,Female,Boots,Footwear,98,Michigan,M,Magenta,4.1,No,Standard,No,44,PayPal
Quarterly,Fall,2747,39,Female,Hoodie,Clothing,25,Ohio,M,Orange,3.7,No,Standard,No,21,PayPal
Quarterly,Winter,2748,18,Female,Jeans,Clothing,62,West Virginia,M,Teal,3.1,No,Free Shipping,No,21,Credit Card
Annually,Spring,2749,24,Female,Jacket,Outerwear,98,Virginia,L,Turquoi,3,No,Free Shipping,No,16,Venmo
Annually,Spring,2750,64,Female,Jacket,Outerwear,53,Vermont,M,Cyan,3.4,No,Standard,No,15,Bank Transfer
Quarterly,Spring,2751,51,Female,Sandals,Footwear,66,Alaska,L,Pink,2.7,No,2-Day Shipping,No,26,PayPal
Monthly,Fall,2752,27,Female,Dress,Clothing,52,Minnesota,S,Indigo,3.1,No,Free Shipping,No,50,Venmo
Bi-Weekly,Winter,2753,48,Female,Sweater,Clothing,64,Colorado,S,Peach,4,No,Free Shipping,No,30,Venmo
Quarterly,Spring,2754,69,Female,Gloves,Accessories,59,Rhode Island,M,Beige,3.6,No,Next Day Air,No,48,PayPal
Bi-Weekly,Summer,2755,59,Female,Sunglasses,Accessories,61,New Jersey,L,Gold,3.6,No,Free Shipping,No,21,Venmo
Annually,Winter,2756,59,Female,Belt,Accessories,97,Nevada,M,Indigo,3.3,No,Store Pickup,No,18,Credit Card
Monthly,Winter,2757,42,Female,Hat,Accessories,23,Minnesota,L,Violet,4.1,No,Free Shipping,No,41,PayPal
Monthly,Fall,2758,39,Female,Hat,Accessories,98,Delaware,XL,Brown,4.3,No,Next Day Air,No,11,Venmo
Bi-Weekly,Summer,2759,32,Female,Blouse,Clothing,98,Illinois,M,Purple,3.2,No,Standard,No,8,Bank Transfer
Quarterly,Summer,2760,68,Female,Shoes,Footwear,59,Washington,M,Turquoi,3.9,No,Free Shipping,No,42,Cash
Bi-Weekly,Fall,2761,41,Female,Skirt,Clothing,82,Alaska,S,Violet,5,No,Next Day Air,No,41,Credit Card
Quarterly,Fall,2762,31,Female,Sneakers,Footwear,82,Michigan,M,Purple,3.4,No,Next Day Air,No,3,Credit Card
Quarterly,Fall,2763,58,Female,T-shirt,Clothing,41,Georgia,M,Charcoa,3.8,No,Store Pickup,No,10,Debit Card
Quarterly,Fall,2764,28,Female,Handbag,Accessories,52,West Virginia,M,Green,2.9,No,2-Day Shipping,No,35,Venmo
Weekly,Spring,2765,63,Female,Sweater,Clothing,41,Arizona,XL,White,2.6,No,Next Day Air,No,2,Debit Card
Quarterly,Summer,2766,64,Female,Gloves,Accessories,70,Colorado,M,Purple,4.3,No,2-Day Shipping,No,24,Credit Card
Monthly,Winter,2767,66,Female,Dress,Clothing,91,Tennessee,M,Cyan,2.8,No,Standard,No,47,Credit Card
Monthly,Spring,2768,31,Female,Dress,Clothing,95,Iowa,M,Green,4.5,No,Free Shipping,No,31,Cash
Bi-Weekly,Spring,2769,55,Female,Blouse,Clothing,25,Kansas,M,Beige,3.8,No,2-Day Shipping,No,28,PayPal
Weekly,Fall,2770,32,Female,Shirt,Clothing,89,Oklahoma,L,Lavende,3,No,Standard,No,13,Cash
Quarterly,Fall,2771,50,Female,Boots,Footwear,44,Nebraska,S,Blue,3.3,No,Express,No,22,Bank Transfer
Bi-Weekly,Summer,2772,58,Female,Jacket,Outerwear,52,Maryland,S,Beige,3.1,No,2-Day Shipping,No,12,Bank Transfer
Quarterly,Spring,2773,18,Female,Backpack,Accessories,94,Pennsylvania,L,Blue,3.5,No,Store Pickup,No,10,Bank Transfer
Quarterly,Spring,2774,39,Female,Pants,Clothing,98,Arizona,S,Maroon,4.6,No,Express,No,45,Bank Transfer
Quarterly,Fall,2775,56,Female,Boots,Footwear,40,Oklahoma,L,Yellow,4.1,No,Standard,No,42,Credit Card
Weekly,Fall,2776,37,Female,Socks,Clothing,25,Montana,L,Red,3.6,No,Free Shipping,No,16,Debit Card
Annually,Fall,2777,46,Female,Scarf,Accessories,62,Wyoming,L,Green,2.9,No,Free Shipping,No,6,Bank Transfer
Quarterly,Fall,2778,52,Female,Blouse,Clothing,24,Idaho,M,Magenta,4.8,No,Standard,No,28,Credit Card
Bi-Weekly,Spring,2779,70,Female,Belt,Accessories,57,Pennsylvania,L,Yellow,3.2,No,Standard,No,24,Credit Card
Bi-Weekly,Winter,2780,61,Female,Sunglasses,Accessories,66,Montana,L,Blue,4.3,No,Express,No,14,Credit Card
Bi-Weekly,Winter,2781,33,Female,Boots,Footwear,70,Ohio,M,Charcoa,4.1,No,Next Day Air,No,29,PayPal
Weekly,Spring,2782,65,Female,Sandals,Footwear,39,Mississippi,M,Blue,4.6,No,Standard,No,33,PayPal
Annually,Spring,2783,41,Female,Gloves,Accessories,34,Idaho,S,Cyan,3.8,No,Free Shipping,No,30,PayPal
Quarterly,Spring,2784,19,Female,Skirt,Clothing,38,Virginia,M,Silver,4.5,No,Next Day Air,No,26,Credit Card
Quarterly,Winter,2785,33,Female,Skirt,Clothing,70,Idaho,M,Black,3.1,No,Express,No,12,PayPal
Monthly,Summer,2786,53,Female,Blouse,Clothing,80,Louisiana,S,Green,2.9,No,Next Day Air,No,13,Bank Transfer
Quarterly,Spring,2787,54,Female,Handbag,Accessories,51,Colorado,M,Violet,3.8,No,Next Day Air,No,41,Debit Card
Bi-Weekly,Spring,2788,36,Female,Boots,Footwear,79,West Virginia,XL,Pink,4.1,No,Next Day Air,No,4,Venmo
Annually,Summer,2789,56,Female,Boots,Footwear,92,Rhode Island,M,Olive,3.1,No,Free Shipping,No,2,Credit Card
Bi-Weekly,Fall,2790,28,Female,Sweater,Clothing,85,North Carolin,L,Orange,5,No,Express,No,28,Credit Card
Annually,Spring,2791,34,Female,Socks,Clothing,63,Maine,M,Black,4.5,No,Free Shipping,No,24,Debit Card
Bi-Weekly,Fall,2792,43,Female,Gloves,Accessories,60,Iowa,M,Yellow,2.8,No,Express,No,14,Venmo
Weekly,Winter,2793,54,Female,Shorts,Clothing,44,Kentucky,L,Violet,3.2,No,Express,No,11,Credit Card
Bi-Weekly,Spring,2794,37,Female,Boots,Footwear,57,Massachusetts,M,Silver,3.1,No,Standard,No,27,Debit Card
Bi-Weekly,Fall,2795,33,Female,Jacket,Outerwear,24,New York,M,Gold,3.3,No,Standard,No,7,Cash
Annually,Winter,2796,33,Female,Scarf,Accessories,35,Nebraska,M,Magenta,3.4,No,Store Pickup,No,49,PayPal
Annually,Winter,2797,55,Female,Jacket,Outerwear,73,Oklahoma,M,Red,3.8,No,Store Pickup,No,21,Cash
Quarterly,Winter,2798,63,Female,Jewelry,Accessories,42,Oklahoma,M,Green,3.5,No,Express,No,10,Venmo
Weekly,Winter,2799,52,Female,Hoodie,Clothing,20,Rhode Island,XL,Red,4.8,No,Store Pickup,No,37,PayPal
Quarterly,Spring,2800,23,Female,T-shirt,Clothing,89,Maine,L,Pink,3.9,No,Free Shipping,No,9,Bank Transfer
Bi-Weekly,Fall,2801,70,Female,Shirt,Clothing,76,Arkansas,L,Violet,3.4,No,Free Shipping,No,14,Cash
Annually,Winter,2802,64,Female,Shirt,Clothing,56,New Mexico,M,Indigo,2.6,No,Express,No,30,PayPal
Bi-Weekly,Fall,2803,22,Female,Coat,Outerwear,100,Hawaii,L,Red,3.1,No,Store Pickup,No,42,Credit Card
Monthly,Winter,2804,46,Female,T-shirt,Clothing,44,Idaho,M,Violet,3.3,No,Free Shipping,No,31,Bank Transfer
Quarterly,Spring,2805,65,Female,Hoodie,Clothing,76,South Carolin,M,Cyan,2.8,No,Standard,No,48,Bank Transfer
Quarterly,Fall,2806,18,Female,Sunglasses,Accessories,97,Nevada,S,Black,4.3,No,Standard,No,48,Cash
Annually,Spring,2807,45,Female,Blouse,Clothing,39,South Carolin,L,Purple,2.7,No,Standard,No,50,Credit Card
Bi-Weekly,Spring,2808,56,Female,Hoodie,Clothing,100,Maryland,M,Charcoa,4.4,No,2-Day Shipping,No,10,Debit Card
Quarterly,Spring,2809,49,Female,Skirt,Clothing,62,Tennessee,M,Beige,3.9,No,Free Shipping,No,45,PayPal
Quarterly,Summer,2810,66,Female,Shorts,Clothing,98,Arkansas,XL,Teal,3,No,Standard,No,27,Debit Card
Bi-Weekly,Summer,2811,27,Female,Jeans,Clothing,31,Arizona,M,Purple,4,No,Standard,No,10,Debit Card
Quarterly,Fall,2812,69,Female,Jacket,Outerwear,89,Ohio,M,Blue,3.7,No,Store Pickup,No,19,Credit Card
Quarterly,Fall,2813,66,Female,Hoodie,Clothing,91,North Dakota,XL,Magenta,3.8,No,Store Pickup,No,1,Credit Card
Quarterly,Summer,2814,45,Female,Shirt,Clothing,50,Vermont,S,Maroon,3.3,No,2-Day Shipping,No,39,Debit Card
Monthly,Winter,2815,31,Female,T-shirt,Clothing,32,Minnesota,L,Gold,3.6,No,Standard,No,14,Bank Transfer
Quarterly,Fall,2816,33,Female,Blouse,Clothing,67,Idaho,L,Black,3.9,No,Free Shipping,No,40,Venmo
Weekly,Spring,2817,43,Female,Skirt,Clothing,28,Maryland,M,Black,3.5,No,Free Shipping,No,45,Venmo
Weekly,Winter,2818,25,Female,Backpack,Accessories,65,South Carolin,XL,Yellow,3.4,No,Standard,No,6,Venmo
Annually,Fall,2819,46,Female,Shorts,Clothing,73,California,M,Turquoi,4.7,No,Next Day Air,No,12,Debit Card
Monthly,Spring,2820,67,Female,Shirt,Clothing,27,Georgia,L,Lavende,3,No,Free Shipping,No,19,Cash
Bi-Weekly,Summer,2821,26,Female,Backpack,Accessories,89,Vermont,L,Yellow,3.9,No,Free Shipping,No,5,Cash
Monthly,Summer,2822,35,Female,Shoes,Footwear,72,Georgia,L,Olive,4.5,No,Standard,No,37,Venmo
Quarterly,Fall,2823,61,Female,Skirt,Clothing,37,New Jersey,S,Brown,4.1,No,Standard,No,33,PayPal
Bi-Weekly,Summer,2824,26,Female,Dress,Clothing,63,Utah,M,Olive,4.5,No,Standard,No,47,Debit Card
Quarterly,Fall,2825,39,Female,Hat,Accessories,90,Utah,M,Purple,4,No,Free Shipping,No,49,Debit Card
Annually,Winter,2826,69,Female,Handbag,Accessories,62,North Carolin,M,Yellow,4.3,No,2-Day Shipping,No,28,Bank Transfer
Annually,Fall,2827,32,Female,Handbag,Accessories,43,Florida,L,Brown,3.6,No,Express,No,23,Venmo
Bi-Weekly,Fall,2828,20,Female,Blouse,Clothing,96,Wisconsin,M,Magenta,3.1,No,Next Day Air,No,11,Bank Transfer
Quarterly,Fall,2829,25,Female,Scarf,Accessories,83,Tennessee,L,Lavende,2.6,No,Standard,No,33,PayPal
Weekly,Fall,2830,56,Female,Jewelry,Accessories,67,Arizona,XL,Teal,3.4,No,Next Day Air,No,47,Cash
Quarterly,Spring,2831,63,Female,Skirt,Clothing,90,Oregon,L,Cyan,2.9,No,Store Pickup,No,13,Venmo
Weekly,Winter,2832,34,Female,Hoodie,Clothing,53,Virginia,L,Pink,5,No,Express,No,4,Credit Card
Quarterly,Summer,2833,29,Female,Scarf,Accessories,37,Maryland,M,Magenta,4.6,No,Standard,No,40,PayPal
Monthly,Fall,2834,43,Female,Jeans,Clothing,56,Arkansas,M,Teal,3.3,No,Free Shipping,No,19,Cash
Weekly,Fall,2835,39,Female,Jacket,Outerwear,43,Texas,M,Indigo,2.9,No,2-Day Shipping,No,17,Credit Card
Annually,Winter,2836,33,Female,T-shirt,Clothing,84,Vermont,S,Pink,4.9,No,Free Shipping,No,7,Venmo
Bi-Weekly,Winter,2837,51,Female,Pants,Clothing,50,Wyoming,M,Charcoa,5,No,2-Day Shipping,No,21,Cash
Weekly,Summer,2838,65,Female,Shoes,Footwear,88,Alabama,M,Brown,4.5,No,Express,No,44,PayPal
Weekly,Fall,2839,51,Female,Jacket,Outerwear,50,Maine,M,Blue,3.7,No,Free Shipping,No,2,Bank Transfer
Monthly,Summer,2840,70,Female,Scarf,Accessories,80,South Dakota,L,Teal,2.8,No,Store Pickup,No,30,Bank Transfer
Annually,Spring,2841,40,Female,T-shirt,Clothing,47,West Virginia,L,Pink,3.5,No,Store Pickup,No,41,Cash
Weekly,Winter,2842,19,Female,Dress,Clothing,33,Ohio,XL,Magenta,3,No,2-Day Shipping,No,31,Cash
Quarterly,Fall,2843,28,Female,Coat,Outerwear,100,Arizona,L,Green,4.3,No,Standard,No,48,Debit Card
Weekly,Summer,2844,51,Female,Sweater,Clothing,26,Ohio,M,White,3.6,No,Store Pickup,No,41,Venmo
Annually,Summer,2845,32,Female,Hat,Accessories,79,New Mexico,M,Indigo,4.4,No,Standard,No,42,Venmo
Quarterly,Summer,2846,26,Female,Backpack,Accessories,77,South Dakota,L,Lavende,4.1,No,Express,No,39,Debit Card
Bi-Weekly,Fall,2847,50,Female,Socks,Clothing,36,Oklahoma,XL,Black,2.8,No,Next Day Air,No,15,PayPal
Quarterly,Winter,2848,68,Female,Jewelry,Accessories,21,Connecticut,L,Charcoa,2.8,No,Free Shipping,No,3,PayPal
Quarterly,Fall,2849,33,Female,Boots,Footwear,72,Wisconsin,L,Gray,4.9,No,Store Pickup,No,28,Bank Transfer
Bi-Weekly,Spring,2850,56,Female,Coat,Outerwear,25,New Hampshire,M,Gold,4.1,No,Express,No,27,PayPal
Annually,Spring,2851,57,Female,Sweater,Clothing,79,Nebraska,M,Silver,3,No,Store Pickup,No,36,Debit Card
Monthly,Summer,2852,58,Female,Blouse,Clothing,73,Nevada,L,Teal,3,No,Store Pickup,No,42,Debit Card
Weekly,Spring,2853,40,Female,Belt,Accessories,71,New York,M,Magenta,3,No,Store Pickup,No,30,Venmo
Weekly,Winter,2854,37,Female,Hat,Accessories,48,Pennsylvania,M,Magenta,3.2,No,Next Day Air,No,9,PayPal
Monthly,Fall,2855,36,Female,Sandals,Footwear,28,Delaware,M,Beige,2.7,No,Store Pickup,No,25,Venmo
Quarterly,Winter,2856,29,Female,Boots,Footwear,95,Mississippi,S,Maroon,3.8,No,2-Day Shipping,No,33,PayPal
Monthly,Winter,2857,65,Female,Jacket,Outerwear,48,Iowa,M,Indigo,3.5,No,2-Day Shipping,No,31,Credit Card
Monthly,Spring,2858,44,Female,Dress,Clothing,93,Utah,S,Maroon,3.8,No,Next Day Air,No,35,Debit Card
Monthly,Summer,2859,34,Female,Jeans,Clothing,87,Maryland,L,Teal,3.8,No,2-Day Shipping,No,46,Bank Transfer
Annually,Fall,2860,31,Female,Shorts,Clothing,32,Utah,L,Yellow,3.4,No,Express,No,29,Bank Transfer
Weekly,Spring,2861,28,Female,Shirt,Clothing,38,Rhode Island,M,Gold,2.9,No,Next Day Air,No,49,Bank Transfer
Monthly,Fall,2862,66,Female,Coat,Outerwear,54,Maryland,M,Teal,3.4,No,Free Shipping,No,27,Credit Card
Quarterly,Summer,2863,68,Female,Coat,Outerwear,75,Hawaii,S,Violet,4.7,No,Store Pickup,No,5,Bank Transfer
Monthly,Fall,2864,37,Female,T-shirt,Clothing,56,Connecticut,M,Yellow,3.9,No,2-Day Shipping,No,18,Venmo
Weekly,Fall,2865,58,Female,Sweater,Clothing,43,Illinois,S,Maroon,3.6,No,Store Pickup,No,31,Venmo
Bi-Weekly,Fall,2866,28,Female,Skirt,Clothing,97,California,M,Silver,3.7,No,Free Shipping,No,27,Cash
Annually,Summer,2867,54,Female,Blouse,Clothing,75,Connecticut,S,Violet,3.1,No,Free Shipping,No,19,Cash
Bi-Weekly,Summer,2868,21,Female,Sneakers,Footwear,55,Colorado,L,White,4.9,No,Next Day Air,No,33,Cash
Quarterly,Winter,2869,45,Female,Backpack,Accessories,49,Colorado,M,Black,2.6,No,Next Day Air,No,42,PayPal
Weekly,Summer,2870,57,Female,Socks,Clothing,58,Georgia,M,White,4.2,No,Standard,No,16,Bank Transfer
Quarterly,Winter,2871,47,Female,Jewelry,Accessories,34,North Dakota,M,Blue,4.8,No,Free Shipping,No,49,Debit Card
Bi-Weekly,Summer,2872,46,Female,Shorts,Clothing,43,Idaho,S,Black,2.7,No,2-Day Shipping,No,40,Venmo
Annually,Fall,2873,63,Female,Jewelry,Accessories,48,Connecticut,L,Olive,2.6,No,Next Day Air,No,5,Cash
Monthly,Spring,2874,44,Female,Sweater,Clothing,40,Montana,M,Teal,2.6,No,Free Shipping,No,8,Bank Transfer
Annually,Summer,2875,36,Female,Shirt,Clothing,29,Colorado,L,Silver,3.1,No,Standard,No,2,Debit Card
Weekly,Fall,2876,24,Female,Pants,Clothing,81,Kentucky,M,Pink,2.6,No,Free Shipping,No,14,Debit Card
Bi-Weekly,Spring,2877,65,Female,Hoodie,Clothing,84,New Mexico,M,Charcoa,3.4,No,2-Day Shipping,No,5,Bank Transfer
Monthly,Summer,2878,32,Female,Socks,Clothing,46,New Jersey,M,Silver,3.6,No,Standard,No,34,Venmo
Annually,Summer,2879,63,Female,Dress,Clothing,86,California,L,Turquoi,4.3,No,Next Day Air,No,13,Bank Transfer
Annually,Winter,2880,62,Female,Blouse,Clothing,57,North Dakota,XL,Turquoi,4.9,No,Free Shipping,No,31,Venmo
Quarterly,Winter,2881,19,Female,Skirt,Clothing,61,Florida,L,Beige,4.8,No,Store Pickup,No,43,PayPal
Annually,Winter,2882,38,Female,Backpack,Accessories,90,Texas,M,Cyan,4.2,No,Free Shipping,No,6,Bank Transfer
Bi-Weekly,Winter,2883,59,Female,Blouse,Clothing,51,Oklahoma,L,Gold,2.6,No,Store Pickup,No,23,Credit Card
Weekly,Spring,2884,22,Female,Socks,Clothing,48,Rhode Island,XL,Silver,3.2,No,Standard,No,10,PayPal
Quarterly,Summer,2885,55,Female,Boots,Footwear,50,Arkansas,M,Purple,3.4,No,2-Day Shipping,No,47,Credit Card
Bi-Weekly,Summer,2886,29,Female,Backpack,Accessories,82,Nevada,M,Yellow,3.5,No,Next Day Air,No,14,Credit Card
Weekly,Spring,2887,42,Female,Hat,Accessories,33,Utah,L,Blue,4.2,No,Free Shipping,No,29,PayPal
Bi-Weekly,Winter,2888,23,Female,Sandals,Footwear,28,Kentucky,L,Blue,2.8,No,Express,No,12,Cash
Quarterly,Spring,2889,70,Female,Hoodie,Clothing,42,Wisconsin,L,Green,5,No,2-Day Shipping,No,25,Debit Card
Annually,Fall,2890,64,Female,Sunglasses,Accessories,43,Minnesota,M,Charcoa,3.3,No,Store Pickup,No,21,Venmo
Monthly,Winter,2891,39,Female,Jeans,Clothing,55,North Dakota,M,Violet,3.7,No,Free Shipping,No,23,Credit Card
Monthly,Winter,2892,47,Female,T-shirt,Clothing,73,Ohio,XL,Black,2.5,No,Free Shipping,No,10,PayPal
Monthly,Spring,2893,22,Female,Dress,Clothing,39,Nevada,M,Teal,3.2,No,Standard,No,47,Credit Card
Quarterly,Spring,2894,69,Female,Belt,Accessories,20,Kentucky,S,Orange,3.1,No,Free Shipping,No,44,Debit Card
Annually,Spring,2895,35,Female,Jewelry,Accessories,32,Kentucky,S,Brown,3.5,No,Standard,No,41,Venmo
Monthly,Summer,2896,56,Female,Hoodie,Clothing,86,Montana,L,Green,4.6,No,Standard,No,29,Bank Transfer
Quarterly,Summer,2897,30,Female,Blouse,Clothing,91,Delaware,M,Silver,3.3,No,Free Shipping,No,2,Venmo
Bi-Weekly,Fall,2898,43,Female,Jacket,Outerwear,59,Montana,L,Violet,2.5,No,Free Shipping,No,2,Cash
Annually,Summer,2899,23,Female,Sneakers,Footwear,33,New Jersey,XL,Peach,4.6,No,Express,No,29,Credit Card
Bi-Weekly,Spring,2900,50,Female,Boots,Footwear,64,Nebraska,M,Gold,4.2,No,2-Day Shipping,No,22,Bank Transfer
Bi-Weekly,Winter,2901,41,Female,Blouse,Clothing,67,Maryland,XL,Violet,4,No,Standard,No,23,Cash
Quarterly,Winter,2902,41,Female,Blouse,Clothing,43,Alabama,L,Olive,2.6,No,Free Shipping,No,46,Credit Card
Bi-Weekly,Spring,2903,27,Female,Boots,Footwear,32,North Carolin,S,Orange,4.6,No,Standard,No,19,PayPal
Quarterly,Spring,2904,38,Female,Scarf,Accessories,39,Delaware,S,Teal,3.5,No,2-Day Shipping,No,24,Credit Card
Monthly,Spring,2905,41,Female,Sandals,Footwear,41,Iowa,M,Gray,4,No,2-Day Shipping,No,43,Venmo
Bi-Weekly,Winter,2906,58,Female,Sunglasses,Accessories,53,New York,L,Black,4.8,No,Standard,No,14,Debit Card
Annually,Spring,2907,58,Female,Coat,Outerwear,27,Virginia,M,Indigo,3.9,No,Standard,No,7,Venmo
Bi-Weekly,Summer,2908,19,Female,Sunglasses,Accessories,82,Maryland,XL,Lavende,3.7,No,Next Day Air,No,50,PayPal
Quarterly,Winter,2909,43,Female,Blouse,Clothing,87,Texas,M,Beige,3.1,No,Store Pickup,No,15,Debit Card
Quarterly,Winter,2910,27,Female,Backpack,Accessories,78,Louisiana,M,Indigo,3,No,Next Day Air,No,40,Credit Card
Monthly,Summer,2911,32,Female,Belt,Accessories,32,Mississippi,M,Blue,2.9,No,Store Pickup,No,41,Credit Card
Quarterly,Fall,2912,28,Female,Socks,Clothing,38,Ohio,XL,Orange,2.9,No,Next Day Air,No,34,Venmo
Bi-Weekly,Winter,2913,48,Female,Shoes,Footwear,37,Oregon,M,Yellow,4,No,Standard,No,27,Cash
Quarterly,Winter,2914,43,Female,Coat,Outerwear,83,Wyoming,L,Cyan,3.5,No,Express,No,12,Cash
Bi-Weekly,Fall,2915,45,Female,Sweater,Clothing,72,Pennsylvania,M,Yellow,3.8,No,Express,No,1,Debit Card
Bi-Weekly,Fall,2916,26,Female,Shirt,Clothing,30,Oregon,M,Cyan,4.5,No,Express,No,39,Debit Card
Bi-Weekly,Winter,2917,62,Female,Shorts,Clothing,66,Oklahoma,M,Green,2.7,No,Express,No,13,Credit Card
Annually,Winter,2918,58,Female,Shirt,Clothing,45,Colorado,XL,White,2.9,No,Store Pickup,No,50,Venmo
Weekly,Fall,2919,19,Female,Sunglasses,Accessories,73,New York,S,Black,4.9,No,Free Shipping,No,36,Cash
Monthly,Winter,2920,64,Female,Shoes,Footwear,67,Minnesota,L,Charcoa,3.8,No,Standard,No,31,Debit Card
Bi-Weekly,Spring,2921,33,Female,Sunglasses,Accessories,72,Texas,XL,Brown,4.9,No,Free Shipping,No,3,Debit Card
Bi-Weekly,Fall,2922,20,Female,Handbag,Accessories,24,Wisconsin,M,Cyan,4.6,No,Standard,No,11,Cash
Quarterly,Winter,2923,45,Female,Sunglasses,Accessories,68,Kentucky,L,Beige,3.5,No,Express,No,16,PayPal
Quarterly,Spring,2924,28,Female,Shirt,Clothing,70,Pennsylvania,M,Magenta,4.2,No,2-Day Shipping,No,12,Cash
Quarterly,Winter,2925,47,Female,Shirt,Clothing,64,Rhode Island,L,Indigo,3.7,No,Free Shipping,No,37,Debit Card
Quarterly,Spring,2926,54,Female,Sweater,Clothing,91,Illinois,M,Maroon,2.8,No,Store Pickup,No,43,Credit Card
Weekly,Winter,2927,64,Female,Handbag,Accessories,82,Maryland,M,Gray,4.8,No,2-Day Shipping,No,9,Cash
Bi-Weekly,Summer,2928,45,Female,Shirt,Clothing,24,Missouri,M,Black,2.7,No,Express,No,15,Venmo
Weekly,Spring,2929,40,Female,Jewelry,Accessories,80,Alabama,L,Yellow,3.6,No,Store Pickup,No,17,Credit Card
Bi-Weekly,Winter,2930,31,Female,Socks,Clothing,53,Maine,XL,White,4.5,No,Next Day Air,No,42,Venmo
Monthly,Spring,2931,38,Female,T-shirt,Clothing,50,Mississippi,M,Orange,4,No,Free Shipping,No,14,Venmo
Bi-Weekly,Fall,2932,36,Female,Jewelry,Accessories,31,Alabama,M,Magenta,4.5,No,2-Day Shipping,No,49,Credit Card
Quarterly,Spring,2933,65,Female,Backpack,Accessories,88,Alaska,L,Black,3.9,No,Express,No,3,PayPal
Monthly,Summer,2934,27,Female,Hat,Accessories,52,Illinois,M,Brown,3.8,No,Standard,No,28,Venmo
Quarterly,Fall,2935,38,Female,Gloves,Accessories,22,Idaho,M,Orange,4.7,No,Next Day Air,No,41,Bank Transfer
Weekly,Spring,2936,58,Female,Sneakers,Footwear,27,North Carolin,XL,Gray,4.6,No,Standard,No,11,Venmo
Weekly,Spring,2937,31,Female,Skirt,Clothing,34,Washington,M,White,3.6,No,Express,No,46,PayPal
Weekly,Spring,2938,28,Female,Handbag,Accessories,39,West Virginia,M,White,4.3,No,2-Day Shipping,No,15,Credit Card
Monthly,Fall,2939,28,Female,Sunglasses,Accessories,53,Maine,M,Violet,3,No,Standard,No,15,Cash
Weekly,Winter,2940,32,Female,Sweater,Clothing,46,Kentucky,M,Beige,4.3,No,Express,No,34,Venmo
Monthly,Summer,2941,61,Female,Handbag,Accessories,85,Massachusetts,L,Beige,4.8,No,Next Day Air,No,13,Cash
Monthly,Spring,2942,38,Female,Skirt,Clothing,86,Pennsylvania,L,Purple,3.7,No,Free Shipping,No,27,PayPal
Weekly,Summer,2943,54,Female,Socks,Clothing,63,Hawaii,M,Brown,2.6,No,Free Shipping,No,37,Bank Transfer
Monthly,Spring,2944,29,Female,Shirt,Clothing,44,Virginia,M,Orange,3.4,No,Standard,No,37,Credit Card
Quarterly,Summer,2945,50,Female,Sneakers,Footwear,95,New York,XL,Cyan,3.9,No,Free Shipping,No,4,Venmo
Quarterly,Summer,2946,32,Female,Belt,Accessories,49,Delaware,M,Charcoa,4.8,No,Free Shipping,No,1,Credit Card
Quarterly,Spring,2947,38,Female,Pants,Clothing,77,Hawaii,L,Purple,2.8,No,Free Shipping,No,29,Bank Transfer
Annually,Spring,2948,52,Female,Jewelry,Accessories,63,Nebraska,L,Peach,4.4,No,Standard,No,50,Venmo
Bi-Weekly,Winter,2949,61,Female,Pants,Clothing,83,Vermont,M,Violet,3.1,No,Standard,No,38,Debit Card
Annually,Spring,2950,25,Female,Jewelry,Accessories,93,Iowa,M,Peach,3.8,No,Store Pickup,No,15,PayPal
Quarterly,Winter,2951,22,Female,Jeans,Clothing,91,Iowa,S,Maroon,4.1,No,2-Day Shipping,No,44,Debit Card
Weekly,Fall,2952,47,Female,Scarf,Accessories,99,Arkansas,L,Maroon,4.6,No,Free Shipping,No,14,Cash
Monthly,Spring,2953,50,Female,Belt,Accessories,24,Alabama,M,Peach,4.9,No,Next Day Air,No,5,Debit Card
Annually,Summer,2954,45,Female,Dress,Clothing,82,Maryland,M,Silver,4.8,No,Next Day Air,No,11,Credit Card
Annually,Winter,2955,33,Female,T-shirt,Clothing,28,South Dakota,M,Indigo,3.9,No,Express,No,15,Credit Card
Annually,Winter,2956,42,Female,Boots,Footwear,67,Vermont,M,Silver,2.6,No,Free Shipping,No,46,Credit Card
Monthly,Fall,2957,52,Female,Dress,Clothing,88,Montana,M,Olive,3.7,No,Standard,No,30,Venmo
Annually,Fall,2958,69,Female,Jewelry,Accessories,70,South Dakota,S,Gray,4.7,No,Standard,No,2,Cash
Monthly,Summer,2959,55,Female,Skirt,Clothing,100,Ohio,M,Black,4.5,No,Standard,No,28,PayPal
Quarterly,Summer,2960,38,Female,Handbag,Accessories,28,Texas,L,Maroon,4.7,No,Free Shipping,No,9,PayPal
Weekly,Spring,2961,57,Female,Coat,Outerwear,48,Indiana,S,Olive,3.6,No,Standard,No,47,Credit Card
Bi-Weekly,Fall,2962,33,Female,Hoodie,Clothing,43,New Hampshire,S,Gold,2.8,No,Free Shipping,No,21,Debit Card
Quarterly,Fall,2963,57,Female,Pants,Clothing,40,California,L,Pink,4,No,Express,No,42,Credit Card
Weekly,Spring,2964,52,Female,Boots,Footwear,97,Maine,M,Brown,3.6,No,Free Shipping,No,28,Credit Card
Bi-Weekly,Fall,2965,44,Female,Coat,Outerwear,25,Ohio,S,White,3.8,No,2-Day Shipping,No,13,Venmo
Bi-Weekly,Summer,2966,48,Female,Scarf,Accessories,45,Delaware,M,Blue,4.4,No,Standard,No,25,PayPal
Quarterly,Fall,2967,52,Female,Boots,Footwear,49,Oklahoma,L,Orange,2.8,No,Store Pickup,No,38,Debit Card
Annually,Summer,2968,34,Female,Sneakers,Footwear,36,Indiana,L,Silver,3.4,No,Free Shipping,No,40,Venmo
Quarterly,Fall,2969,26,Female,Sweater,Clothing,48,South Carolin,S,Gray,4.9,No,Express,No,25,Cash
Quarterly,Fall,2970,36,Female,Belt,Accessories,62,Vermont,S,Blue,4.3,No,Next Day Air,No,20,Cash
Bi-Weekly,Winter,2971,24,Female,Jewelry,Accessories,74,Kansas,M,White,3.4,No,Free Shipping,No,44,Credit Card
Quarterly,Fall,2972,30,Female,Handbag,Accessories,100,Utah,L,Yellow,3.9,No,Next Day Air,No,9,PayPal
Quarterly,Fall,2973,31,Female,Jacket,Outerwear,39,New York,S,Indigo,4.2,No,Free Shipping,No,11,Venmo
Bi-Weekly,Summer,2974,25,Female,Boots,Footwear,65,Indiana,M,Blue,2.7,No,Store Pickup,No,3,Bank Transfer
Weekly,Summer,2975,57,Female,Sneakers,Footwear,99,Tennessee,XL,Peach,4.1,No,Store Pickup,No,34,Credit Card
Quarterly,Winter,2976,61,Female,Scarf,Accessories,68,Georgia,XL,Lavende,4.5,No,2-Day Shipping,No,48,Cash
Bi-Weekly,Summer,2977,30,Female,Coat,Outerwear,97,Nebraska,M,Silver,2.8,No,Express,No,28,Cash
Annually,Winter,2978,38,Female,Shorts,Clothing,47,Washington,L,Gold,3.4,No,Standard,No,20,Venmo
Bi-Weekly,Spring,2979,53,Female,Shorts,Clothing,56,Idaho,S,Cyan,3.9,No,Free Shipping,No,49,Bank Transfer
Weekly,Fall,2980,31,Female,Jeans,Clothing,91,Louisiana,L,Olive,2.6,No,Next Day Air,No,14,PayPal
Monthly,Fall,2981,70,Female,Gloves,Accessories,93,New Jersey,L,Teal,4.4,No,2-Day Shipping,No,9,Bank Transfer
Annually,Winter,2982,21,Female,Pants,Clothing,36,Delaware,L,Pink,4.9,No,Standard,No,37,Venmo
Weekly,Summer,2983,33,Female,Dress,Clothing,45,Wisconsin,M,Orange,3.6,No,Store Pickup,No,4,Credit Card
Quarterly,Winter,2984,60,Female,Pants,Clothing,44,West Virginia,M,Charcoa,2.8,No,2-Day Shipping,No,1,Credit Card
Bi-Weekly,Spring,2985,45,Female,Gloves,Accessories,32,Texas,L,Red,4.3,No,2-Day Shipping,No,36,Debit Card
Bi-Weekly,Summer,2986,46,Female,Belt,Accessories,36,Hawaii,S,Teal,3,No,Express,No,21,Cash
Monthly,Summer,2987,62,Female,Belt,Accessories,85,Arizona,S,Silver,3.3,No,2-Day Shipping,No,16,Credit Card
Monthly,Winter,2988,63,Female,Skirt,Clothing,36,Louisiana,L,Black,2.5,No,Store Pickup,No,42,Cash
Monthly,Spring,2989,69,Female,Socks,Clothing,55,Nevada,S,Pink,5,No,2-Day Shipping,No,31,Debit Card
Weekly,Summer,2990,46,Female,Belt,Accessories,20,Rhode Island,XL,Teal,4.3,No,2-Day Shipping,No,6,Credit Card
Monthly,Fall,2991,69,Female,Shirt,Clothing,91,Illinois,M,Teal,4.2,No,Free Shipping,No,24,Venmo
Bi-Weekly,Summer,2992,66,Female,Dress,Clothing,71,Utah,L,Green,3.9,No,Standard,No,7,PayPal
Weekly,Spring,2993,41,Female,Socks,Clothing,64,North Dakota,M,Charcoa,3.9,No,Store Pickup,No,25,Venmo
Bi-Weekly,Spring,2994,32,Female,Jacket,Outerwear,21,Kansas,L,Indigo,4.2,No,Free Shipping,No,18,Cash
Quarterly,Winter,2995,69,Female,Sweater,Clothing,100,Nevada,S,White,3.5,No,Store Pickup,No,14,Bank Transfer
Bi-Weekly,Summer,2996,29,Female,Jeans,Clothing,96,Virginia,M,Orange,2.5,No,Standard,No,42,Debit Card
Quarterly,Spring,2997,70,Female,Jewelry,Accessories,91,Utah,M,White,2.9,No,Express,No,6,Venmo
Quarterly,Spring,2998,41,Female,Sweater,Clothing,40,Idaho,S,Yellow,2.7,No,Next Day Air,No,14,Venmo
Quarterly,Summer,2999,31,Female,Hoodie,Clothing,53,Alaska,M,Red,4.7,No,Express,No,30,Debit Card
Monthly,Winter,3000,31,Female,Sunglasses,Accessories,48,New Hampshire,S,Charcoa,3.8,No,Standard,No,10,Cash
Weekly,Winter,3001,57,Female,Sandals,Footwear,70,Ohio,M,Lavende,3.7,No,Express,No,7,PayPal
Quarterly,Summer,3002,29,Female,Coat,Outerwear,29,Montana,L,Charcoa,4.7,No,Express,No,28,Credit Card
Quarterly,Fall,3003,70,Female,Belt,Accessories,29,Louisiana,M,Maroon,3.6,No,Next Day Air,No,19,Bank Transfer
Quarterly,Fall,3004,51,Female,Blouse,Clothing,53,Oregon,M,Brown,2.8,No,Express,No,13,Credit Card
Bi-Weekly,Winter,3005,45,Female,Skirt,Clothing,79,Arizona,M,Lavende,3.7,No,Store Pickup,No,23,Venmo
Weekly,Spring,3006,18,Female,Shorts,Clothing,65,Alaska,XL,Brown,3.5,No,Express,No,5,Venmo
Bi-Weekly,Summer,3007,37,Female,Dress,Clothing,99,Utah,M,Olive,3.7,No,Store Pickup,No,17,Venmo
Weekly,Winter,3008,23,Female,Sunglasses,Accessories,60,New York,L,Lavende,3,No,Next Day Air,No,31,Venmo
Weekly,Winter,3009,39,Female,Shoes,Footwear,86,New Mexico,M,Gold,4.9,No,Free Shipping,No,19,PayPal
Bi-Weekly,Winter,3010,62,Female,Belt,Accessories,73,Louisiana,M,Silver,4.6,No,Free Shipping,No,8,Venmo
Annually,Winter,3011,70,Female,Belt,Accessories,45,Ohio,M,Violet,3.3,No,Free Shipping,No,15,Credit Card
Quarterly,Summer,3012,20,Female,Belt,Accessories,70,Nevada,S,Brown,3,No,Next Day Air,No,18,Credit Card
Annually,Fall,3013,42,Female,Belt,Accessories,65,Idaho,M,Teal,3.5,No,Standard,No,16,PayPal
Monthly,Summer,3014,41,Female,Skirt,Clothing,55,Arizona,L,Peach,4.2,No,Store Pickup,No,13,Cash
Quarterly,Spring,3015,24,Female,T-shirt,Clothing,65,Utah,M,Maroon,4.5,No,Express,No,38,PayPal
Bi-Weekly,Spring,3016,37,Female,Scarf,Accessories,21,Wyoming,XL,Lavende,2.8,No,Express,No,27,Bank Transfer
Quarterly,Summer,3017,30,Female,Blouse,Clothing,26,Indiana,L,Lavende,4.9,No,Store Pickup,No,31,Bank Transfer
Bi-Weekly,Summer,3018,58,Female,Sunglasses,Accessories,71,Wisconsin,S,Purple,3.3,No,Next Day Air,No,24,Cash
Bi-Weekly,Summer,3019,43,Female,Boots,Footwear,41,Texas,M,Green,3,No,Free Shipping,No,21,Debit Card
Annually,Winter,3020,19,Female,Jacket,Outerwear,44,Utah,M,Yellow,3.9,No,2-Day Shipping,No,15,PayPal
Quarterly,Fall,3021,23,Female,Jeans,Clothing,81,Arkansas,S,Charcoa,2.8,No,Store Pickup,No,48,Venmo
Quarterly,Summer,3022,65,Female,Sunglasses,Accessories,77,Pennsylvania,S,Blue,4.5,No,2-Day Shipping,No,47,Cash
Weekly,Fall,3023,58,Female,Sandals,Footwear,26,Georgia,M,Lavende,4,No,Free Shipping,No,23,PayPal
Quarterly,Summer,3024,50,Female,Backpack,Accessories,31,Indiana,M,Brown,2.9,No,Express,No,4,PayPal
Quarterly,Spring,3025,67,Female,Blouse,Clothing,82,Idaho,S,White,4,No,Free Shipping,No,47,Credit Card
Monthly,Summer,3026,40,Female,Shoes,Footwear,60,Montana,XL,Green,3.4,No,Store Pickup,No,7,PayPal
Annually,Fall,3027,55,Female,Shirt,Clothing,70,Tennessee,L,Magenta,2.5,No,Free Shipping,No,6,Credit Card
Quarterly,Winter,3028,52,Female,Hoodie,Clothing,26,West Virginia,XL,Peach,2.8,No,2-Day Shipping,No,47,Credit Card
Quarterly,Summer,3029,62,Female,Dress,Clothing,100,California,L,Charcoa,3,No,Free Shipping,No,7,PayPal
Quarterly,Summer,3030,64,Female,Dress,Clothing,82,Georgia,M,Gold,3.1,No,Free Shipping,No,1,Debit Card
Weekly,Spring,3031,43,Female,Sneakers,Footwear,24,Maryland,XL,Purple,2.6,No,2-Day Shipping,No,23,Credit Card
Monthly,Summer,3032,61,Female,Blouse,Clothing,74,Idaho,L,Teal,4.9,No,2-Day Shipping,No,30,Credit Card
Quarterly,Summer,3033,26,Female,Backpack,Accessories,58,California,XL,Green,3.5,No,Next Day Air,No,24,Credit Card
Weekly,Spring,3034,22,Female,Sweater,Clothing,56,Alabama,L,Orange,2.6,No,Store Pickup,No,9,PayPal
Quarterly,Spring,3035,51,Female,Boots,Footwear,37,Utah,L,Peach,3.5,No,2-Day Shipping,No,25,Credit Card
Bi-Weekly,Spring,3036,69,Female,Handbag,Accessories,64,Kentucky,M,Gold,4.5,No,Free Shipping,No,18,Cash
Bi-Weekly,Spring,3037,50,Female,Hoodie,Clothing,58,Vermont,S,Violet,4.3,No,Next Day Air,No,7,Venmo
Annually,Summer,3038,51,Female,Belt,Accessories,44,Iowa,L,Charcoa,4.8,No,Next Day Air,No,2,Cash
Annually,Summer,3039,56,Female,Jewelry,Accessories,39,Georgia,M,Brown,4.2,No,Free Shipping,No,36,Debit Card
Bi-Weekly,Spring,3040,59,Female,Blouse,Clothing,48,Alabama,L,Blue,3.2,No,Next Day Air,No,31,PayPal
Bi-Weekly,Fall,3041,18,Female,Handbag,Accessories,32,Nebraska,M,Gold,4.1,No,Express,No,10,Cash
Monthly,Winter,3042,48,Female,Handbag,Accessories,79,Rhode Island,M,Orange,4,No,Express,No,27,PayPal
Quarterly,Winter,3043,53,Female,Coat,Outerwear,27,South Dakota,L,Turquoi,2.9,No,Next Day Air,No,14,PayPal
Monthly,Fall,3044,45,Female,Belt,Accessories,98,Illinois,S,Peach,2.6,No,Store Pickup,No,17,Credit Card
Quarterly,Winter,3045,21,Female,Boots,Footwear,67,North Carolin,M,Magenta,2.7,No,Free Shipping,No,10,Bank Transfer
Bi-Weekly,Winter,3046,42,Female,Socks,Clothing,37,Florida,L,Black,4.6,No,2-Day Shipping,No,4,PayPal
Quarterly,Spring,3047,60,Female,Shoes,Footwear,49,Pennsylvania,M,White,3.2,No,Store Pickup,No,25,Cash
Bi-Weekly,Fall,3048,21,Female,Sneakers,Footwear,74,Vermont,M,Violet,4.1,No,2-Day Shipping,No,3,PayPal
Bi-Weekly,Summer,3049,69,Female,Jewelry,Accessories,93,Colorado,M,Olive,3.9,No,Standard,No,47,Venmo
Bi-Weekly,Summer,3050,40,Female,Handbag,Accessories,60,Utah,L,Red,3,No,Next Day Air,No,41,Bank Transfer
Quarterly,Spring,3051,31,Female,Coat,Outerwear,76,Kentucky,S,Green,3.6,No,Standard,No,28,Venmo
Quarterly,Summer,3052,44,Female,Sunglasses,Accessories,64,Wyoming,L,Gold,4.6,No,Express,No,49,Debit Card
Bi-Weekly,Spring,3053,48,Female,Shoes,Footwear,38,Maine,XL,Olive,4.5,No,Store Pickup,No,7,Bank Transfer
Monthly,Winter,3054,32,Female,Shoes,Footwear,91,Maine,L,Brown,3.2,No,Next Day Air,No,22,Bank Transfer
Monthly,Summer,3055,42,Female,Boots,Footwear,70,New Hampshire,S,Magenta,4.9,No,2-Day Shipping,No,34,Venmo
Bi-Weekly,Fall,3056,27,Female,Sandals,Footwear,22,Kansas,M,Violet,5,No,Standard,No,5,Debit Card
Bi-Weekly,Spring,3057,69,Female,Gloves,Accessories,59,New Jersey,M,Beige,3.8,No,Standard,No,15,Cash
Weekly,Spring,3058,67,Female,Backpack,Accessories,22,North Carolin,M,Blue,3.4,No,Next Day Air,No,26,Bank Transfer
Bi-Weekly,Winter,3059,41,Female,Handbag,Accessories,74,West Virginia,S,Orange,3.8,No,Store Pickup,No,3,Bank Transfer
Quarterly,Spring,3060,46,Female,Sweater,Clothing,71,Kentucky,L,Maroon,3.2,No,Express,No,42,Credit Card
Monthly,Summer,3061,47,Female,Coat,Outerwear,80,California,S,Charcoa,4.7,No,Store Pickup,No,1,Venmo
Quarterly,Fall,3062,33,Female,T-shirt,Clothing,59,South Dakota,L,Olive,4.5,No,Express,No,20,PayPal
Monthly,Fall,3063,51,Female,Backpack,Accessories,96,California,L,Green,3.3,No,Standard,No,39,PayPal
Bi-Weekly,Winter,3064,26,Female,Sunglasses,Accessories,43,Connecticut,L,Brown,3.9,No,Store Pickup,No,24,Credit Card
Quarterly,Winter,3065,22,Female,Belt,Accessories,76,Idaho,S,Cyan,3.6,No,Express,No,49,Bank Transfer
Bi-Weekly,Fall,3066,49,Female,Jacket,Outerwear,59,North Dakota,M,Beige,2.8,No,Store Pickup,No,7,Venmo
Quarterly,Summer,3067,58,Female,Skirt,Clothing,48,Michigan,L,Teal,4.3,No,Free Shipping,No,13,Venmo
Weekly,Spring,3068,70,Female,Belt,Accessories,22,Missouri,S,Gray,3.5,No,Free Shipping,No,2,Cash
Weekly,Winter,3069,32,Female,Boots,Footwear,40,California,M,Indigo,4.2,No,Express,No,4,Debit Card
Quarterly,Spring,3070,62,Female,Jeans,Clothing,73,Delaware,L,Magenta,4.6,No,Express,No,17,Debit Card
Bi-Weekly,Fall,3071,52,Female,Shoes,Footwear,26,Alabama,XL,Red,2.6,No,Free Shipping,No,43,PayPal
Monthly,Spring,3072,23,Female,Sweater,Clothing,41,New Hampshire,L,Turquoi,3.4,No,Next Day Air,No,6,PayPal
Quarterly,Spring,3073,26,Female,Jewelry,Accessories,98,New York,L,Peach,3.1,No,Standard,No,46,PayPal
Bi-Weekly,Winter,3074,58,Female,Shirt,Clothing,63,Oregon,L,White,3.6,No,Free Shipping,No,7,Debit Card
Bi-Weekly,Winter,3075,26,Female,Boots,Footwear,55,Massachusetts,L,Maroon,4.2,No,Next Day Air,No,34,Debit Card
Quarterly,Winter,3076,54,Female,Shorts,Clothing,90,Utah,XL,Beige,3.6,No,Standard,No,21,PayPal
Bi-Weekly,Summer,3077,66,Female,Handbag,Accessories,46,New Hampshire,M,Blue,3.6,No,Express,No,13,Venmo
Bi-Weekly,Spring,3078,60,Female,Sweater,Clothing,88,Illinois,S,Red,3,No,Store Pickup,No,33,Debit Card
Bi-Weekly,Spring,3079,32,Female,Belt,Accessories,95,Alaska,M,Blue,2.5,No,2-Day Shipping,No,24,Bank Transfer
Annually,Fall,3080,48,Female,Belt,Accessories,31,Wyoming,M,Maroon,4,No,Store Pickup,No,4,Bank Transfer
Bi-Weekly,Spring,3081,69,Female,Hoodie,Clothing,42,Colorado,L,Yellow,4.1,No,Next Day Air,No,5,Cash
Weekly,Winter,3082,64,Female,Sneakers,Footwear,44,Vermont,L,Pink,4.9,No,Next Day Air,No,11,Credit Card
Annually,Spring,3083,56,Female,T-shirt,Clothing,99,Utah,M,Maroon,4,No,Next Day Air,No,20,Bank Transfer
Quarterly,Summer,3084,22,Female,Pants,Clothing,20,Illinois,S,Purple,3.5,No,Store Pickup,No,28,PayPal
Monthly,Spring,3085,46,Female,Scarf,Accessories,37,Idaho,S,Indigo,3.2,No,Store Pickup,No,43,PayPal
Quarterly,Winter,3086,24,Female,Sweater,Clothing,50,Nevada,L,Gray,2.8,No,Store Pickup,No,10,Venmo
Quarterly,Summer,3087,47,Female,Handbag,Accessories,73,Utah,M,Lavende,3.5,No,Next Day Air,No,26,Venmo
Monthly,Spring,3088,62,Female,Shirt,Clothing,84,North Carolin,M,Charcoa,3.1,No,Free Shipping,No,29,Bank Transfer
Quarterly,Spring,3089,34,Female,Dress,Clothing,64,Arkansas,M,Teal,3.3,No,Store Pickup,No,35,Bank Transfer
Bi-Weekly,Fall,3090,50,Female,Sandals,Footwear,21,North Carolin,L,Blue,4.6,No,Free Shipping,No,23,Cash
Quarterly,Summer,3091,29,Female,Shirt,Clothing,36,Texas,M,Peach,4.9,No,Store Pickup,No,15,Bank Transfer
Annually,Winter,3092,68,Female,Dress,Clothing,81,Nevada,L,Orange,3.4,No,2-Day Shipping,No,46,Credit Card
Bi-Weekly,Fall,3093,52,Female,Sunglasses,Accessories,54,Utah,L,Silver,3.5,No,Next Day Air,No,14,Bank Transfer
Quarterly,Summer,3094,29,Female,Socks,Clothing,63,Pennsylvania,L,Red,4.8,No,Store Pickup,No,17,Cash
Weekly,Summer,3095,22,Female,Sandals,Footwear,59,Georgia,M,Gray,2.7,No,Store Pickup,No,9,Cash
Bi-Weekly,Fall,3096,62,Female,Hat,Accessories,53,Minnesota,S,Beige,3.4,No,Standard,No,13,Venmo
Monthly,Winter,3097,69,Female,Shirt,Clothing,63,Kansas,L,White,3.5,No,Next Day Air,No,20,Bank Transfer
Quarterly,Fall,3098,48,Female,Shoes,Footwear,33,Delaware,M,Silver,3.7,No,Free Shipping,No,39,Bank Transfer
Quarterly,Summer,3099,66,Female,Pants,Clothing,64,New Mexico,L,Cyan,3.3,No,Next Day Air,No,50,Bank Transfer
Bi-Weekly,Fall,3100,42,Female,Shirt,Clothing,98,Michigan,S,Maroon,2.9,No,Free Shipping,No,21,Bank Transfer
Weekly,Winter,3101,50,Female,Hat,Accessories,85,Vermont,L,Purple,3.9,No,Express,No,3,Bank Transfer
Bi-Weekly,Summer,3102,32,Female,Jewelry,Accessories,82,Idaho,S,Brown,2.7,No,Express,No,9,PayPal
Bi-Weekly,Summer,3103,51,Female,Jacket,Outerwear,85,South Dakota,M,Green,4.3,No,Standard,No,29,Cash
Weekly,Winter,3104,27,Female,Shirt,Clothing,37,Illinois,S,Peach,3,No,2-Day Shipping,No,42,Bank Transfer
Bi-Weekly,Summer,3105,43,Female,Pants,Clothing,56,Georgia,S,Turquoi,5,No,2-Day Shipping,No,41,Debit Card
Monthly,Fall,3106,48,Female,Skirt,Clothing,33,Oregon,M,Olive,2.7,No,Express,No,17,Debit Card
Annually,Winter,3107,62,Female,Sandals,Footwear,57,Alabama,M,Yellow,4.7,No,Next Day Air,No,20,PayPal
Bi-Weekly,Winter,3108,65,Female,Blouse,Clothing,31,Hawaii,L,Gray,4.6,No,Standard,No,18,Credit Card
Monthly,Fall,3109,50,Female,Socks,Clothing,69,Oregon,M,Purple,3.2,No,2-Day Shipping,No,7,PayPal
Bi-Weekly,Winter,3110,60,Female,Jacket,Outerwear,92,Illinois,M,Gray,4.3,No,Free Shipping,No,47,Bank Transfer
Bi-Weekly,Fall,3111,19,Female,Handbag,Accessories,46,Texas,L,Lavende,4.6,No,Next Day Air,No,2,Bank Transfer
Quarterly,Spring,3112,21,Female,Belt,Accessories,81,Kansas,XL,Indigo,4.9,No,Free Shipping,No,25,Debit Card
Annually,Fall,3113,19,Female,Blouse,Clothing,97,Texas,S,Green,3.8,No,Express,No,26,Venmo
Weekly,Summer,3114,46,Female,Shirt,Clothing,93,Nebraska,L,Green,2.6,No,Express,No,2,Debit Card
Bi-Weekly,Spring,3115,21,Female,Handbag,Accessories,56,Arkansas,M,Olive,4.7,No,Store Pickup,No,45,Venmo
Bi-Weekly,Fall,3116,26,Female,Scarf,Accessories,53,South Dakota,M,Charcoa,4.1,No,Free Shipping,No,9,Bank Transfer
Weekly,Spring,3117,50,Female,Coat,Outerwear,66,Montana,L,Gray,3.7,No,Store Pickup,No,1,Venmo
Bi-Weekly,Fall,3118,43,Female,Hoodie,Clothing,50,Florida,M,Olive,3,No,Free Shipping,No,4,PayPal
Quarterly,Summer,3119,61,Female,Shorts,Clothing,97,Virginia,L,Blue,4.7,No,Standard,No,31,Debit Card
Quarterly,Winter,3120,63,Female,Sandals,Footwear,79,Louisiana,XL,Silver,4.7,No,2-Day Shipping,No,21,Credit Card
Bi-Weekly,Fall,3121,46,Female,Shirt,Clothing,76,Louisiana,M,Magenta,4,No,Store Pickup,No,32,Debit Card
Weekly,Fall,3122,63,Female,Hoodie,Clothing,38,Louisiana,L,Black,2.6,No,Standard,No,16,Venmo
Bi-Weekly,Fall,3123,23,Female,Socks,Clothing,45,Georgia,M,Pink,3,No,Express,No,34,Credit Card
Bi-Weekly,Fall,3124,57,Female,Handbag,Accessories,77,Iowa,XL,Red,3.3,No,Next Day Air,No,40,Venmo
Quarterly,Summer,3125,57,Female,Jewelry,Accessories,51,California,M,Peach,3.4,No,Standard,No,4,Cash
Quarterly,Spring,3126,33,Female,Coat,Outerwear,26,Oregon,L,Lavende,4,No,Standard,No,3,Cash
Bi-Weekly,Winter,3127,57,Female,Sunglasses,Accessories,76,Maine,L,Lavende,2.6,No,Store Pickup,No,28,Bank Transfer
Quarterly,Winter,3128,55,Female,Gloves,Accessories,94,Louisiana,M,Beige,3.4,No,Free Shipping,No,43,Credit Card
Annually,Fall,3129,65,Female,Jacket,Outerwear,32,Arkansas,S,Indigo,4.4,No,Standard,No,20,Cash
Quarterly,Summer,3130,60,Female,Sandals,Footwear,20,Maryland,S,Cyan,4.7,No,Express,No,40,Venmo
Quarterly,Summer,3131,52,Female,Pants,Clothing,20,Vermont,M,Yellow,4.5,No,Store Pickup,No,34,Venmo
Quarterly,Fall,3132,34,Female,Jacket,Outerwear,59,North Dakota,M,Peach,2.9,No,Store Pickup,No,11,Bank Transfer
Quarterly,Summer,3133,33,Female,Sweater,Clothing,97,Michigan,M,Yellow,4.2,No,Express,No,26,Cash
Bi-Weekly,Spring,3134,58,Female,T-shirt,Clothing,68,Arkansas,M,Orange,4.1,No,Next Day Air,No,29,Cash
Weekly,Spring,3135,35,Female,Boots,Footwear,66,Kentucky,L,Gray,4.4,No,Store Pickup,No,47,Bank Transfer
Bi-Weekly,Spring,3136,68,Female,Shoes,Footwear,85,Indiana,L,Yellow,4.7,No,Free Shipping,No,48,Venmo
Bi-Weekly,Fall,3137,58,Female,Skirt,Clothing,32,Minnesota,M,Gray,3.1,No,Next Day Air,No,29,Cash
Monthly,Spring,3138,34,Female,Coat,Outerwear,44,Louisiana,M,Turquoi,2.7,No,2-Day Shipping,No,14,Bank Transfer
Quarterly,Fall,3139,47,Female,Blouse,Clothing,95,Kentucky,L,Gray,4.6,No,Next Day Air,No,40,Cash
Weekly,Winter,3140,35,Female,Sunglasses,Accessories,85,Georgia,M,Olive,4.4,No,Next Day Air,No,4,Venmo
Weekly,Summer,3141,34,Female,Gloves,Accessories,44,Alaska,XL,Peach,4.6,No,Free Shipping,No,37,Bank Transfer
Bi-Weekly,Winter,3142,36,Female,Sunglasses,Accessories,30,Mississippi,S,Peach,4.9,No,Express,No,47,Credit Card
Quarterly,Winter,3143,23,Female,Sneakers,Footwear,21,Kansas,L,Magenta,4,No,2-Day Shipping,No,1,Venmo
Quarterly,Summer,3144,68,Female,Hoodie,Clothing,22,Arizona,M,Purple,2.9,No,Store Pickup,No,26,Cash
Quarterly,Spring,3145,23,Female,Boots,Footwear,70,Maine,L,Beige,2.6,No,Free Shipping,No,12,Debit Card
Bi-Weekly,Spring,3146,57,Female,Handbag,Accessories,29,Texas,XL,Purple,4.6,No,Standard,No,16,PayPal
Annually,Winter,3147,21,Female,Shirt,Clothing,83,Virginia,S,Yellow,4.9,No,Free Shipping,No,19,PayPal
Weekly,Winter,3148,45,Female,Sweater,Clothing,99,North Dakota,M,Pink,4.3,No,Express,No,21,Credit Card
Weekly,Fall,3149,37,Female,Shorts,Clothing,35,West Virginia,L,Purple,4.3,No,Free Shipping,No,15,Venmo
Annually,Winter,3150,18,Female,Belt,Accessories,40,North Carolin,M,Lavende,4.6,No,Free Shipping,No,9,Venmo
Bi-Weekly,Spring,3151,55,Female,Blouse,Clothing,25,Georgia,M,Peach,2.6,No,Express,No,7,Bank Transfer
Quarterly,Fall,3152,52,Female,T-shirt,Clothing,64,New Mexico,L,Orange,3.1,No,2-Day Shipping,No,47,Bank Transfer
Monthly,Fall,3153,49,Female,Belt,Accessories,90,North Carolin,M,Red,3.1,No,Store Pickup,No,17,PayPal
Bi-Weekly,Fall,3154,56,Female,Socks,Clothing,88,Alabama,L,Red,3.1,No,Next Day Air,No,46,Venmo
Quarterly,Winter,3155,27,Female,Belt,Accessories,55,Connecticut,M,Gold,4.4,No,Standard,No,32,Cash
Annually,Fall,3156,22,Female,Handbag,Accessories,90,Montana,M,Brown,4.3,No,Free Shipping,No,34,Cash
Monthly,Winter,3157,18,Female,Shirt,Clothing,50,Montana,M,Black,3.1,No,2-Day Shipping,No,18,Cash
Bi-Weekly,Fall,3158,21,Female,Belt,Accessories,34,Maine,L,Red,3.1,No,Store Pickup,No,5,Debit Card
Monthly,Winter,3159,30,Female,Jewelry,Accessories,77,Mississippi,M,Gray,4.9,No,2-Day Shipping,No,44,Credit Card
Quarterly,Winter,3160,62,Female,Hat,Accessories,89,Louisiana,L,Pink,2.9,No,Store Pickup,No,4,Bank Transfer
Bi-Weekly,Fall,3161,28,Female,Backpack,Accessories,87,Nebraska,XL,Turquoi,3.8,No,Next Day Air,No,37,Cash
Monthly,Winter,3162,66,Female,Dress,Clothing,77,Massachusetts,S,Charcoa,4.2,No,2-Day Shipping,No,43,Cash
Quarterly,Winter,3163,66,Female,Shoes,Footwear,85,Wisconsin,L,Blue,3.9,No,Standard,No,28,Bank Transfer
Monthly,Summer,3164,49,Female,Pants,Clothing,66,Nebraska,XL,Turquoi,2.8,No,Express,No,36,Cash
Annually,Winter,3165,40,Female,Dress,Clothing,32,Arizona,L,Silver,2.6,No,Standard,No,16,Credit Card
Quarterly,Spring,3166,49,Female,Jacket,Outerwear,92,Hawaii,M,Lavende,3,No,Store Pickup,No,38,Bank Transfer
Bi-Weekly,Winter,3167,19,Female,Shirt,Clothing,80,Georgia,M,Gold,2.7,No,Next Day Air,No,37,Bank Transfer
Bi-Weekly,Fall,3168,24,Female,Dress,Clothing,78,Oregon,M,Blue,2.8,No,2-Day Shipping,No,9,Cash
Bi-Weekly,Spring,3169,31,Female,Jeans,Clothing,24,Montana,M,Orange,2.9,No,2-Day Shipping,No,14,PayPal
Weekly,Fall,3170,35,Female,T-shirt,Clothing,59,Georgia,M,White,3.8,No,Free Shipping,No,3,Venmo
Bi-Weekly,Spring,3171,65,Female,Sunglasses,Accessories,41,Rhode Island,XL,Charcoa,4.4,No,Express,No,10,Credit Card
Bi-Weekly,Spring,3172,68,Female,Jewelry,Accessories,26,Tennessee,M,Maroon,3.1,No,Express,No,26,Bank Transfer
Bi-Weekly,Fall,3173,57,Female,Socks,Clothing,52,Missouri,M,Olive,3.7,No,Standard,No,30,Debit Card
Bi-Weekly,Summer,3174,69,Female,Skirt,Clothing,46,Washington,L,Teal,4.9,No,Next Day Air,No,32,PayPal
Monthly,Winter,3175,45,Female,Pants,Clothing,52,Oklahoma,L,Orange,3.8,No,Store Pickup,No,35,PayPal
Quarterly,Fall,3176,35,Female,Socks,Clothing,42,Connecticut,M,Maroon,3.4,No,Store Pickup,No,26,Debit Card
Monthly,Spring,3177,36,Female,Sandals,Footwear,37,Arkansas,XL,Turquoi,4.6,No,2-Day Shipping,No,39,Credit Card
Monthly,Fall,3178,55,Female,Belt,Accessories,52,Missouri,L,Beige,3.2,No,Standard,No,31,Credit Card
Annually,Spring,3179,66,Female,Sandals,Footwear,34,Washington,L,Beige,2.7,No,Free Shipping,No,28,Credit Card
Bi-Weekly,Spring,3180,57,Female,Shorts,Clothing,88,Idaho,M,Olive,4.3,No,Free Shipping,No,12,Debit Card
Weekly,Fall,3181,18,Female,Handbag,Accessories,88,Montana,L,Turquoi,3.8,No,Standard,No,46,PayPal
Quarterly,Summer,3182,31,Female,Jacket,Outerwear,51,Montana,M,Charcoa,4.4,No,Free Shipping,No,27,PayPal
Annually,Fall,3183,50,Female,Sunglasses,Accessories,97,Georgia,L,Green,3.6,No,Free Shipping,No,4,Credit Card
Quarterly,Winter,3184,50,Female,Sneakers,Footwear,56,Mississippi,M,Green,3.5,No,Standard,No,14,Cash
Quarterly,Spring,3185,61,Female,Sweater,Clothing,53,Hawaii,L,Green,4.2,No,2-Day Shipping,No,30,Venmo
Annually,Fall,3186,52,Female,Skirt,Clothing,71,Ohio,L,Gold,4.7,No,Express,No,6,PayPal
Annually,Winter,3187,38,Female,Jewelry,Accessories,93,Virginia,S,Cyan,4.8,No,Store Pickup,No,43,Venmo
Weekly,Winter,3188,67,Female,Blouse,Clothing,72,Texas,L,Indigo,3.2,No,Free Shipping,No,28,Debit Card
Monthly,Winter,3189,42,Female,Blouse,Clothing,59,Vermont,M,Lavende,3.5,No,Standard,No,39,Bank Transfer
Bi-Weekly,Summer,3190,25,Female,Boots,Footwear,87,Kansas,M,Beige,4.2,No,Store Pickup,No,30,PayPal
Bi-Weekly,Fall,3191,41,Female,Jeans,Clothing,78,California,S,Purple,3.4,No,Free Shipping,No,5,Credit Card
Quarterly,Winter,3192,62,Female,Hoodie,Clothing,68,Mississippi,XL,Maroon,4.7,No,Store Pickup,No,42,Credit Card
Bi-Weekly,Fall,3193,19,Female,Sweater,Clothing,76,Iowa,S,Maroon,3,No,Free Shipping,No,20,Cash
Bi-Weekly,Winter,3194,63,Female,Gloves,Accessories,99,Virginia,L,Teal,4,No,Express,No,35,Credit Card
Bi-Weekly,Summer,3195,43,Female,Sneakers,Footwear,52,Maryland,L,Gold,4.6,No,Standard,No,10,Credit Card
Quarterly,Spring,3196,68,Female,Sunglasses,Accessories,58,Missouri,S,Red,4.9,No,Next Day Air,No,36,Credit Card
Bi-Weekly,Winter,3197,24,Female,Belt,Accessories,59,Wisconsin,L,Maroon,2.8,No,Express,No,21,Debit Card
Quarterly,Spring,3198,27,Female,Sweater,Clothing,71,Maine,M,Teal,3.2,No,Free Shipping,No,29,Credit Card
Weekly,Winter,3199,61,Female,Gloves,Accessories,94,Pennsylvania,L,Peach,2.8,No,Free Shipping,No,39,Debit Card
Monthly,Winter,3200,59,Female,Handbag,Accessories,40,Maine,XL,Pink,4.2,No,Express,No,16,PayPal
Monthly,Spring,3201,67,Female,Socks,Clothing,24,Missouri,L,Black,4.8,No,Free Shipping,No,32,Credit Card
Monthly,Fall,3202,46,Female,Pants,Clothing,38,Vermont,S,Indigo,2.8,No,2-Day Shipping,No,34,Cash
Annually,Fall,3203,65,Female,Scarf,Accessories,37,Wisconsin,L,Green,4.5,No,Standard,No,38,Venmo
Annually,Spring,3204,63,Female,Coat,Outerwear,29,New Jersey,L,Teal,4.1,No,Express,No,14,Venmo
Bi-Weekly,Fall,3205,57,Female,Jacket,Outerwear,92,New Mexico,XL,Lavende,4.3,No,Free Shipping,No,23,Debit Card
Quarterly,Fall,3206,40,Female,Hoodie,Clothing,24,Colorado,XL,Magenta,4.4,No,2-Day Shipping,No,50,Bank Transfer
Monthly,Winter,3207,36,Female,Boots,Footwear,52,California,M,Brown,3,No,Free Shipping,No,49,PayPal
Annually,Summer,3208,67,Female,Socks,Clothing,29,Arizona,XL,Beige,2.7,No,Next Day Air,No,14,PayPal
Weekly,Winter,3209,61,Female,Jewelry,Accessories,30,Indiana,L,Indigo,3.3,No,2-Day Shipping,No,42,PayPal
Annually,Fall,3210,64,Female,Shoes,Footwear,31,Arkansas,L,Peach,4.3,No,Standard,No,39,Debit Card
Bi-Weekly,Summer,3211,30,Female,Socks,Clothing,67,Nevada,M,Magenta,2.9,No,Express,No,43,Venmo
Monthly,Winter,3212,53,Female,Pants,Clothing,65,Rhode Island,L,Turquoi,4.9,No,Standard,No,12,Cash
Weekly,Winter,3213,27,Female,Sneakers,Footwear,22,Wyoming,M,Indigo,3.6,No,2-Day Shipping,No,21,Debit Card
Monthly,Winter,3214,27,Female,Sunglasses,Accessories,56,Texas,M,Brown,3.3,No,Standard,No,33,Credit Card
Annually,Spring,3215,53,Female,Skirt,Clothing,78,Washington,M,Yellow,3.1,No,Free Shipping,No,6,Debit Card
Quarterly,Summer,3216,34,Female,Coat,Outerwear,90,Rhode Island,M,Magenta,2.7,No,Free Shipping,No,10,PayPal
Weekly,Winter,3217,39,Female,Hoodie,Clothing,85,Illinois,S,Olive,3.4,No,Next Day Air,No,18,Cash
Weekly,Fall,3218,44,Female,Sunglasses,Accessories,58,Oregon,M,Silver,3.4,No,Express,No,46,Venmo
Monthly,Fall,3219,37,Female,Skirt,Clothing,34,Florida,M,Teal,3.9,No,Express,No,49,PayPal
Weekly,Summer,3220,57,Female,Coat,Outerwear,40,Kansas,L,White,3.5,No,2-Day Shipping,No,39,Credit Card
Monthly,Fall,3221,38,Female,Handbag,Accessories,29,North Dakota,M,Blue,4.1,No,Free Shipping,No,16,Cash
Annually,Winter,3222,21,Female,T-shirt,Clothing,76,New Hampshire,M,Yellow,3.2,No,Standard,No,28,Cash
Quarterly,Fall,3223,45,Female,Sunglasses,Accessories,84,Texas,S,Maroon,4.6,No,Store Pickup,No,22,PayPal
Bi-Weekly,Spring,3224,68,Female,Shirt,Clothing,65,Montana,S,Gray,3.9,No,Standard,No,36,Venmo
Monthly,Winter,3225,37,Female,Hoodie,Clothing,80,Delaware,L,Indigo,2.7,No,Free Shipping,No,18,PayPal
Weekly,Fall,3226,53,Female,Blouse,Clothing,98,New Hampshire,M,Pink,3,No,Store Pickup,No,31,Credit Card
Bi-Weekly,Spring,3227,57,Female,Sneakers,Footwear,71,Minnesota,XL,Beige,3.3,No,Next Day Air,No,38,Bank Transfer
Quarterly,Fall,3228,28,Female,Scarf,Accessories,69,Alaska,XL,White,2.7,No,Free Shipping,No,42,Debit Card
Annually,Spring,3229,37,Female,Jewelry,Accessories,95,Connecticut,M,Yellow,4.6,No,2-Day Shipping,No,27,PayPal
Monthly,Fall,3230,54,Female,Pants,Clothing,67,Connecticut,M,Teal,2.7,No,Express,No,24,Cash
Annually,Summer,3231,49,Female,Sneakers,Footwear,49,Kansas,M,Olive,2.5,No,Next Day Air,No,38,Debit Card
Annually,Winter,3232,62,Female,Shoes,Footwear,97,Nevada,M,Maroon,4.4,No,Free Shipping,No,9,Credit Card
Monthly,Spring,3233,45,Female,T-shirt,Clothing,34,Massachusetts,M,White,4,No,Next Day Air,No,19,Bank Transfer
Bi-Weekly,Fall,3234,45,Female,Belt,Accessories,74,Indiana,M,Lavende,3.8,No,Express,No,11,Debit Card
Quarterly,Winter,3235,49,Female,Jewelry,Accessories,96,Washington,M,Black,2.5,No,2-Day Shipping,No,16,Debit Card
Monthly,Summer,3236,27,Female,Belt,Accessories,68,Kansas,M,Green,4,No,Free Shipping,No,18,Venmo
Monthly,Fall,3237,63,Female,Belt,Accessories,84,South Carolin,L,Olive,4.1,No,Next Day Air,No,8,Cash
Weekly,Summer,3238,61,Female,T-shirt,Clothing,57,Vermont,M,Gray,2.8,No,Express,No,4,Cash
Quarterly,Fall,3239,25,Female,Sneakers,Footwear,84,Wyoming,XL,Teal,3.4,No,2-Day Shipping,No,37,Cash
Monthly,Fall,3240,33,Female,Sunglasses,Accessories,32,Colorado,M,Charcoa,2.7,No,2-Day Shipping,No,30,Cash
Monthly,Fall,3241,56,Female,Sandals,Footwear,37,West Virginia,M,Violet,3.8,No,2-Day Shipping,No,37,Bank Transfer
Quarterly,Summer,3242,50,Female,Handbag,Accessories,58,Connecticut,M,Lavende,4.4,No,Store Pickup,No,30,PayPal
Weekly,Fall,3243,45,Female,Socks,Clothing,74,Oregon,S,Beige,2.8,No,Express,No,17,Venmo
Quarterly,Summer,3244,45,Female,Hoodie,Clothing,99,Idaho,L,Black,5,No,Store Pickup,No,11,Bank Transfer
Annually,Fall,3245,65,Female,Sweater,Clothing,81,Arkansas,M,Black,4.7,No,Express,No,42,Credit Card
Weekly,Fall,3246,63,Female,Pants,Clothing,76,Kansas,M,Purple,3.2,No,Next Day Air,No,20,Cash
Monthly,Summer,3247,70,Female,Sneakers,Footwear,98,Michigan,M,Magenta,2.9,No,Store Pickup,No,37,Cash
Bi-Weekly,Summer,3248,53,Female,Gloves,Accessories,91,Arkansas,M,Teal,3.7,No,Express,No,12,PayPal
Quarterly,Summer,3249,22,Female,T-shirt,Clothing,79,Pennsylvania,S,Teal,4.2,No,Free Shipping,No,41,Bank Transfer
Quarterly,Summer,3250,26,Female,Backpack,Accessories,83,Virginia,M,Pink,3.4,No,Express,No,32,Credit Card
Weekly,Spring,3251,23,Female,Coat,Outerwear,90,Minnesota,M,Teal,2.9,No,2-Day Shipping,No,15,Venmo
Quarterly,Winter,3252,25,Female,Coat,Outerwear,20,Nevada,M,Gold,3.7,No,Standard,No,39,Venmo
Bi-Weekly,Spring,3253,69,Female,Sandals,Footwear,21,Montana,L,Brown,2.7,No,Store Pickup,No,48,Credit Card
Bi-Weekly,Fall,3254,36,Female,Backpack,Accessories,60,Nebraska,M,Brown,3.2,No,2-Day Shipping,No,8,Venmo
Quarterly,Winter,3255,21,Female,Sweater,Clothing,31,Indiana,S,Magenta,4.9,No,Store Pickup,No,11,Bank Transfer
Monthly,Fall,3256,57,Female,Shorts,Clothing,40,New Jersey,M,Black,2.8,No,Next Day Air,No,36,Bank Transfer
Quarterly,Winter,3257,60,Female,Sunglasses,Accessories,26,Wisconsin,L,Teal,4.7,No,Free Shipping,No,50,Venmo
Quarterly,Fall,3258,44,Female,Shirt,Clothing,98,Minnesota,M,Brown,3.3,No,Express,No,39,Venmo
Bi-Weekly,Spring,3259,31,Female,Shoes,Footwear,51,New Jersey,M,Magenta,4.3,No,Express,No,11,Credit Card
Quarterly,Fall,3260,57,Female,Hat,Accessories,95,Oklahoma,XL,Indigo,3.7,No,2-Day Shipping,No,5,Debit Card
Annually,Summer,3261,39,Female,Scarf,Accessories,36,Wisconsin,M,Violet,4.5,No,2-Day Shipping,No,7,Credit Card
Weekly,Winter,3262,48,Female,Belt,Accessories,52,Rhode Island,L,Cyan,3.4,No,Store Pickup,No,50,Debit Card
Quarterly,Spring,3263,42,Female,T-shirt,Clothing,35,Indiana,M,Violet,2.7,No,Standard,No,21,Cash
Bi-Weekly,Fall,3264,56,Female,Shorts,Clothing,68,Vermont,S,Black,4.4,No,Express,No,31,Debit Card
Bi-Weekly,Winter,3265,28,Female,Pants,Clothing,50,Maine,S,Charcoa,4,No,Express,No,39,Cash
Bi-Weekly,Winter,3266,40,Female,Sunglasses,Accessories,100,Alabama,M,White,3.2,No,Express,No,28,Credit Card
Weekly,Winter,3267,49,Female,Coat,Outerwear,74,Alabama,S,Gray,4.2,No,Next Day Air,No,33,Bank Transfer
Quarterly,Winter,3268,37,Female,Hoodie,Clothing,45,Idaho,L,Pink,3,No,Store Pickup,No,42,Credit Card
Quarterly,Fall,3269,22,Female,Dress,Clothing,97,Arkansas,M,Cyan,2.8,No,Free Shipping,No,5,Bank Transfer
Monthly,Winter,3270,27,Female,Blouse,Clothing,60,Ohio,M,Blue,4.9,No,Express,No,25,Cash
Annually,Winter,3271,59,Female,Socks,Clothing,25,Illinois,M,Indigo,4.7,No,Express,No,48,PayPal
Weekly,Spring,3272,35,Female,Socks,Clothing,55,Nevada,XL,Magenta,4.4,No,Standard,No,30,Credit Card
Quarterly,Winter,3273,58,Female,Shoes,Footwear,99,Texas,M,Lavende,3.1,No,Next Day Air,No,34,PayPal
Quarterly,Summer,3274,58,Female,Belt,Accessories,45,Nevada,S,Orange,2.6,No,Free Shipping,No,34,PayPal
Bi-Weekly,Spring,3275,46,Female,Sweater,Clothing,20,Oklahoma,M,Cyan,3.9,No,Store Pickup,No,14,Cash
Weekly,Summer,3276,43,Female,Pants,Clothing,88,Alabama,XL,Green,2.6,No,2-Day Shipping,No,2,Debit Card
Quarterly,Summer,3277,39,Female,Scarf,Accessories,99,South Dakota,M,White,4,No,Store Pickup,No,41,PayPal
Monthly,Spring,3278,59,Female,Skirt,Clothing,86,Texas,M,Blue,4.9,No,Store Pickup,No,3,Credit Card
Weekly,Summer,3279,59,Female,Dress,Clothing,70,Montana,M,Black,3.3,No,2-Day Shipping,No,18,Bank Transfer
Bi-Weekly,Fall,3280,59,Female,Hat,Accessories,50,Wyoming,S,Red,3,No,Express,No,1,Debit Card
Monthly,Winter,3281,45,Female,Handbag,Accessories,57,New York,L,Red,2.7,No,Next Day Air,No,5,PayPal
Annually,Winter,3282,27,Female,Pants,Clothing,69,Oregon,L,Gold,3.1,No,Free Shipping,No,41,Bank Transfer
Monthly,Fall,3283,24,Female,T-shirt,Clothing,94,California,M,Red,4.8,No,Next Day Air,No,5,Credit Card
Quarterly,Spring,3284,47,Female,Jacket,Outerwear,24,North Carolin,L,Purple,2.9,No,Express,No,10,Debit Card
Annually,Spring,3285,70,Female,Scarf,Accessories,79,Kentucky,L,White,4.5,No,2-Day Shipping,No,20,Venmo
Weekly,Fall,3286,58,Female,Hat,Accessories,31,Hawaii,XL,Magenta,4.6,No,Free Shipping,No,11,Cash
Bi-Weekly,Winter,3287,45,Female,Jacket,Outerwear,67,Illinois,L,Pink,5,No,Express,No,4,Venmo
Weekly,Spring,3288,24,Female,Skirt,Clothing,63,West Virginia,L,Black,4.3,No,2-Day Shipping,No,38,Credit Card
Bi-Weekly,Spring,3289,67,Female,Handbag,Accessories,61,South Carolin,XL,White,4.9,No,Next Day Air,No,19,Credit Card
Quarterly,Summer,3290,31,Female,Backpack,Accessories,50,Montana,M,Maroon,4,No,2-Day Shipping,No,16,Venmo
Monthly,Spring,3291,52,Female,Coat,Outerwear,82,North Dakota,L,Black,3.1,No,Free Shipping,No,2,PayPal
Monthly,Fall,3292,29,Female,Belt,Accessories,51,New Mexico,L,Olive,2.6,No,2-Day Shipping,No,11,Cash
Bi-Weekly,Spring,3293,62,Female,Handbag,Accessories,23,Missouri,L,Gray,4.9,No,Standard,No,18,Bank Transfer
Bi-Weekly,Spring,3294,19,Female,Coat,Outerwear,91,West Virginia,M,Gold,3.5,No,2-Day Shipping,No,47,Credit Card
Bi-Weekly,Spring,3295,62,Female,Sweater,Clothing,60,South Carolin,S,Magenta,4.5,No,Store Pickup,No,15,Bank Transfer
Weekly,Summer,3296,70,Female,Blouse,Clothing,34,West Virginia,S,Lavende,2.8,No,Next Day Air,No,15,Cash
Quarterly,Spring,3297,20,Female,Blouse,Clothing,23,Alaska,M,Green,4.2,No,Next Day Air,No,47,Venmo
Monthly,Fall,3298,67,Female,Belt,Accessories,82,West Virginia,M,Violet,4.1,No,Free Shipping,No,47,PayPal
Quarterly,Fall,3299,65,Female,Jacket,Outerwear,73,New Mexico,M,Brown,3.5,No,Express,No,6,Bank Transfer
Monthly,Spring,3300,45,Female,Shorts,Clothing,32,South Dakota,L,Teal,4,No,2-Day Shipping,No,18,Venmo
Bi-Weekly,Spring,3301,26,Female,Hat,Accessories,80,Oklahoma,M,Charcoa,4,No,Express,No,40,Bank Transfer
Bi-Weekly,Summer,3302,36,Female,Pants,Clothing,58,Oklahoma,XL,Charcoa,2.5,No,Free Shipping,No,31,Credit Card
Bi-Weekly,Winter,3303,36,Female,Blouse,Clothing,82,Alabama,XL,Beige,4.2,No,Standard,No,31,Venmo
Bi-Weekly,Summer,3304,20,Female,Belt,Accessories,60,Mississippi,S,Turquoi,3.4,No,Next Day Air,No,4,Credit Card
Quarterly,Fall,3305,30,Female,Handbag,Accessories,79,Mississippi,XL,Orange,4.8,No,Next Day Air,No,36,Bank Transfer
Bi-Weekly,Summer,3306,34,Female,Hoodie,Clothing,41,Nebraska,L,Cyan,4.9,No,Standard,No,31,PayPal
Bi-Weekly,Summer,3307,63,Female,Jacket,Outerwear,39,Colorado,L,Orange,3.6,No,Store Pickup,No,6,Venmo
Monthly,Winter,3308,18,Female,Scarf,Accessories,36,Pennsylvania,S,Green,4,No,Store Pickup,No,1,Cash
Monthly,Fall,3309,55,Female,Jeans,Clothing,70,Utah,M,Pink,2.6,No,Express,No,29,Cash
Monthly,Summer,3310,48,Female,Handbag,Accessories,47,Massachusetts,M,Blue,3.1,No,Store Pickup,No,19,PayPal
Bi-Weekly,Winter,3311,45,Female,Jacket,Outerwear,27,Iowa,M,Pink,3.6,No,Free Shipping,No,12,PayPal
Annually,Summer,3312,29,Female,Hat,Accessories,52,Florida,L,Blue,4,No,Express,No,18,Bank Transfer
Quarterly,Summer,3313,55,Female,Sneakers,Footwear,75,Louisiana,L,Black,3.9,No,Next Day Air,No,45,Cash
Monthly,Fall,3314,55,Female,Hat,Accessories,30,Kansas,XL,Black,3.9,No,Express,No,45,Credit Card
Quarterly,Spring,3315,55,Female,Socks,Clothing,94,Kansas,M,Violet,3.3,No,Standard,No,8,Credit Card
Quarterly,Summer,3316,48,Female,Scarf,Accessories,68,Kentucky,S,Gold,2.9,No,Standard,No,4,PayPal
Bi-Weekly,Summer,3317,42,Female,Socks,Clothing,45,New Mexico,M,Olive,3.1,No,Free Shipping,No,5,Debit Card
Quarterly,Summer,3318,21,Female,Hat,Accessories,67,North Carolin,XL,Pink,4.7,No,Standard,No,30,Cash
Monthly,Summer,3319,45,Female,Jacket,Outerwear,46,North Dakota,M,Olive,3.9,No,Free Shipping,No,15,PayPal
Quarterly,Summer,3320,23,Female,Shorts,Clothing,31,North Dakota,M,Indigo,4.3,No,Next Day Air,No,17,Credit Card
Quarterly,Fall,3321,66,Female,Blouse,Clothing,44,Illinois,XL,Silver,4.2,No,2-Day Shipping,No,45,Cash
Annually,Winter,3322,32,Female,Coat,Outerwear,100,Maine,S,Charcoa,4.3,No,Next Day Air,No,3,Venmo
Weekly,Winter,3323,52,Female,Sweater,Clothing,92,Indiana,XL,Orange,4.6,No,Next Day Air,No,43,PayPal
Monthly,Winter,3324,54,Female,Handbag,Accessories,78,North Dakota,M,Yellow,3.8,No,Free Shipping,No,4,Credit Card
Weekly,Fall,3325,37,Female,T-shirt,Clothing,32,Missouri,S,Red,3.3,No,Standard,No,41,Venmo
Monthly,Fall,3326,29,Female,Sandals,Footwear,97,Alaska,M,Maroon,3.7,No,2-Day Shipping,No,16,Venmo
Annually,Summer,3327,47,Female,Gloves,Accessories,95,North Dakota,M,Magenta,4.3,No,Standard,No,10,Debit Card
Quarterly,Spring,3328,47,Female,Shorts,Clothing,64,Connecticut,M,Black,4.1,No,Express,No,2,Debit Card
Bi-Weekly,Spring,3329,42,Female,Sandals,Footwear,35,Wisconsin,M,Violet,3.2,No,Free Shipping,No,11,Cash
Bi-Weekly,Winter,3330,34,Female,Backpack,Accessories,54,New Jersey,M,Gray,3.8,No,Express,No,1,Debit Card
Quarterly,Spring,3331,38,Female,Sneakers,Footwear,96,Missouri,M,Black,3.2,No,2-Day Shipping,No,41,Bank Transfer
Quarterly,Summer,3332,55,Female,Sunglasses,Accessories,58,California,M,Pink,3.5,No,Free Shipping,No,39,PayPal
Bi-Weekly,Summer,3333,27,Female,T-shirt,Clothing,23,Washington,M,Silver,3.1,No,2-Day Shipping,No,1,PayPal
Monthly,Spring,3334,55,Female,Jeans,Clothing,35,Minnesota,M,Violet,4.2,No,Express,No,3,PayPal
Annually,Summer,3335,66,Female,Shirt,Clothing,23,California,M,Beige,3.4,No,Free Shipping,No,21,Credit Card
Quarterly,Winter,3336,44,Female,Hat,Accessories,94,Texas,XL,Cyan,3.5,No,Express,No,48,Bank Transfer
Annually,Fall,3337,39,Female,Blouse,Clothing,45,Montana,M,Brown,4,No,Free Shipping,No,24,Debit Card
Bi-Weekly,Winter,3338,23,Female,Jacket,Outerwear,23,Arizona,L,Blue,4.4,No,2-Day Shipping,No,45,Bank Transfer
Monthly,Winter,3339,29,Female,Skirt,Clothing,94,Minnesota,L,White,2.9,No,2-Day Shipping,No,46,Credit Card
Bi-Weekly,Fall,3340,20,Female,Gloves,Accessories,99,Nebraska,M,Cyan,3.6,No,Store Pickup,No,35,Cash
Bi-Weekly,Fall,3341,42,Female,T-shirt,Clothing,36,Virginia,XL,Maroon,4.4,No,Free Shipping,No,47,Credit Card
Monthly,Summer,3342,55,Female,Jacket,Outerwear,50,Connecticut,XL,Olive,4.5,No,Standard,No,35,Credit Card
Weekly,Spring,3343,66,Female,Jacket,Outerwear,81,New Jersey,M,Violet,3.8,No,Free Shipping,No,45,Credit Card
Bi-Weekly,Winter,3344,24,Female,Shorts,Clothing,31,Kentucky,XL,Green,3.6,No,2-Day Shipping,No,6,Cash
Annually,Fall,3345,62,Female,Hat,Accessories,48,Washington,XL,Magenta,4.3,No,Free Shipping,No,20,Cash
Bi-Weekly,Summer,3346,28,Female,Handbag,Accessories,91,Florida,M,Turquoi,4,No,2-Day Shipping,No,3,Venmo
Quarterly,Summer,3347,30,Female,Jeans,Clothing,99,Oklahoma,M,Black,3.4,No,Express,No,30,Venmo
Bi-Weekly,Summer,3348,22,Female,Shoes,Footwear,70,Iowa,XL,Cyan,4.4,No,Standard,No,28,PayPal
Quarterly,Winter,3349,28,Female,T-shirt,Clothing,74,New Hampshire,L,Gray,2.8,No,Standard,No,15,Cash
Quarterly,Fall,3350,35,Female,Jewelry,Accessories,79,Georgia,M,Red,2.8,No,Store Pickup,No,29,PayPal
Bi-Weekly,Fall,3351,45,Female,Handbag,Accessories,33,Mississippi,S,Olive,4.9,No,2-Day Shipping,No,15,Cash
Bi-Weekly,Spring,3352,43,Female,Shirt,Clothing,49,New Hampshire,L,Cyan,4.2,No,2-Day Shipping,No,18,Bank Transfer
Bi-Weekly,Summer,3353,55,Female,Belt,Accessories,96,Washington,M,Teal,2.9,No,Next Day Air,No,7,Bank Transfer
Quarterly,Fall,3354,31,Female,Dress,Clothing,66,Ohio,L,Teal,4.6,No,Free Shipping,No,19,Credit Card
Weekly,Fall,3355,42,Female,Skirt,Clothing,45,Maryland,M,Orange,2.8,No,Next Day Air,No,15,PayPal
Bi-Weekly,Spring,3356,40,Female,Blouse,Clothing,28,Delaware,M,Peach,2.6,No,Store Pickup,No,3,Bank Transfer
Bi-Weekly,Summer,3357,39,Female,Jeans,Clothing,48,Tennessee,M,Silver,3.5,No,Store Pickup,No,13,PayPal
Monthly,Winter,3358,41,Female,Hoodie,Clothing,67,Arkansas,M,Pink,3.5,No,Free Shipping,No,37,Credit Card
Annually,Fall,3359,56,Female,T-shirt,Clothing,59,Tennessee,M,Magenta,3.4,No,2-Day Shipping,No,26,Cash
Monthly,Fall,3360,43,Female,Sunglasses,Accessories,74,New Hampshire,L,Red,3.9,No,Next Day Air,No,29,Debit Card
Quarterly,Spring,3361,22,Female,Jacket,Outerwear,81,Minnesota,M,Maroon,3.3,No,2-Day Shipping,No,47,Cash
Bi-Weekly,Spring,3362,47,Female,Shoes,Footwear,26,Florida,M,Silver,4.1,No,Free Shipping,No,47,Credit Card
Bi-Weekly,Summer,3363,50,Female,Handbag,Accessories,61,Tennessee,M,Gray,3,No,Next Day Air,No,48,Venmo
Bi-Weekly,Winter,3364,58,Female,Sweater,Clothing,23,California,M,Turquoi,3,No,Next Day Air,No,46,Bank Transfer
Monthly,Fall,3365,50,Female,Scarf,Accessories,33,Oregon,M,Peach,3.2,No,Standard,No,7,Credit Card
Quarterly,Fall,3366,43,Female,Skirt,Clothing,58,Tennessee,L,Teal,3.9,No,Express,No,45,Credit Card
Quarterly,Spring,3367,38,Female,Gloves,Accessories,65,North Carolin,M,Red,3.6,No,2-Day Shipping,No,47,Debit Card
Bi-Weekly,Summer,3368,44,Female,T-shirt,Clothing,48,Tennessee,M,Blue,3.1,No,Store Pickup,No,6,Venmo
Quarterly,Spring,3369,30,Female,Sandals,Footwear,25,Nebraska,M,Blue,4.8,No,Express,No,29,Bank Transfer
Monthly,Winter,3370,47,Female,Sweater,Clothing,51,Maine,M,Indigo,3.8,No,2-Day Shipping,No,42,Cash
Bi-Weekly,Summer,3371,30,Female,Belt,Accessories,31,Illinois,M,Charcoa,2.8,No,Store Pickup,No,46,Cash
Annually,Winter,3372,49,Female,Hoodie,Clothing,99,Colorado,S,Turquoi,4,No,Next Day Air,No,28,PayPal
Quarterly,Winter,3373,56,Female,Socks,Clothing,25,Pennsylvania,M,Maroon,4.6,No,Free Shipping,No,14,Credit Card
Quarterly,Spring,3374,70,Female,Sandals,Footwear,52,Minnesota,M,Purple,3.5,No,Store Pickup,No,12,Debit Card
Annually,Spring,3375,22,Female,Blouse,Clothing,47,Nevada,S,Lavende,3.7,No,2-Day Shipping,No,41,Debit Card
Annually,Fall,3376,51,Female,Boots,Footwear,98,Connecticut,XL,Yellow,4.9,No,Express,No,8,Credit Card
Quarterly,Winter,3377,22,Female,Hat,Accessories,46,Ohio,M,Green,4.1,No,Store Pickup,No,24,Cash
Bi-Weekly,Winter,3378,37,Female,Shirt,Clothing,32,Kentucky,M,Yellow,4.6,No,Next Day Air,No,18,PayPal
Quarterly,Fall,3379,49,Female,Shorts,Clothing,75,Minnesota,L,Gold,4.5,No,Next Day Air,No,6,Cash
Weekly,Summer,3380,61,Female,Handbag,Accessories,51,Tennessee,L,Turquoi,5,No,Store Pickup,No,40,Cash
Quarterly,Summer,3381,41,Female,Dress,Clothing,52,North Dakota,L,Blue,3.8,No,Standard,No,6,PayPal
Quarterly,Winter,3382,57,Female,Hat,Accessories,66,Minnesota,L,Turquoi,4.7,No,Standard,No,27,Credit Card
Weekly,Spring,3383,34,Female,Sweater,Clothing,35,Nebraska,M,Maroon,2.8,No,Express,No,2,Bank Transfer
Bi-Weekly,Fall,3384,27,Female,Coat,Outerwear,43,Delaware,M,Pink,2.6,No,Next Day Air,No,39,Venmo
Quarterly,Summer,3385,39,Female,Hoodie,Clothing,24,Minnesota,L,Maroon,3.8,No,Free Shipping,No,9,Venmo
Quarterly,Winter,3386,62,Female,Jewelry,Accessories,83,Rhode Island,M,Olive,2.8,No,Standard,No,16,Credit Card
Quarterly,Fall,3387,34,Female,T-shirt,Clothing,62,Michigan,M,Lavende,2.6,No,2-Day Shipping,No,36,Cash
Bi-Weekly,Spring,3388,53,Female,Pants,Clothing,78,New Jersey,S,Pink,3.4,No,2-Day Shipping,No,2,Credit Card
Weekly,Spring,3389,35,Female,Sweater,Clothing,61,South Dakota,M,Cyan,4.5,No,Store Pickup,No,21,Credit Card
Annually,Fall,3390,38,Female,Pants,Clothing,57,North Carolin,L,Maroon,3.8,No,Free Shipping,No,39,Venmo
Annually,Summer,3391,32,Female,Socks,Clothing,70,Oregon,S,Red,3,No,Next Day Air,No,38,PayPal
Quarterly,Fall,3392,47,Female,Hoodie,Clothing,57,Montana,M,Silver,3.7,No,2-Day Shipping,No,6,Debit Card
Bi-Weekly,Winter,3393,53,Female,Scarf,Accessories,74,New Jersey,XL,Blue,4.4,No,Free Shipping,No,6,Venmo
Monthly,Fall,3394,60,Female,Dress,Clothing,90,Arizona,M,Gold,3.1,No,Next Day Air,No,50,Debit Card
Annually,Spring,3395,31,Female,Sandals,Footwear,98,Vermont,S,Yellow,4.2,No,Store Pickup,No,9,PayPal
Quarterly,Winter,3396,44,Female,Dress,Clothing,43,Colorado,M,Silver,3.1,No,Free Shipping,No,15,Debit Card
Quarterly,Winter,3397,29,Female,Pants,Clothing,37,Tennessee,XL,Black,5,No,Next Day Air,No,5,PayPal
Bi-Weekly,Summer,3398,19,Female,Blouse,Clothing,38,New Jersey,L,Yellow,2.7,No,Standard,No,13,Bank Transfer
Bi-Weekly,Winter,3399,54,Female,Jeans,Clothing,60,Montana,L,Pink,3.8,No,Standard,No,44,Cash
Annually,Winter,3400,40,Female,Pants,Clothing,55,Montana,XL,Yellow,3.3,No,Standard,No,36,Debit Card
Bi-Weekly,Fall,3401,39,Female,Sunglasses,Accessories,51,Nevada,M,Lavende,4.8,No,Free Shipping,No,18,Venmo
Weekly,Winter,3402,44,Female,Backpack,Accessories,71,Nevada,L,Peach,3.4,No,Standard,No,39,Credit Card
Quarterly,Spring,3403,22,Female,Hoodie,Clothing,61,Louisiana,M,Black,4.4,No,2-Day Shipping,No,11,PayPal
Bi-Weekly,Summer,3404,30,Female,Boots,Footwear,65,Illinois,M,Olive,3.9,No,Standard,No,1,Cash
Annually,Fall,3405,69,Female,Gloves,Accessories,34,South Carolin,L,Olive,3.9,No,2-Day Shipping,No,34,Credit Card
Bi-Weekly,Summer,3406,28,Female,Blouse,Clothing,87,Washington,M,White,4.2,No,Store Pickup,No,47,Bank Transfer
Quarterly,Spring,3407,57,Female,Sweater,Clothing,79,Nebraska,M,Red,4,No,Store Pickup,No,24,Venmo
Quarterly,Spring,3408,46,Female,Dress,Clothing,46,Alabama,S,Purple,2.6,No,Store Pickup,No,20,Cash
Annually,Summer,3409,48,Female,Socks,Clothing,72,Montana,L,Purple,4.4,No,Standard,No,11,Bank Transfer
Quarterly,Summer,3410,24,Female,Shirt,Clothing,93,Minnesota,M,Teal,3.2,No,Next Day Air,No,3,Credit Card
Bi-Weekly,Summer,3411,50,Female,Sandals,Footwear,76,Ohio,L,Teal,4.3,No,Free Shipping,No,38,Bank Transfer
Weekly,Winter,3412,29,Female,Shoes,Footwear,56,New York,L,Gray,4.9,No,2-Day Shipping,No,45,Cash
Quarterly,Fall,3413,61,Female,Sandals,Footwear,83,Indiana,M,Magenta,3.8,No,Store Pickup,No,31,Venmo
Bi-Weekly,Winter,3414,34,Female,Gloves,Accessories,90,Delaware,XL,Black,2.5,No,Express,No,16,PayPal
Quarterly,Spring,3415,27,Female,Boots,Footwear,94,Connecticut,M,Maroon,4.9,No,Next Day Air,No,3,Bank Transfer
Annually,Fall,3416,38,Female,Blouse,Clothing,68,New York,M,Gold,3,No,2-Day Shipping,No,15,Bank Transfer
Quarterly,Spring,3417,25,Female,Sandals,Footwear,53,Alabama,M,Purple,3.2,No,Store Pickup,No,11,Bank Transfer
Bi-Weekly,Summer,3418,54,Female,Coat,Outerwear,35,Massachusetts,M,Blue,2.9,No,2-Day Shipping,No,22,Debit Card
Annually,Summer,3419,53,Female,Jacket,Outerwear,30,South Carolin,M,Beige,2.8,No,Free Shipping,No,35,Debit Card
Bi-Weekly,Winter,3420,23,Female,Jewelry,Accessories,26,West Virginia,L,Indigo,3.1,No,Store Pickup,No,5,Venmo
Bi-Weekly,Winter,3421,19,Female,Hat,Accessories,60,Kentucky,M,Purple,3.4,No,Express,No,35,PayPal
Weekly,Summer,3422,57,Female,Shoes,Footwear,30,New Jersey,M,Maroon,2.9,No,Free Shipping,No,27,PayPal
Monthly,Winter,3423,19,Female,Coat,Outerwear,91,New York,L,Beige,3.2,No,Next Day Air,No,9,Venmo
Bi-Weekly,Spring,3424,33,Female,Boots,Footwear,71,Massachusetts,M,Brown,3.8,No,Next Day Air,No,21,PayPal
Monthly,Summer,3425,33,Female,Scarf,Accessories,64,Florida,L,Green,3.6,No,2-Day Shipping,No,23,Credit Card
Bi-Weekly,Summer,3426,38,Female,Hat,Accessories,54,Michigan,M,Blue,4.3,No,Next Day Air,No,3,Debit Card
Annually,Fall,3427,47,Female,Socks,Clothing,35,Oregon,XL,Magenta,4.8,No,2-Day Shipping,No,31,Credit Card
Annually,Winter,3428,39,Female,T-shirt,Clothing,38,Michigan,XL,Turquoi,2.5,No,Store Pickup,No,44,Cash
Monthly,Fall,3429,32,Female,Jewelry,Accessories,69,Washington,M,Gray,2.5,No,Next Day Air,No,20,Venmo
Weekly,Winter,3430,27,Female,Skirt,Clothing,96,Alaska,S,Purple,4.6,No,Express,No,34,Debit Card
Quarterly,Winter,3431,67,Female,Socks,Clothing,73,Montana,M,Lavende,4.2,No,Next Day Air,No,17,Bank Transfer
Annually,Summer,3432,46,Female,Belt,Accessories,49,New Mexico,S,Green,4.2,No,Express,No,20,Venmo
Quarterly,Summer,3433,36,Female,Boots,Footwear,44,Connecticut,M,Gray,4.8,No,2-Day Shipping,No,46,PayPal
Annually,Spring,3434,62,Female,Socks,Clothing,93,Alaska,M,Yellow,4.5,No,Free Shipping,No,28,PayPal
Bi-Weekly,Summer,3435,31,Female,Pants,Clothing,72,Ohio,S,Orange,3.3,No,2-Day Shipping,No,6,Venmo
Bi-Weekly,Summer,3436,68,Female,Socks,Clothing,91,Montana,M,Beige,2.7,No,2-Day Shipping,No,50,Debit Card
Monthly,Winter,3437,57,Female,Belt,Accessories,83,Nebraska,L,Peach,2.8,No,2-Day Shipping,No,41,Bank Transfer
Annually,Winter,3438,22,Female,Jacket,Outerwear,62,Oklahoma,S,Green,3.5,No,2-Day Shipping,No,50,PayPal
Monthly,Fall,3439,26,Female,Shirt,Clothing,71,Kentucky,M,Violet,3,No,Store Pickup,No,33,Credit Card
Quarterly,Summer,3440,43,Female,Gloves,Accessories,93,Idaho,M,Gray,4.5,No,Express,No,25,Venmo
Weekly,Fall,3441,45,Female,Handbag,Accessories,63,Maryland,L,Magenta,4.3,No,2-Day Shipping,No,2,PayPal
Annually,Fall,3442,64,Female,Sweater,Clothing,96,Tennessee,XL,Charcoa,4.1,No,Standard,No,15,Credit Card
Weekly,Spring,3443,28,Female,Skirt,Clothing,78,Michigan,M,Violet,4.3,No,Next Day Air,No,12,PayPal
Bi-Weekly,Summer,3444,47,Female,Dress,Clothing,24,Tennessee,L,Silver,5,No,Free Shipping,No,28,Cash
Bi-Weekly,Summer,3445,53,Female,Pants,Clothing,63,Rhode Island,S,Green,3.8,No,2-Day Shipping,No,12,Bank Transfer
Annually,Fall,3446,42,Female,Hat,Accessories,58,Florida,M,Magenta,4.9,No,Standard,No,3,Debit Card
Weekly,Spring,3447,51,Female,Boots,Footwear,55,Louisiana,S,Purple,5,No,2-Day Shipping,No,20,Cash
Bi-Weekly,Fall,3448,62,Female,Sandals,Footwear,58,Arkansas,M,Blue,4.3,No,Express,No,3,Bank Transfer
Bi-Weekly,Winter,3449,18,Female,Coat,Outerwear,28,Kentucky,S,Yellow,4.1,No,Express,No,32,Bank Transfer
Monthly,Spring,3450,48,Female,Blouse,Clothing,37,Kansas,M,Brown,4.5,No,Standard,No,35,Cash
Monthly,Spring,3451,20,Female,Shorts,Clothing,78,Vermont,M,Pink,3.6,No,Store Pickup,No,31,PayPal
Annually,Fall,3452,32,Female,Blouse,Clothing,73,Nevada,XL,Silver,3,No,Free Shipping,No,13,Credit Card
Bi-Weekly,Spring,3453,26,Female,Jacket,Outerwear,20,Oklahoma,M,Indigo,3.7,No,Next Day Air,No,3,Venmo
Bi-Weekly,Winter,3454,31,Female,Shirt,Clothing,60,Alabama,L,Pink,4.3,No,Standard,No,48,Venmo
Bi-Weekly,Fall,3455,55,Female,Handbag,Accessories,71,Louisiana,S,Lavende,4.6,No,Store Pickup,No,15,PayPal
Annually,Fall,3456,49,Female,T-shirt,Clothing,89,Ohio,M,Orange,4.7,No,Standard,No,13,Venmo
Monthly,Fall,3457,42,Female,Hoodie,Clothing,53,Texas,M,Red,4.6,No,Express,No,21,Venmo
Bi-Weekly,Summer,3458,64,Female,Jewelry,Accessories,87,Maryland,M,Gray,3,No,Express,No,29,Cash
Quarterly,Spring,3459,68,Female,Jewelry,Accessories,37,West Virginia,L,Violet,3.4,No,Standard,No,24,Venmo
Annually,Fall,3460,68,Female,Hoodie,Clothing,37,Ohio,L,Green,3.8,No,Express,No,21,PayPal
Bi-Weekly,Spring,3461,41,Female,Scarf,Accessories,78,Indiana,M,Gold,3.1,No,Express,No,5,Bank Transfer
Quarterly,Spring,3462,51,Female,Shoes,Footwear,23,Wyoming,S,Maroon,4.4,No,Standard,No,47,Cash
Quarterly,Spring,3463,44,Female,Jeans,Clothing,73,Michigan,L,Olive,4.5,No,Standard,No,34,Credit Card
Bi-Weekly,Fall,3464,27,Female,Jewelry,Accessories,27,Maine,M,Yellow,2.8,No,2-Day Shipping,No,45,PayPal
Annually,Winter,3465,36,Female,Coat,Outerwear,59,Utah,S,Peach,2.7,No,Next Day Air,No,12,PayPal
Weekly,Spring,3466,19,Female,Backpack,Accessories,53,Iowa,M,Gold,3.4,No,Standard,No,31,Debit Card
Annually,Summer,3467,49,Female,Socks,Clothing,42,Maryland,S,Purple,4.6,No,Standard,No,43,Bank Transfer
Annually,Fall,3468,18,Female,Scarf,Accessories,45,Texas,M,Charcoa,5,No,Next Day Air,No,5,Credit Card
Quarterly,Winter,3469,36,Female,Sunglasses,Accessories,89,Ohio,S,Indigo,3.5,No,Standard,No,36,Debit Card
Annually,Fall,3470,36,Female,Socks,Clothing,85,North Dakota,L,Magenta,3.3,No,Store Pickup,No,12,Cash
Bi-Weekly,Summer,3471,19,Female,Coat,Outerwear,69,West Virginia,S,Olive,4.5,No,Free Shipping,No,31,Cash
Bi-Weekly,Spring,3472,43,Female,Sandals,Footwear,66,North Carolin,S,Blue,3.1,No,Store Pickup,No,31,Cash
Weekly,Summer,3473,31,Female,Blouse,Clothing,42,Georgia,S,White,4,No,Free Shipping,No,15,Debit Card
Weekly,Spring,3474,63,Female,Dress,Clothing,40,Kansas,M,Cyan,2.5,No,Express,No,11,Cash
Monthly,Winter,3475,41,Female,Pants,Clothing,82,Maine,M,Cyan,4.4,No,Store Pickup,No,18,Venmo
Quarterly,Spring,3476,48,Female,Sneakers,Footwear,88,South Carolin,M,Orange,4.4,No,Express,No,9,Cash
Weekly,Summer,3477,68,Female,Boots,Footwear,99,South Carolin,XL,Orange,3.2,No,Free Shipping,No,11,Cash
Bi-Weekly,Spring,3478,53,Female,Handbag,Accessories,85,Kentucky,S,Teal,3.8,No,Store Pickup,No,38,Debit Card
Quarterly,Fall,3479,36,Female,Handbag,Accessories,57,Arizona,M,Magenta,4.6,No,Store Pickup,No,42,PayPal
Monthly,Summer,3480,46,Female,Sweater,Clothing,56,New York,S,Orange,4.9,No,Standard,No,41,Cash
Monthly,Winter,3481,21,Female,Sandals,Footwear,79,New Hampshire,L,Peach,3.5,No,Free Shipping,No,45,PayPal
Bi-Weekly,Summer,3482,52,Female,Socks,Clothing,67,Ohio,S,Maroon,3.4,No,Store Pickup,No,41,Debit Card
Weekly,Winter,3483,66,Female,Gloves,Accessories,61,Hawaii,M,Gold,3.9,No,Next Day Air,No,35,Debit Card
Quarterly,Winter,3484,19,Female,Hoodie,Clothing,37,Texas,L,White,3.9,No,Express,No,21,Credit Card
Bi-Weekly,Fall,3485,44,Female,Dress,Clothing,75,Illinois,L,Gray,4.2,No,Free Shipping,No,13,Credit Card
Bi-Weekly,Winter,3486,50,Female,Shirt,Clothing,21,Massachusetts,XL,Brown,3.4,No,Standard,No,23,Debit Card
Weekly,Winter,3487,51,Female,Shorts,Clothing,89,North Carolin,L,Charcoa,4.9,No,Standard,No,6,PayPal
Annually,Fall,3488,25,Female,Sandals,Footwear,24,West Virginia,L,Beige,2.9,No,Store Pickup,No,39,Bank Transfer
Quarterly,Spring,3489,62,Female,Sweater,Clothing,27,Delaware,XL,Teal,4.9,No,Store Pickup,No,7,Cash
Quarterly,Summer,3490,48,Female,Dress,Clothing,26,Idaho,L,Black,4.6,No,2-Day Shipping,No,32,PayPal
Quarterly,Spring,3491,62,Female,Boots,Footwear,82,Oregon,M,Violet,3.6,No,Store Pickup,No,43,Credit Card
Monthly,Winter,3492,22,Female,Pants,Clothing,28,Maine,M,Orange,4.3,No,Express,No,15,Cash
Annually,Fall,3493,48,Female,Gloves,Accessories,65,South Dakota,M,Turquoi,4.6,No,Standard,No,48,Bank Transfer
Weekly,Winter,3494,48,Female,Pants,Clothing,82,New Mexico,XL,Black,4.7,No,Store Pickup,No,35,Credit Card
Quarterly,Winter,3495,62,Female,Scarf,Accessories,38,Washington,M,Silver,3.5,No,Free Shipping,No,41,PayPal
Weekly,Spring,3496,24,Female,Shorts,Clothing,33,Georgia,XL,Gray,2.8,No,Free Shipping,No,14,Cash
Monthly,Summer,3497,39,Female,Shoes,Footwear,38,Idaho,M,Pink,4,No,Free Shipping,No,22,PayPal
Quarterly,Spring,3498,35,Female,Handbag,Accessories,48,Colorado,M,Red,4.3,No,Store Pickup,No,16,Venmo
Bi-Weekly,Summer,3499,47,Female,Sandals,Footwear,35,Kentucky,M,Lavende,3.8,No,Standard,No,2,Bank Transfer
Quarterly,Fall,3500,22,Female,Socks,Clothing,29,New Jersey,L,Indigo,3,No,Next Day Air,No,13,PayPal
Bi-Weekly,Fall,3501,38,Female,Shirt,Clothing,48,Oregon,S,Silver,4.6,No,Next Day Air,No,38,Debit Card
Weekly,Fall,3502,53,Female,Shoes,Footwear,87,Nebraska,M,Silver,4.8,No,Standard,No,43,Bank Transfer
Quarterly,Fall,3503,31,Female,Backpack,Accessories,62,Massachusetts,M,Green,4.7,No,Next Day Air,No,26,Bank Transfer
Weekly,Spring,3504,31,Female,Shirt,Clothing,96,Nebraska,M,Pink,3.9,No,Free Shipping,No,39,Cash
Monthly,Fall,3505,65,Female,Handbag,Accessories,41,Hawaii,S,Violet,4,No,Next Day Air,No,50,Venmo
Quarterly,Winter,3506,48,Female,Jewelry,Accessories,42,Indiana,L,Red,3.7,No,2-Day Shipping,No,40,Bank Transfer
Bi-Weekly,Winter,3507,18,Female,Shirt,Clothing,57,Illinois,L,Olive,3.7,No,2-Day Shipping,No,12,Cash
Quarterly,Spring,3508,46,Female,Handbag,Accessories,65,Colorado,S,Purple,4.2,No,Store Pickup,No,33,Credit Card
Weekly,Fall,3509,52,Female,Pants,Clothing,54,Pennsylvania,M,Gray,4.7,No,Standard,No,49,Bank Transfer
Bi-Weekly,Winter,3510,50,Female,T-shirt,Clothing,22,Ohio,L,Brown,4.3,No,Next Day Air,No,43,Venmo
Monthly,Fall,3511,49,Female,Sneakers,Footwear,96,Pennsylvania,S,Orange,4.9,No,2-Day Shipping,No,14,Venmo
Quarterly,Summer,3512,69,Female,Jewelry,Accessories,81,Mississippi,M,Blue,3.9,No,2-Day Shipping,No,21,Credit Card
Quarterly,Fall,3513,36,Female,Shirt,Clothing,46,Kentucky,M,White,3.4,No,Free Shipping,No,31,Debit Card
Bi-Weekly,Spring,3514,30,Female,Blouse,Clothing,74,Alaska,XL,Charcoa,4.2,No,Store Pickup,No,29,Credit Card
Monthly,Winter,3515,25,Female,Sneakers,Footwear,50,Georgia,XL,Gray,4.7,No,Express,No,32,Cash
Bi-Weekly,Winter,3516,19,Female,Dress,Clothing,80,South Dakota,XL,Charcoa,4,No,Next Day Air,No,16,Debit Card
Bi-Weekly,Summer,3517,34,Female,Boots,Footwear,56,South Carolin,S,White,4,No,Free Shipping,No,38,PayPal
Quarterly,Winter,3518,29,Female,Skirt,Clothing,69,Tennessee,M,Orange,3.1,No,Next Day Air,No,34,Debit Card
Quarterly,Spring,3519,50,Female,Shirt,Clothing,97,Colorado,M,Black,4.2,No,Standard,No,30,PayPal
Bi-Weekly,Winter,3520,31,Female,Shorts,Clothing,66,Wisconsin,M,White,3.7,No,Next Day Air,No,14,Bank Transfer
Monthly,Spring,3521,41,Female,Hat,Accessories,70,Georgia,S,Brown,3.1,No,Express,No,33,Bank Transfer
Weekly,Winter,3522,52,Female,Shoes,Footwear,50,Maryland,M,Pink,3.7,No,Store Pickup,No,35,Venmo
Quarterly,Spring,3523,27,Female,Pants,Clothing,85,New Jersey,M,Yellow,3.2,No,Store Pickup,No,13,Cash
Bi-Weekly,Summer,3524,49,Female,Backpack,Accessories,59,Nevada,M,Cyan,2.8,No,Standard,No,30,Cash
Monthly,Summer,3525,69,Female,Pants,Clothing,74,Michigan,L,Silver,2.9,No,Free Shipping,No,30,Credit Card
Annually,Winter,3526,45,Female,Sunglasses,Accessories,38,Wyoming,L,Olive,3.5,No,Standard,No,47,Bank Transfer
Quarterly,Spring,3527,20,Female,Sweater,Clothing,99,Massachusetts,M,Olive,3.8,No,Express,No,1,PayPal
Weekly,Spring,3528,25,Female,Blouse,Clothing,97,Washington,S,Charcoa,4.7,No,Free Shipping,No,1,Cash
Annually,Summer,3529,38,Female,Scarf,Accessories,67,Maine,L,Gray,4.5,No,Free Shipping,No,33,PayPal
Weekly,Winter,3530,55,Female,T-shirt,Clothing,20,Montana,S,Maroon,3.9,No,Next Day Air,No,43,Bank Transfer
Weekly,Spring,3531,62,Female,Sunglasses,Accessories,45,Oklahoma,L,Black,3.4,No,Express,No,37,PayPal
Quarterly,Winter,3532,54,Female,Shoes,Footwear,52,North Dakota,XL,Violet,4.6,No,2-Day Shipping,No,23,Cash
Annually,Fall,3533,61,Female,Pants,Clothing,68,Connecticut,L,Indigo,4.6,No,Standard,No,12,Credit Card
Bi-Weekly,Fall,3534,50,Female,Sneakers,Footwear,98,Texas,L,Yellow,4.7,No,Standard,No,30,Venmo
Weekly,Fall,3535,65,Female,Shoes,Footwear,83,Delaware,M,Gray,3.2,No,Express,No,7,Cash
Monthly,Summer,3536,68,Female,Shorts,Clothing,51,Mississippi,M,Red,5,No,Express,No,20,Debit Card
Monthly,Spring,3537,55,Female,Handbag,Accessories,21,Minnesota,L,Peach,4.5,No,Express,No,10,Venmo
Quarterly,Spring,3538,57,Female,Handbag,Accessories,92,Georgia,M,Gray,3.5,No,Standard,No,40,Credit Card
Monthly,Spring,3539,56,Female,Shoes,Footwear,63,Iowa,S,White,4.5,No,Store Pickup,No,21,Venmo
Bi-Weekly,Spring,3540,29,Female,Jewelry,Accessories,56,New York,S,Green,3.2,No,Express,No,17,Credit Card
Weekly,Spring,3541,24,Female,Shorts,Clothing,95,Nevada,M,Magenta,4.6,No,Free Shipping,No,5,Bank Transfer
Annually,Winter,3542,59,Female,Blouse,Clothing,66,Virginia,M,Olive,4,No,Next Day Air,No,22,PayPal
Weekly,Spring,3543,62,Female,Coat,Outerwear,28,Idaho,S,Olive,4.2,No,Express,No,5,Venmo
Quarterly,Winter,3544,58,Female,Hat,Accessories,83,Colorado,M,Blue,4.1,No,Standard,No,18,PayPal
Quarterly,Fall,3545,64,Female,Socks,Clothing,55,Wisconsin,XL,Charcoa,3.6,No,2-Day Shipping,No,42,Cash
Annually,Spring,3546,48,Female,Sandals,Footwear,28,Connecticut,M,Yellow,3.7,No,2-Day Shipping,No,22,Debit Card
Bi-Weekly,Summer,3547,60,Female,Scarf,Accessories,79,Kansas,M,Violet,3.6,No,Free Shipping,No,37,Bank Transfer
Annually,Summer,3548,52,Female,Scarf,Accessories,31,Pennsylvania,L,Magenta,3.8,No,Standard,No,23,Credit Card
Bi-Weekly,Fall,3549,63,Female,Blouse,Clothing,37,Utah,M,Red,3,No,Standard,No,47,Debit Card
Bi-Weekly,Summer,3550,44,Female,T-shirt,Clothing,34,Oregon,M,Cyan,3.4,No,2-Day Shipping,No,11,Bank Transfer
Weekly,Winter,3551,63,Female,Shoes,Footwear,74,West Virginia,S,Orange,4.8,No,Standard,No,32,Cash
Weekly,Spring,3552,66,Female,Gloves,Accessories,31,Montana,L,Black,2.6,No,Store Pickup,No,20,Venmo
Quarterly,Winter,3553,22,Female,Sunglasses,Accessories,66,Kentucky,M,Blue,2.9,No,Next Day Air,No,3,PayPal
Weekly,Spring,3554,62,Female,Shoes,Footwear,99,Minnesota,M,Charcoa,4.9,No,Free Shipping,No,32,Bank Transfer
Bi-Weekly,Spring,3555,39,Female,Dress,Clothing,55,Louisiana,M,Indigo,5,No,Free Shipping,No,5,Credit Card
Quarterly,Spring,3556,25,Female,Blouse,Clothing,23,Delaware,L,Silver,4.6,No,Next Day Air,No,45,Cash
Bi-Weekly,Fall,3557,70,Female,Sweater,Clothing,88,Arizona,M,Brown,4.2,No,Express,No,43,Cash
Quarterly,Summer,3558,52,Female,Jacket,Outerwear,26,Nevada,M,Peach,4.9,No,Next Day Air,No,1,PayPal
Quarterly,Summer,3559,68,Female,Backpack,Accessories,94,Alaska,L,Magenta,4.8,No,Standard,No,9,Venmo
Quarterly,Fall,3560,18,Female,Shorts,Clothing,25,Utah,M,Beige,3,No,Next Day Air,No,13,Venmo
Annually,Fall,3561,18,Female,Socks,Clothing,96,Kansas,XL,Violet,3.5,No,Express,No,5,Credit Card
Bi-Weekly,Spring,3562,63,Female,Sneakers,Footwear,29,North Carolin,L,Black,3.4,No,Standard,No,39,Credit Card
Weekly,Winter,3563,47,Female,Sneakers,Footwear,36,Maryland,M,Cyan,3.4,No,Free Shipping,No,7,Bank Transfer
Quarterly,Summer,3564,43,Female,Blouse,Clothing,90,Maine,M,Green,4.9,No,Standard,No,8,Credit Card
Annually,Summer,3565,60,Female,Gloves,Accessories,38,Illinois,S,Brown,4.4,No,Free Shipping,No,40,Venmo
Monthly,Spring,3566,49,Female,Handbag,Accessories,52,Pennsylvania,S,Gray,4.2,No,Store Pickup,No,35,PayPal
Monthly,Spring,3567,28,Female,Jeans,Clothing,88,Alaska,S,Orange,3.1,No,Next Day Air,No,14,Venmo
Monthly,Summer,3568,32,Female,Scarf,Accessories,56,New Mexico,S,Silver,4,No,Next Day Air,No,26,Credit Card
Quarterly,Spring,3569,29,Female,Sandals,Footwear,71,Arkansas,M,Purple,4.8,No,Next Day Air,No,14,PayPal
Bi-Weekly,Fall,3570,35,Female,Sandals,Footwear,94,Alaska,M,Olive,3.3,No,Express,No,9,Bank Transfer
Annually,Winter,3571,23,Female,Dress,Clothing,97,Louisiana,XL,Teal,4.7,No,Standard,No,32,Debit Card
Quarterly,Summer,3572,70,Female,Skirt,Clothing,27,North Dakota,M,White,3.2,No,Standard,No,15,Bank Transfer
Monthly,Spring,3573,23,Female,Shorts,Clothing,28,Rhode Island,M,Black,5,No,Standard,No,25,Credit Card
Monthly,Fall,3574,43,Female,Jeans,Clothing,67,Connecticut,L,Maroon,4.9,No,Free Shipping,No,27,PayPal
Quarterly,Fall,3575,29,Female,Socks,Clothing,70,New York,M,Cyan,4.9,No,Express,No,39,Bank Transfer
Bi-Weekly,Fall,3576,61,Female,Coat,Outerwear,95,Kentucky,M,Violet,3.7,No,Express,No,49,Venmo
Bi-Weekly,Spring,3577,29,Female,Boots,Footwear,24,Maine,L,Yellow,3,No,Express,No,12,Venmo
Weekly,Winter,3578,66,Female,Belt,Accessories,35,Missouri,S,Yellow,2.6,No,Standard,No,13,Bank Transfer
Quarterly,Winter,3579,46,Female,Shoes,Footwear,22,Georgia,L,Olive,2.6,No,Standard,No,22,Bank Transfer
Quarterly,Fall,3580,34,Female,Scarf,Accessories,66,Arizona,L,Olive,4.8,No,Standard,No,19,Credit Card
Bi-Weekly,Summer,3581,51,Female,Blouse,Clothing,83,New Hampshire,M,Magenta,3.2,No,2-Day Shipping,No,3,Cash
Weekly,Fall,3582,26,Female,Dress,Clothing,95,Georgia,M,Orange,4.9,No,Next Day Air,No,50,Credit Card
Annually,Summer,3583,23,Female,Shorts,Clothing,41,California,S,Beige,3.4,No,2-Day Shipping,No,15,PayPal
Quarterly,Summer,3584,52,Female,Blouse,Clothing,77,Arizona,L,Brown,2.7,No,Store Pickup,No,44,Credit Card
Monthly,Fall,3585,39,Female,Sneakers,Footwear,52,Florida,L,Indigo,4.8,No,Express,No,48,Debit Card
Bi-Weekly,Winter,3586,39,Female,Gloves,Accessories,41,New York,XL,Gray,4.1,No,Standard,No,4,Venmo
Bi-Weekly,Winter,3587,33,Female,Hoodie,Clothing,28,Idaho,M,Yellow,4.6,No,Store Pickup,No,12,PayPal
Annually,Summer,3588,33,Female,Sweater,Clothing,90,Virginia,S,Violet,4.4,No,Standard,No,33,Debit Card
Annually,Spring,3589,23,Female,Sunglasses,Accessories,55,Michigan,M,Magenta,3.5,No,2-Day Shipping,No,40,Cash
Quarterly,Spring,3590,31,Female,Belt,Accessories,73,New Hampshire,M,Blue,4.8,No,Next Day Air,No,38,Cash
Quarterly,Fall,3591,27,Female,Dress,Clothing,87,South Dakota,M,Gray,2.9,No,2-Day Shipping,No,19,Venmo
Quarterly,Winter,3592,48,Female,Jacket,Outerwear,89,South Dakota,M,Gold,3.2,No,2-Day Shipping,No,38,Bank Transfer
Bi-Weekly,Spring,3593,61,Female,Boots,Footwear,82,New Jersey,L,Lavende,4.4,No,2-Day Shipping,No,18,Venmo
Monthly,Spring,3594,63,Female,Sandals,Footwear,80,Wyoming,M,Black,4.6,No,Next Day Air,No,24,PayPal
Quarterly,Summer,3595,19,Female,Scarf,Accessories,87,Alabama,L,Charcoa,2.6,No,2-Day Shipping,No,29,Venmo
Annually,Spring,3596,21,Female,Blouse,Clothing,41,South Dakota,M,Violet,3.1,No,Store Pickup,No,14,PayPal
Bi-Weekly,Spring,3597,28,Female,Hoodie,Clothing,83,South Carolin,M,Charcoa,4.3,No,Standard,No,44,Cash
Quarterly,Summer,3598,29,Female,Sunglasses,Accessories,71,New Mexico,M,Maroon,3.1,No,Standard,No,18,Bank Transfer
Bi-Weekly,Spring,3599,23,Female,Hoodie,Clothing,76,Connecticut,XL,Purple,4.6,No,Store Pickup,No,19,Bank Transfer
Weekly,Spring,3600,37,Female,Scarf,Accessories,34,Kansas,S,Peach,4.6,No,Express,No,4,Cash
Bi-Weekly,Spring,3601,67,Female,Dress,Clothing,81,South Carolin,XL,Olive,2.7,No,Free Shipping,No,25,Cash
Monthly,Summer,3602,34,Female,T-shirt,Clothing,47,North Carolin,M,Indigo,3,No,Next Day Air,No,3,PayPal
Quarterly,Summer,3603,58,Female,Skirt,Clothing,36,Wyoming,S,Magenta,3.3,No,Store Pickup,No,40,Debit Card
Weekly,Spring,3604,45,Female,Jeans,Clothing,51,Louisiana,M,Gold,2.7,No,Free Shipping,No,5,Cash
Annually,Fall,3605,63,Female,Hoodie,Clothing,86,Louisiana,M,Orange,3.3,No,Standard,No,17,Debit Card
Quarterly,Fall,3606,68,Female,Jeans,Clothing,41,Alabama,M,Gold,4.3,No,Store Pickup,No,36,Bank Transfer
Annually,Fall,3607,41,Female,Sandals,Footwear,90,Minnesota,XL,Purple,4.8,No,Express,No,41,Venmo
Bi-Weekly,Fall,3608,50,Female,Hat,Accessories,93,New Mexico,L,Charcoa,3.3,No,Standard,No,20,Venmo
Quarterly,Fall,3609,24,Female,Gloves,Accessories,56,Tennessee,M,Cyan,4.3,No,Next Day Air,No,2,Cash
Monthly,Summer,3610,21,Female,Socks,Clothing,39,New Mexico,M,Cyan,3,No,2-Day Shipping,No,31,Debit Card
Bi-Weekly,Fall,3611,18,Female,Jacket,Outerwear,86,Texas,XL,Green,4.8,No,2-Day Shipping,No,23,Bank Transfer
Annually,Spring,3612,63,Female,T-shirt,Clothing,82,Washington,M,Silver,2.9,No,Standard,No,30,Credit Card
Quarterly,Summer,3613,47,Female,Sandals,Footwear,29,Michigan,M,Teal,3.6,No,Standard,No,26,Cash
Annually,Fall,3614,58,Female,Hat,Accessories,27,Minnesota,M,Magenta,3.5,No,Store Pickup,No,40,Venmo
Annually,Spring,3615,46,Female,Gloves,Accessories,25,Delaware,L,Maroon,4.7,No,2-Day Shipping,No,19,Bank Transfer
Monthly,Winter,3616,35,Female,Dress,Clothing,31,California,M,Gold,4.4,No,Free Shipping,No,4,Credit Card
Bi-Weekly,Winter,3617,42,Female,Hoodie,Clothing,23,Wisconsin,L,Purple,3.3,No,Store Pickup,No,33,Debit Card
Monthly,Fall,3618,48,Female,Belt,Accessories,47,Kentucky,M,Lavende,4.3,No,Express,No,29,Debit Card
Bi-Weekly,Fall,3619,28,Female,Gloves,Accessories,67,Nevada,M,Maroon,4,No,2-Day Shipping,No,47,PayPal
Weekly,Winter,3620,44,Female,Scarf,Accessories,75,North Carolin,S,Magenta,4.9,No,2-Day Shipping,No,50,Venmo
Bi-Weekly,Summer,3621,60,Female,Sandals,Footwear,82,Louisiana,M,Turquoi,2.9,No,Express,No,28,Credit Card
Bi-Weekly,Summer,3622,38,Female,Sneakers,Footwear,32,New Jersey,XL,Silver,4,No,2-Day Shipping,No,5,Cash
Annually,Fall,3623,46,Female,Dress,Clothing,41,Wisconsin,M,Purple,4.3,No,Store Pickup,No,12,Credit Card
Weekly,Winter,3624,39,Female,Jewelry,Accessories,89,Arkansas,M,Violet,2.7,No,2-Day Shipping,No,4,PayPal
Bi-Weekly,Fall,3625,22,Female,Hat,Accessories,82,Texas,XL,Peach,5,No,Store Pickup,No,22,Bank Transfer
Weekly,Winter,3626,44,Female,Scarf,Accessories,99,Illinois,L,Green,4.4,No,Express,No,32,PayPal
Quarterly,Fall,3627,69,Female,Blouse,Clothing,98,Mississippi,L,Teal,3.5,No,Express,No,32,Venmo
Quarterly,Winter,3628,39,Female,Belt,Accessories,54,Delaware,M,Silver,3.3,No,Next Day Air,No,48,Cash
Monthly,Summer,3629,53,Female,Blouse,Clothing,88,Georgia,L,Purple,3.8,No,Free Shipping,No,35,Credit Card
Bi-Weekly,Summer,3630,52,Female,T-shirt,Clothing,43,Kansas,L,Lavende,4.5,No,Standard,No,44,Debit Card
Weekly,Winter,3631,65,Female,Hat,Accessories,73,Oklahoma,M,Lavende,4.8,No,Store Pickup,No,29,Cash
Monthly,Fall,3632,48,Female,Hat,Accessories,50,New Jersey,M,Peach,2.9,No,Store Pickup,No,26,Credit Card
Quarterly,Spring,3633,27,Female,Sneakers,Footwear,73,Utah,L,Green,3.2,No,Express,No,3,Debit Card
Bi-Weekly,Spring,3634,39,Female,Gloves,Accessories,51,Montana,M,Orange,2.8,No,Free Shipping,No,1,Bank Transfer
Annually,Winter,3635,59,Female,Socks,Clothing,22,Ohio,M,Pink,3.3,No,Standard,No,17,PayPal
Bi-Weekly,Fall,3636,52,Female,Sandals,Footwear,32,Colorado,L,Cyan,3.3,No,Free Shipping,No,17,Credit Card
Weekly,Summer,3637,50,Female,Sandals,Footwear,38,California,L,Lavende,4.2,No,2-Day Shipping,No,36,Cash
Bi-Weekly,Winter,3638,32,Female,Boots,Footwear,66,Utah,L,Yellow,3.6,No,Express,No,32,Credit Card
Bi-Weekly,Spring,3639,40,Female,Backpack,Accessories,20,Kansas,M,Olive,4.6,No,Express,No,50,PayPal
Annually,Summer,3640,26,Female,Coat,Outerwear,44,Illinois,M,Brown,3.6,No,2-Day Shipping,No,39,Venmo
Monthly,Spring,3641,47,Female,Sunglasses,Accessories,31,Minnesota,L,Pink,4,No,Next Day Air,No,17,PayPal
Quarterly,Fall,3642,51,Female,Jacket,Outerwear,45,New York,M,Cyan,2.7,No,Free Shipping,No,39,Bank Transfer
Annually,Summer,3643,47,Female,Dress,Clothing,71,Arizona,L,Maroon,4.4,No,Store Pickup,No,5,PayPal
Annually,Fall,3644,53,Female,Scarf,Accessories,96,Tennessee,XL,Magenta,3.2,No,Standard,No,47,Debit Card
Weekly,Winter,3645,35,Female,Blouse,Clothing,32,Arkansas,M,Violet,2.6,No,Next Day Air,No,18,Venmo
Quarterly,Summer,3646,38,Female,Backpack,Accessories,90,Colorado,L,Silver,3.4,No,Free Shipping,No,31,Credit Card
Bi-Weekly,Spring,3647,69,Female,Jewelry,Accessories,68,Nevada,M,Maroon,5,No,2-Day Shipping,No,39,Debit Card
Weekly,Winter,3648,47,Female,Shorts,Clothing,45,Kansas,M,Gray,2.9,No,Store Pickup,No,12,Bank Transfer
Bi-Weekly,Winter,3649,31,Female,Skirt,Clothing,67,New York,M,White,5,No,Free Shipping,No,45,Cash
Bi-Weekly,Fall,3650,68,Female,Skirt,Clothing,57,Minnesota,M,Brown,4.4,No,Standard,No,33,Credit Card
Annually,Summer,3651,51,Female,Jeans,Clothing,60,Ohio,M,Silver,3.5,No,2-Day Shipping,No,3,PayPal
Quarterly,Spring,3652,20,Female,Handbag,Accessories,32,Arizona,M,Yellow,3.8,No,Express,No,5,Venmo
Monthly,Fall,3653,27,Female,Handbag,Accessories,29,Kentucky,S,Magenta,3.8,No,Store Pickup,No,23,Debit Card
Bi-Weekly,Spring,3654,67,Female,Coat,Outerwear,20,Minnesota,M,Blue,3.9,No,Next Day Air,No,39,Credit Card
Annually,Winter,3655,21,Female,Jewelry,Accessories,98,Arkansas,M,Green,3.3,No,Next Day Air,No,10,Credit Card
Bi-Weekly,Fall,3656,20,Female,Sweater,Clothing,27,Wyoming,M,Yellow,2.9,No,Next Day Air,No,4,Credit Card
Monthly,Spring,3657,35,Female,Jacket,Outerwear,67,North Dakota,XL,Cyan,3.7,No,2-Day Shipping,No,18,Credit Card
Quarterly,Winter,3658,58,Female,Shoes,Footwear,82,Alabama,L,Gold,3.7,No,Express,No,1,Debit Card
Bi-Weekly,Fall,3659,28,Female,T-shirt,Clothing,72,Mississippi,M,Magenta,4.6,No,Standard,No,18,PayPal
Annually,Fall,3660,27,Female,Sandals,Footwear,77,Illinois,S,Gray,4.9,No,Store Pickup,No,46,Bank Transfer
Bi-Weekly,Winter,3661,19,Female,Shoes,Footwear,74,Arkansas,L,Indigo,3.1,No,2-Day Shipping,No,13,Bank Transfer
Bi-Weekly,Winter,3662,63,Female,Sandals,Footwear,39,Kansas,S,White,3.5,No,Next Day Air,No,5,Credit Card
Weekly,Spring,3663,69,Female,Shorts,Clothing,80,Rhode Island,M,Indigo,4.9,No,Next Day Air,No,11,Debit Card
Weekly,Summer,3664,65,Female,Backpack,Accessories,59,Florida,M,Green,4.4,No,Express,No,49,Credit Card
Bi-Weekly,Fall,3665,63,Female,Jacket,Outerwear,68,Missouri,M,Turquoi,4.4,No,Store Pickup,No,1,Debit Card
Quarterly,Fall,3666,28,Female,Socks,Clothing,77,North Carolin,M,Peach,3.4,No,Next Day Air,No,11,Credit Card
Quarterly,Winter,3667,67,Female,Jewelry,Accessories,50,Alabama,M,Olive,3,No,2-Day Shipping,No,47,Cash
Monthly,Fall,3668,51,Female,Pants,Clothing,45,Washington,L,Cyan,2.6,No,Next Day Air,No,20,Venmo
Annually,Summer,3669,59,Female,Blouse,Clothing,71,Michigan,XL,Magenta,3.2,No,Store Pickup,No,18,Venmo
Quarterly,Fall,3670,25,Female,Socks,Clothing,52,Washington,S,Silver,4.6,No,Store Pickup,No,43,PayPal
Quarterly,Winter,3671,31,Female,Shoes,Footwear,50,Vermont,S,White,3.8,No,Free Shipping,No,4,PayPal
Quarterly,Summer,3672,62,Female,Handbag,Accessories,66,Illinois,L,Pink,4.8,No,2-Day Shipping,No,20,Venmo
Monthly,Fall,3673,51,Female,Sandals,Footwear,81,New York,S,Pink,4.5,No,Free Shipping,No,7,PayPal
Bi-Weekly,Summer,3674,32,Female,Socks,Clothing,28,Rhode Island,M,Pink,4.2,No,2-Day Shipping,No,31,Bank Transfer
Bi-Weekly,Winter,3675,35,Female,Handbag,Accessories,65,Washington,M,Blue,2.7,No,2-Day Shipping,No,41,Venmo
Monthly,Winter,3676,70,Female,Hat,Accessories,80,Virginia,M,White,4.5,No,Express,No,3,Bank Transfer
Monthly,Spring,3677,19,Female,Jewelry,Accessories,94,Wisconsin,S,Teal,4.9,No,Free Shipping,No,16,PayPal
Annually,Fall,3678,32,Female,Backpack,Accessories,30,Michigan,M,Gray,2.8,No,Standard,No,43,Cash
Bi-Weekly,Fall,3679,56,Female,Shirt,Clothing,45,Texas,S,Beige,3.5,No,Standard,No,29,Bank Transfer
Bi-Weekly,Summer,3680,53,Female,Coat,Outerwear,91,Idaho,M,Violet,2.5,No,Store Pickup,No,5,Cash
Quarterly,Winter,3681,22,Female,Sunglasses,Accessories,36,Iowa,S,Blue,2.9,No,Standard,No,30,Debit Card
Monthly,Fall,3682,26,Female,Gloves,Accessories,73,Connecticut,XL,Magenta,4.2,No,Next Day Air,No,33,Debit Card
Bi-Weekly,Fall,3683,42,Female,Shirt,Clothing,60,Wyoming,M,Maroon,4.6,No,Store Pickup,No,46,Venmo
Bi-Weekly,Winter,3684,30,Female,Socks,Clothing,77,Mississippi,M,Purple,3,No,Free Shipping,No,17,Venmo
Bi-Weekly,Spring,3685,29,Female,Skirt,Clothing,86,Pennsylvania,L,Charcoa,4.4,No,Free Shipping,No,47,Credit Card
Bi-Weekly,Summer,3686,47,Female,Shorts,Clothing,42,Tennessee,L,Red,2.6,No,Standard,No,17,Cash
Bi-Weekly,Spring,3687,59,Female,Sandals,Footwear,70,Louisiana,M,Charcoa,4.8,No,Free Shipping,No,17,Cash
Quarterly,Summer,3688,34,Female,Shirt,Clothing,44,Arkansas,L,Lavende,2.9,No,Next Day Air,No,28,Bank Transfer
Monthly,Spring,3689,52,Female,Sunglasses,Accessories,91,West Virginia,L,White,3,No,Next Day Air,No,8,Cash
Quarterly,Fall,3690,47,Female,Jewelry,Accessories,30,South Carolin,L,Red,4.5,No,Standard,No,8,Bank Transfer
Bi-Weekly,Fall,3691,24,Female,Blouse,Clothing,23,Kansas,S,Violet,3.7,No,Store Pickup,No,4,Bank Transfer
Weekly,Summer,3692,63,Female,Sandals,Footwear,21,Michigan,XL,Orange,4.8,No,Next Day Air,No,24,PayPal
Bi-Weekly,Spring,3693,59,Female,Coat,Outerwear,34,Alabama,L,Turquoi,4.8,No,Free Shipping,No,29,Cash
Weekly,Summer,3694,66,Female,Blouse,Clothing,46,South Dakota,M,Violet,4.7,No,2-Day Shipping,No,10,Venmo
Bi-Weekly,Winter,3695,45,Female,Sweater,Clothing,41,Rhode Island,M,Blue,2.6,No,Express,No,11,PayPal
Bi-Weekly,Fall,3696,38,Female,Skirt,Clothing,33,Florida,M,White,4.6,No,Standard,No,18,Bank Transfer
Annually,Fall,3697,63,Female,Blouse,Clothing,48,Connecticut,L,Turquoi,3.4,No,Next Day Air,No,26,Bank Transfer
Weekly,Winter,3698,55,Female,Hoodie,Clothing,66,Pennsylvania,L,Pink,3,No,Standard,No,39,Cash
Annually,Spring,3699,25,Female,Skirt,Clothing,54,California,XL,Maroon,4,No,2-Day Shipping,No,4,Venmo
Weekly,Fall,3700,51,Female,Backpack,Accessories,55,Oklahoma,M,Olive,2.6,No,Store Pickup,No,24,Bank Transfer
Quarterly,Summer,3701,28,Female,Handbag,Accessories,84,North Dakota,XL,Charcoa,3.4,No,Store Pickup,No,2,Bank Transfer
Annually,Spring,3702,46,Female,Sandals,Footwear,66,New Mexico,M,Charcoa,4.5,No,Store Pickup,No,36,Cash
Weekly,Spring,3703,58,Female,Shoes,Footwear,65,South Carolin,M,Indigo,2.7,No,Store Pickup,No,36,Venmo
Quarterly,Fall,3704,30,Female,Sandals,Footwear,83,Michigan,S,Teal,2.9,No,Standard,No,23,PayPal
Quarterly,Winter,3705,68,Female,Sunglasses,Accessories,61,Missouri,L,Black,4,No,Store Pickup,No,36,Credit Card
Annually,Summer,3706,28,Female,Skirt,Clothing,65,Colorado,L,Teal,3.2,No,Free Shipping,No,2,Debit Card
Bi-Weekly,Spring,3707,26,Female,Sandals,Footwear,55,Kansas,M,Green,4,No,Store Pickup,No,17,Cash
Weekly,Fall,3708,35,Female,Gloves,Accessories,79,Illinois,M,Gold,3.4,No,2-Day Shipping,No,19,Venmo
Monthly,Fall,3709,40,Female,Hoodie,Clothing,96,South Carolin,M,Red,4.9,No,Express,No,41,PayPal
Quarterly,Fall,3710,31,Female,Socks,Clothing,43,Utah,M,Silver,3.6,No,Free Shipping,No,27,PayPal
Bi-Weekly,Summer,3711,60,Female,Jewelry,Accessories,40,Hawaii,M,Yellow,3.6,No,2-Day Shipping,No,32,Bank Transfer
Annually,Fall,3712,69,Female,Hat,Accessories,62,Texas,XL,Peach,3.2,No,Free Shipping,No,33,Cash
Quarterly,Spring,3713,51,Female,Blouse,Clothing,72,Oregon,M,Turquoi,3.7,No,2-Day Shipping,No,24,PayPal
Quarterly,Spring,3714,49,Female,Shoes,Footwear,87,Arizona,M,Peach,2.6,No,Express,No,31,Debit Card
Weekly,Winter,3715,18,Female,Hat,Accessories,31,New York,S,Peach,3.9,No,Express,No,35,Credit Card
Monthly,Fall,3716,63,Female,Sunglasses,Accessories,34,Nebraska,S,Orange,3.4,No,Free Shipping,No,2,Bank Transfer
Quarterly,Fall,3717,57,Female,Shirt,Clothing,53,Vermont,M,Charcoa,3.4,No,Next Day Air,No,42,Debit Card
Quarterly,Summer,3718,45,Female,T-shirt,Clothing,85,Maryland,XL,White,4.2,No,Express,No,47,Bank Transfer
Bi-Weekly,Fall,3719,36,Female,Pants,Clothing,50,Tennessee,L,Turquoi,2.9,No,Standard,No,44,Bank Transfer
Quarterly,Summer,3720,20,Female,Pants,Clothing,91,Pennsylvania,M,Red,4.1,No,Free Shipping,No,8,Bank Transfer
Quarterly,Fall,3721,21,Female,Hat,Accessories,56,South Carolin,M,Peach,3.6,No,Free Shipping,No,13,Credit Card
Annually,Fall,3722,62,Female,Coat,Outerwear,60,Connecticut,L,Pink,4,No,Next Day Air,No,10,Cash
Bi-Weekly,Fall,3723,23,Female,Jacket,Outerwear,34,Kentucky,XL,Yellow,4,No,Standard,No,1,Credit Card
Monthly,Spring,3724,26,Female,Sandals,Footwear,30,Rhode Island,M,Beige,3.6,No,Free Shipping,No,1,Debit Card
Annually,Winter,3725,30,Female,Gloves,Accessories,71,Colorado,L,Green,3.1,No,Express,No,18,Bank Transfer
Annually,Winter,3726,18,Female,Dress,Clothing,100,Oklahoma,S,Turquoi,4.4,No,Next Day Air,No,2,PayPal
Quarterly,Fall,3727,47,Female,Belt,Accessories,85,Idaho,XL,Orange,4.3,No,Next Day Air,No,36,Debit Card
Bi-Weekly,Summer,3728,41,Female,Socks,Clothing,83,Maine,M,Gold,3.5,No,Next Day Air,No,17,Debit Card
Annually,Winter,3729,62,Female,Jacket,Outerwear,31,Vermont,L,Red,3,No,Standard,No,1,Debit Card
Quarterly,Spring,3730,28,Female,Boots,Footwear,82,Rhode Island,M,Teal,4.7,No,2-Day Shipping,No,50,Cash
Bi-Weekly,Summer,3731,46,Female,Shirt,Clothing,79,Florida,M,Teal,2.5,No,2-Day Shipping,No,3,Credit Card
Quarterly,Spring,3732,54,Female,Hat,Accessories,62,West Virginia,M,Lavende,3.1,No,2-Day Shipping,No,45,PayPal
Annually,Spring,3733,36,Female,Shoes,Footwear,92,Indiana,L,Pink,3.3,No,Free Shipping,No,28,PayPal
Quarterly,Fall,3734,25,Female,Socks,Clothing,58,Illinois,M,Maroon,4.7,No,Next Day Air,No,6,Debit Card
Quarterly,Spring,3735,38,Female,Hoodie,Clothing,88,California,M,Beige,3.4,No,Next Day Air,No,33,Debit Card
Annually,Spring,3736,38,Female,Sandals,Footwear,44,Massachusetts,L,Orange,3.1,No,2-Day Shipping,No,29,PayPal
Quarterly,Spring,3737,42,Female,Jeans,Clothing,56,Idaho,M,Red,4.6,No,Store Pickup,No,2,PayPal
Bi-Weekly,Winter,3738,19,Female,Jewelry,Accessories,23,Kentucky,S,Maroon,4.9,No,Free Shipping,No,43,PayPal
Bi-Weekly,Spring,3739,34,Female,Shorts,Clothing,45,Delaware,M,Brown,2.7,No,Free Shipping,No,48,Cash
Weekly,Fall,3740,38,Female,Sunglasses,Accessories,31,Idaho,M,Olive,4.2,No,Free Shipping,No,43,Credit Card
Bi-Weekly,Summer,3741,42,Female,Pants,Clothing,96,Virginia,M,Silver,2.6,No,Store Pickup,No,26,Debit Card
Bi-Weekly,Spring,3742,58,Female,Shirt,Clothing,96,Arizona,M,Purple,3.2,No,2-Day Shipping,No,26,Debit Card
Bi-Weekly,Fall,3743,56,Female,Shirt,Clothing,80,Maryland,M,Gray,4.4,No,Standard,No,50,Credit Card
Quarterly,Fall,3744,62,Female,Pants,Clothing,28,Idaho,L,Cyan,3.6,No,Free Shipping,No,36,Debit Card
Bi-Weekly,Summer,3745,24,Female,Hoodie,Clothing,51,New Jersey,M,Gray,2.7,No,Next Day Air,No,26,Bank Transfer
Monthly,Spring,3746,60,Female,Socks,Clothing,41,Washington,L,Gold,4.3,No,Express,No,2,Debit Card
Monthly,Summer,3747,53,Female,Coat,Outerwear,99,Idaho,XL,Cyan,2.6,No,Next Day Air,No,49,PayPal
Bi-Weekly,Spring,3748,26,Female,Sweater,Clothing,53,Rhode Island,L,Olive,4.3,No,Store Pickup,No,32,Bank Transfer
Annually,Fall,3749,34,Female,Backpack,Accessories,25,Delaware,M,Violet,3.9,No,2-Day Shipping,No,3,Venmo
Quarterly,Winter,3750,24,Female,Blouse,Clothing,95,Alaska,L,Yellow,2.9,No,2-Day Shipping,No,38,Venmo
Monthly,Fall,3751,42,Female,Hoodie,Clothing,88,Arizona,M,Gold,3.1,No,Free Shipping,No,5,PayPal
Quarterly,Fall,3752,36,Female,Jewelry,Accessories,97,Alabama,S,Silver,4.2,No,Free Shipping,No,8,Credit Card
Weekly,Winter,3753,24,Female,Coat,Outerwear,81,Washington,L,Pink,4.1,No,2-Day Shipping,No,43,Venmo
Bi-Weekly,Winter,3754,39,Female,Sunglasses,Accessories,26,Louisiana,S,Turquoi,4.2,No,Next Day Air,No,22,Bank Transfer
Quarterly,Summer,3755,46,Female,Shoes,Footwear,41,Nebraska,M,Turquoi,4.4,No,Express,No,10,Cash
Monthly,Fall,3756,64,Female,Skirt,Clothing,93,Pennsylvania,M,Peach,3.4,No,Free Shipping,No,26,Credit Card
Bi-Weekly,Spring,3757,64,Female,Skirt,Clothing,69,South Carolin,L,Teal,4.8,No,Express,No,42,Debit Card
Weekly,Fall,3758,61,Female,Skirt,Clothing,44,California,L,Red,4.5,No,2-Day Shipping,No,33,Cash
Quarterly,Spring,3759,61,Female,Sandals,Footwear,54,Indiana,S,Black,2.7,No,Store Pickup,No,23,Bank Transfer
Quarterly,Spring,3760,44,Female,Sneakers,Footwear,61,Missouri,M,Pink,3.5,No,Store Pickup,No,30,Venmo
Weekly,Fall,3761,65,Female,Socks,Clothing,80,Connecticut,M,Peach,3.1,No,Next Day Air,No,36,PayPal
Quarterly,Summer,3762,60,Female,Backpack,Accessories,30,Nevada,M,Green,2.8,No,Next Day Air,No,3,Venmo
Annually,Fall,3763,65,Female,Shorts,Clothing,94,New York,L,Green,2.9,No,Store Pickup,No,13,PayPal
Quarterly,Winter,3764,27,Female,Shirt,Clothing,24,Oklahoma,XL,Red,4.5,No,Standard,No,38,Cash
Monthly,Fall,3765,36,Female,Socks,Clothing,21,South Dakota,M,Maroon,3.5,No,Next Day Air,No,19,Venmo
Bi-Weekly,Summer,3766,22,Female,Jewelry,Accessories,52,Missouri,M,Green,4.3,No,Standard,No,14,Bank Transfer
Annually,Fall,3767,62,Female,Handbag,Accessories,59,Texas,M,Black,4.9,No,Next Day Air,No,43,Debit Card
Bi-Weekly,Summer,3768,59,Female,Shorts,Clothing,51,New York,XL,Black,3.1,No,Free Shipping,No,10,Bank Transfer
Quarterly,Winter,3769,50,Female,Sweater,Clothing,35,Vermont,M,Yellow,4,No,Free Shipping,No,34,Bank Transfer
Annually,Summer,3770,51,Female,Gloves,Accessories,87,Arizona,L,Green,3.6,No,Standard,No,31,Venmo
Weekly,Summer,3771,23,Female,Pants,Clothing,42,Montana,L,Black,4,No,Store Pickup,No,34,Bank Transfer
Bi-Weekly,Winter,3772,21,Female,T-shirt,Clothing,86,Oklahoma,M,Red,2.6,No,Express,No,28,Venmo
Annually,Fall,3773,44,Female,Pants,Clothing,26,New Hampshire,L,Yellow,3.1,No,Next Day Air,No,35,Cash
Quarterly,Summer,3774,25,Female,Sweater,Clothing,60,Wisconsin,M,Violet,3.5,No,Store Pickup,No,41,Cash
Bi-Weekly,Winter,3775,57,Female,Gloves,Accessories,83,Alaska,S,Cyan,3.9,No,Standard,No,48,PayPal
Quarterly,Spring,3776,41,Female,Belt,Accessories,63,South Dakota,S,Pink,2.7,No,2-Day Shipping,No,45,Cash
Bi-Weekly,Spring,3777,19,Female,Sneakers,Footwear,25,Alaska,L,Olive,4.1,No,Standard,No,10,Credit Card
Weekly,Fall,3778,43,Female,Shorts,Clothing,65,Utah,M,Maroon,4.3,No,Express,No,9,Cash
Annually,Fall,3779,25,Female,Sneakers,Footwear,60,South Dakota,M,Cyan,2.9,No,Free Shipping,No,30,Debit Card
Annually,Spring,3780,60,Female,Jeans,Clothing,75,California,XL,Lavende,4,No,Express,No,45,PayPal
Quarterly,Fall,3781,54,Female,Sneakers,Footwear,57,Mississippi,L,Yellow,4.1,No,Free Shipping,No,41,Venmo
Bi-Weekly,Winter,3782,52,Female,Boots,Footwear,99,Tennessee,M,Pink,3.7,No,Standard,No,40,PayPal
Bi-Weekly,Spring,3783,40,Female,Jacket,Outerwear,45,Alabama,L,Orange,2.8,No,Free Shipping,No,42,PayPal
Bi-Weekly,Summer,3784,39,Female,Gloves,Accessories,66,Maine,XL,Orange,3.2,No,Free Shipping,No,17,Debit Card
Annually,Winter,3785,54,Female,Socks,Clothing,53,Virginia,M,Violet,4.5,No,Next Day Air,No,4,Venmo
Monthly,Winter,3786,64,Female,Jeans,Clothing,94,New Hampshire,L,Lavende,3.8,No,Standard,No,6,Cash
Weekly,Fall,3787,31,Female,Boots,Footwear,47,Tennessee,L,Yellow,3.6,No,2-Day Shipping,No,22,Venmo
Quarterly,Fall,3788,37,Female,Blouse,Clothing,80,New York,M,Pink,3.6,No,2-Day Shipping,No,46,PayPal
Monthly,Spring,3789,43,Female,Hat,Accessories,65,Kansas,XL,Teal,3.2,No,Next Day Air,No,27,Debit Card
Quarterly,Summer,3790,56,Female,Shirt,Clothing,75,North Dakota,M,Magenta,3.8,No,Express,No,18,Bank Transfer
Weekly,Summer,3791,27,Female,Handbag,Accessories,45,Alaska,XL,Beige,4.4,No,Standard,No,31,Credit Card
Weekly,Spring,3792,40,Female,Sunglasses,Accessories,51,Texas,M,Gray,3.7,No,Store Pickup,No,1,Venmo
Bi-Weekly,Summer,3793,43,Female,Scarf,Accessories,58,Massachusetts,S,Turquoi,2.6,No,Express,No,2,PayPal
Annually,Fall,3794,62,Female,Sunglasses,Accessories,20,Delaware,M,Pink,4,No,Standard,No,46,Bank Transfer
Weekly,Summer,3795,44,Female,Scarf,Accessories,82,South Dakota,M,Violet,3.6,No,2-Day Shipping,No,27,Venmo
Weekly,Spring,3796,45,Female,Gloves,Accessories,92,Arkansas,M,Charcoa,2.5,No,Express,No,3,Cash
Quarterly,Fall,3797,40,Female,Shorts,Clothing,81,Utah,M,Lavende,3.2,No,Free Shipping,No,47,Bank Transfer
Quarterly,Summer,3798,68,Female,Sunglasses,Accessories,44,California,M,Gray,2.5,No,Next Day Air,No,20,Cash
Annually,Winter,3799,63,Female,Jewelry,Accessories,72,Rhode Island,S,Brown,3.2,No,Next Day Air,No,23,Credit Card
Monthly,Winter,3800,60,Female,Jacket,Outerwear,26,Oklahoma,L,Violet,2.6,No,Store Pickup,No,13,Credit Card
Bi-Weekly,Fall,3801,19,Female,Sweater,Clothing,26,Vermont,M,Turquoi,4.8,No,Next Day Air,No,12,Venmo
Bi-Weekly,Spring,3802,26,Female,Blouse,Clothing,84,Kentucky,M,Peach,5,No,Store Pickup,No,36,PayPal
Monthly,Spring,3803,70,Female,Scarf,Accessories,72,Illinois,S,Turquoi,3.2,No,2-Day Shipping,No,1,Bank Transfer
Weekly,Spring,3804,48,Female,Handbag,Accessories,55,Connecticut,M,Violet,3.6,No,Standard,No,14,Debit Card
Annually,Fall,3805,37,Female,Hat,Accessories,77,Florida,M,Olive,2.7,No,2-Day Shipping,No,45,Cash
Quarterly,Fall,3806,48,Female,Scarf,Accessories,57,New Jersey,M,Green,3.1,No,Standard,No,31,Credit Card
Weekly,Spring,3807,18,Female,Boots,Footwear,71,Missouri,M,Teal,3,No,Standard,No,41,PayPal
Annually,Spring,3808,38,Female,Blouse,Clothing,39,Michigan,L,Peach,2.9,No,Next Day Air,No,36,PayPal
Bi-Weekly,Winter,3809,33,Female,Socks,Clothing,28,Washington,M,Pink,4.7,No,Express,No,6,Debit Card
Annually,Winter,3810,57,Female,Shoes,Footwear,33,New York,S,Maroon,3.7,No,Standard,No,28,Credit Card
Monthly,Fall,3811,46,Female,Skirt,Clothing,79,Wisconsin,L,Peach,3.9,No,Free Shipping,No,29,Venmo
Monthly,Winter,3812,46,Female,Belt,Accessories,30,Idaho,M,Maroon,4,No,Standard,No,14,Cash
Quarterly,Spring,3813,50,Female,Skirt,Clothing,75,Michigan,M,Pink,2.8,No,Next Day Air,No,7,Bank Transfer
Bi-Weekly,Summer,3814,61,Female,Pants,Clothing,89,Georgia,M,Orange,4.1,No,Express,No,31,Venmo
Quarterly,Winter,3815,45,Female,Dress,Clothing,95,Michigan,M,Orange,4.2,No,Free Shipping,No,26,Bank Transfer
Bi-Weekly,Fall,3816,32,Female,Hat,Accessories,44,Maine,M,Brown,4.3,No,Express,No,12,Venmo
Bi-Weekly,Summer,3817,29,Female,Coat,Outerwear,86,Maryland,S,Silver,4.3,No,Store Pickup,No,45,Credit Card
Annually,Fall,3818,66,Female,Scarf,Accessories,91,Missouri,M,Magenta,2.6,No,Express,No,40,PayPal
Monthly,Winter,3819,70,Female,Sneakers,Footwear,41,Oregon,XL,Indigo,3.8,No,Free Shipping,No,42,Cash
Quarterly,Spring,3820,36,Female,Pants,Clothing,99,Arkansas,S,Gold,2.9,No,Express,No,45,Cash
Quarterly,Winter,3821,34,Female,Belt,Accessories,65,New Hampshire,M,Purple,5,No,Standard,No,34,Debit Card
Quarterly,Summer,3822,20,Female,Sneakers,Footwear,48,Oregon,M,Gold,4.6,No,Free Shipping,No,34,Credit Card
Quarterly,Spring,3823,70,Female,Hat,Accessories,41,Kansas,S,Gold,3.2,No,Free Shipping,No,17,PayPal
Weekly,Summer,3824,50,Female,Shirt,Clothing,42,California,M,Gold,3,No,Standard,No,27,Bank Transfer
Quarterly,Summer,3825,54,Female,Shorts,Clothing,26,Georgia,M,Olive,4,No,Free Shipping,No,31,Credit Card
Bi-Weekly,Fall,3826,49,Female,Shorts,Clothing,35,Hawaii,L,Green,4.1,No,Express,No,47,Debit Card
Annually,Summer,3827,50,Female,Jacket,Outerwear,31,Montana,M,Gray,4,No,Express,No,25,Bank Transfer
Bi-Weekly,Summer,3828,62,Female,Jewelry,Accessories,73,Montana,M,Red,4.1,No,Standard,No,47,Cash
Weekly,Spring,3829,42,Female,Blouse,Clothing,82,Mississippi,M,Charcoa,3.4,No,Free Shipping,No,8,Cash
Bi-Weekly,Spring,3830,69,Female,Pants,Clothing,32,Washington,M,Indigo,2.9,No,Free Shipping,No,32,Debit Card
Quarterly,Summer,3831,22,Female,Hat,Accessories,27,Pennsylvania,M,Indigo,3,No,2-Day Shipping,No,33,Bank Transfer
Quarterly,Spring,3832,36,Female,Backpack,Accessories,86,Nevada,L,Silver,4,No,Next Day Air,No,16,Debit Card
Weekly,Winter,3833,64,Female,Boots,Footwear,38,Kansas,XL,Purple,4.8,No,2-Day Shipping,No,27,Cash
Quarterly,Summer,3834,44,Female,Jacket,Outerwear,93,Arizona,L,Gray,4.6,No,Free Shipping,No,17,PayPal
Quarterly,Winter,3835,43,Female,Hoodie,Clothing,59,Tennessee,M,Magenta,4.1,No,2-Day Shipping,No,17,Cash
Bi-Weekly,Winter,3836,58,Female,Sandals,Footwear,58,Pennsylvania,L,Silver,2.6,No,Express,No,28,PayPal
Bi-Weekly,Spring,3837,62,Female,Skirt,Clothing,84,Alaska,M,Violet,2.5,No,Free Shipping,No,38,PayPal
Bi-Weekly,Spring,3838,45,Female,Hoodie,Clothing,100,New Mexico,M,Green,4.8,No,Free Shipping,No,33,Bank Transfer
Quarterly,Summer,3839,47,Female,Dress,Clothing,25,Rhode Island,L,Green,4.2,No,Express,No,24,Venmo
Quarterly,Spring,3840,66,Female,Sandals,Footwear,29,Connecticut,M,Peach,3.9,No,Free Shipping,No,14,Venmo
Bi-Weekly,Spring,3841,30,Female,Jeans,Clothing,42,Idaho,M,Turquoi,3.7,No,Express,No,5,Venmo
Monthly,Fall,3842,68,Female,Jeans,Clothing,57,Mississippi,L,Pink,4.2,No,2-Day Shipping,No,8,Bank Transfer
Monthly,Winter,3843,35,Female,Jacket,Outerwear,84,Colorado,L,Lavende,4.2,No,Next Day Air,No,42,Debit Card
Quarterly,Winter,3844,64,Female,Hat,Accessories,71,Georgia,L,Silver,4,No,Free Shipping,No,48,Venmo
Quarterly,Fall,3845,30,Female,Shorts,Clothing,87,Montana,S,Cyan,5,No,Next Day Air,No,40,Venmo
Annually,Winter,3846,58,Female,Sweater,Clothing,52,California,M,Green,4.9,No,Standard,No,46,Venmo
Quarterly,Summer,3847,57,Female,Blouse,Clothing,58,Pennsylvania,L,Orange,4,No,Express,No,40,PayPal
Bi-Weekly,Fall,3848,60,Female,Sweater,Clothing,34,Delaware,S,Blue,3.2,No,2-Day Shipping,No,31,PayPal
Quarterly,Winter,3849,22,Female,Jewelry,Accessories,60,New Hampshire,M,Magenta,3,No,Next Day Air,No,39,Cash
Bi-Weekly,Winter,3850,46,Female,Hoodie,Clothing,68,Florida,S,Cyan,2.6,No,Express,No,36,PayPal
Quarterly,Summer,3851,27,Female,Jewelry,Accessories,74,Mississippi,L,Indigo,4.4,No,2-Day Shipping,No,25,Debit Card
Annually,Summer,3852,50,Female,Scarf,Accessories,83,Montana,M,Pink,3.9,No,Free Shipping,No,24,Debit Card
Weekly,Fall,3853,65,Female,Hat,Accessories,79,Mississippi,M,Peach,4,No,2-Day Shipping,No,19,PayPal
Bi-Weekly,Fall,3854,61,Female,Sunglasses,Accessories,76,Tennessee,M,Lavende,4,No,Store Pickup,No,49,Debit Card
Annually,Spring,3855,57,Female,T-shirt,Clothing,20,Florida,M,Black,4.2,No,Free Shipping,No,4,Venmo
Quarterly,Summer,3856,40,Female,Shirt,Clothing,61,Illinois,XL,Lavende,4.4,No,Next Day Air,No,36,Cash
Quarterly,Summer,3857,39,Female,Sandals,Footwear,78,Virginia,S,Brown,2.5,No,Free Shipping,No,8,Debit Card
Quarterly,Summer,3858,42,Female,Hat,Accessories,21,Texas,S,Yellow,3.1,No,Store Pickup,No,29,Credit Card
Quarterly,Winter,3859,30,Female,T-shirt,Clothing,77,Missouri,M,Olive,3.5,No,Store Pickup,No,26,Credit Card
Bi-Weekly,Fall,3860,65,Female,Shorts,Clothing,88,Mississippi,S,Blue,3,No,2-Day Shipping,No,47,Bank Transfer
Annually,Summer,3861,57,Female,Sunglasses,Accessories,64,Pennsylvania,M,Turquoi,4.4,No,Next Day Air,No,44,Cash
Monthly,Spring,3862,64,Female,Jacket,Outerwear,57,Wyoming,M,Yellow,4.9,No,Standard,No,49,Credit Card
Monthly,Winter,3863,56,Female,Shirt,Clothing,49,Idaho,L,Turquoi,2.8,No,Next Day Air,No,9,Venmo
Bi-Weekly,Summer,3864,40,Female,Scarf,Accessories,35,New Hampshire,M,Orange,3.3,No,Free Shipping,No,28,Cash
Bi-Weekly,Winter,3865,55,Female,T-shirt,Clothing,99,Wyoming,S,Blue,4.9,No,Express,No,1,Debit Card
Quarterly,Spring,3866,25,Female,Shorts,Clothing,42,Nebraska,M,Olive,4.2,No,Store Pickup,No,28,Cash
Bi-Weekly,Winter,3867,58,Female,Hat,Accessories,32,Alaska,M,Beige,3.3,No,2-Day Shipping,No,33,Credit Card
Monthly,Summer,3868,46,Female,Jacket,Outerwear,21,Maryland,L,Lavende,2.7,No,Standard,No,28,Credit Card
Annually,Winter,3869,18,Female,Dress,Clothing,29,Maryland,XL,Magenta,3.3,No,2-Day Shipping,No,9,Cash
Annually,Spring,3870,26,Female,Coat,Outerwear,64,Arizona,L,Cyan,3.8,No,Free Shipping,No,28,Bank Transfer
Quarterly,Fall,3871,61,Female,Sandals,Footwear,46,Ohio,L,Lavende,3.2,No,Next Day Air,No,19,Cash
Quarterly,Fall,3872,55,Female,T-shirt,Clothing,97,Minnesota,M,Black,4.1,No,2-Day Shipping,No,20,Bank Transfer
Monthly,Spring,3873,41,Female,Jacket,Outerwear,94,New Hampshire,M,Green,4.3,No,Standard,No,3,Cash
Weekly,Summer,3874,42,Female,Sandals,Footwear,43,Louisiana,L,Silver,4,No,Standard,No,22,Credit Card
Bi-Weekly,Summer,3875,70,Female,Sweater,Clothing,54,Nevada,XL,Beige,3.9,No,2-Day Shipping,No,33,Credit Card
Annually,Winter,3876,63,Female,Hat,Accessories,51,New Hampshire,M,Pink,3.3,No,2-Day Shipping,No,21,Credit Card
Annually,Fall,3877,60,Female,Shoes,Footwear,85,Wisconsin,S,Cyan,2.6,No,2-Day Shipping,No,7,Cash
Monthly,Spring,3878,28,Female,Hoodie,Clothing,96,Nevada,M,Olive,4.2,No,Next Day Air,No,46,Debit Card
Annually,Summer,3879,60,Female,Hat,Accessories,42,South Carolin,M,Pink,3.4,No,2-Day Shipping,No,24,Credit Card
Quarterly,Winter,3880,26,Female,Skirt,Clothing,63,Florida,L,Maroon,4.1,No,Free Shipping,No,6,Debit Card
Monthly,Winter,3881,42,Female,Shirt,Clothing,20,Massachusetts,M,Red,3.9,No,Free Shipping,No,40,PayPal
Weekly,Spring,3882,56,Female,Scarf,Accessories,25,Georgia,L,Silver,2.8,No,2-Day Shipping,No,17,Debit Card
Bi-Weekly,Fall,3883,35,Female,Pants,Clothing,95,North Dakota,L,Blue,2.6,No,Free Shipping,No,24,Cash
Bi-Weekly,Fall,3884,34,Female,Hat,Accessories,38,North Dakota,XL,Purple,4,No,Next Day Air,No,22,Cash
Weekly,Fall,3885,47,Female,Sandals,Footwear,29,Maryland,M,Brown,4.9,No,Express,No,3,PayPal
Quarterly,Winter,3886,49,Female,Socks,Clothing,64,New Mexico,L,Purple,3.2,No,Free Shipping,No,39,Cash
Quarterly,Summer,3887,37,Female,Jewelry,Accessories,92,Iowa,S,Brown,3.9,No,Express,No,40,Debit Card
Quarterly,Spring,3888,40,Female,Shirt,Clothing,34,Kansas,M,Charcoa,2.7,No,Express,No,1,Credit Card
Bi-Weekly,Spring,3889,45,Female,Sneakers,Footwear,69,Virginia,M,Violet,3.4,No,Standard,No,14,Venmo
Annually,Spring,3890,57,Female,Dress,Clothing,65,Alaska,S,Yellow,3.5,No,Express,No,49,Bank Transfer
Annually,Winter,3891,35,Female,Shirt,Clothing,81,Nebraska,XL,Green,2.6,No,Standard,No,33,Debit Card
Quarterly,Winter,3892,36,Female,Dress,Clothing,30,Colorado,L,Peach,4.7,No,Free Shipping,No,6,Bank Transfer
Bi-Weekly,Summer,3893,35,Female,Jewelry,Accessories,86,Michigan,L,Indigo,3.5,No,Standard,No,5,PayPal
Bi-Weekly,Fall,3894,21,Female,Hat,Accessories,64,Massachusetts,L,White,3.3,No,Store Pickup,No,29,Bank Transfer
Quarterly,Spring,3895,66,Female,Skirt,Clothing,78,Connecticut,L,White,3.9,No,2-Day Shipping,No,44,Credit Card
Weekly,Summer,3896,40,Female,Hoodie,Clothing,28,Virginia,L,Turquoi,4.2,No,2-Day Shipping,No,32,Venmo
Bi-Weekly,Spring,3897,52,Female,Backpack,Accessories,49,Iowa,L,White,4.5,No,Store Pickup,No,41,Bank Transfer
Quarterly,Spring,3898,46,Female,Belt,Accessories,33,New Jersey,L,Green,2.9,No,Standard,No,24,Venmo
Weekly,Summer,3899,44,Female,Shoes,Footwear,77,Minnesota,S,Brown,3.8,No,Express,No,24,Venmo
Quarterly,Spring,3900,52,Female,Handbag,Accessories,81,California,M,Beige,3.1,No,Store Pickup,No,33,Venmo
Quarterly,Spring,4000,33,Other,Headphones,Electronics,144.76523587,Phoenix,M,Red,5,Yes,Express,Yes,47,PayPal
Quarterly,Summer,4002,63,Female,Phone,Accessories,856.97,Los Angeles,M,Blue,2,Yes,Standard,Yes,28,Credit Card
Monthly,Spring,4004,22,Female,Headphones,Clothing,144.76523587,Houston,XL,Black,5,Yes,Standard,No,25.221901377,Debit Card
Weekly,Winter,4005,39,Other,Watch,Clothing,144.76523587,Phoenix,XL,Blue,3.6681951,No,Express,Yes,37,Debit Card
Monthly,Spring,4007,33,Male,Bag,Clothing,144.76523587,New York,S,Blue,1,No,Standard,Yes,25.221901377,PayPal
Weekly,Fall,4008,33,Other,Watch,Clothing,144.76523587,New York,XL,Black,4,No,Express,No,41,PayPal
Quarterly,Winter,4011,50,Female,Headphones,Clothing,144.76523587,Los Angeles,S,Blue,3,No,Standard,Yes,25.221901377,Debit Card
Monthly,Winter,4012,32,Other,Phone,Clothing,199.98,Phoenix,L,Blue,3.6681951,No,Standard,No,5,PayPal
Quarterly,Fall,4013,60,Female,Watch,Accessories,144.76523587,Phoenix,L,Black,2,No,Express,No,12,Cash
Monthly,Summer,4015,34,Other,Bag,Electronics,409.98,Chicago,M,Blue,3.6681951,Yes,Standard,Yes,25.221901377,PayPal
Weekly,Summer,4016,19,Male,Watch,Clothing,144.76523587,Houston,M,Black,3.6681951,No,Express,Yes,33,Cash
Monthly,Fall,4017,58,Male,Laptop,Electronics,690.65,Phoenix,M,Green,1,No,Standard,No,25.221901377,Debit Card
Weekly,Winter,4018,36,Male,Phone,Clothing,144.76523587,Los Angeles,L,Green,5,Yes,Express,Yes,25.221901377,Cash
Monthly,Winter,4019,28,Male,Laptop,Clothing,864.47,New York,XL,Green,3.6681951,Yes,Standard,Yes,7,Debit Card
Quarterly,Winter,4020,60,Female,Phone,Accessories,1247.31,Houston,S,White,3.6681951,No,Express,Yes,20,PayPal
Quarterly,Winter,4021,32,Female,Shoes,Accessories,144.76523587,Houston,S,Black,4,Yes,Standard,No,25.221901377,Credit Card
Weekly,Summer,4022,39,Female,Laptop,Electronics,144.76523587,Phoenix,M,Green,4,No,Express,Yes,34,Debit Card
Weekly,Spring,4023,55,Other,Bag,Electronics,144.76523587,Phoenix,M,White,3,Yes,Express,No,25.221901377,Debit Card
Quarterly,Fall,4024,55,Female,Watch,Accessories,144.76523587,Chicago,S,Green,3.6681951,No,Express,No,25.221901377,PayPal
Quarterly,Summer,4025,68,Female,Headphones,Clothing,144.76523587,Phoenix,XL,Red,3.6681951,No,Express,Yes,33,Debit Card
Weekly,Spring,4026,58,Other,Bag,Electronics,144.76523587,Houston,M,White,3.6681951,No,Express,No,25.221901377,Debit Card
Weekly,Summer,4027,68,Other,Laptop,Clothing,1416.19,Los Angeles,XL,Blue,5,No,Express,No,34,Debit Card
Quarterly,Summer,4028,23,Other,Headphones,Electronics,144.76523587,Los Angeles,M,Black,3.6681951,Yes,Express,Yes,25.221901377,Credit Card
Monthly,Spring,4029,37,Female,Phone,Accessories,144.76523587,Phoenix,M,Blue,3.6681951,No,Standard,No,25.221901377,Credit Card
Quarterly,Winter,4030,41,Male,Bag,Accessories,144.76523587,Phoenix,L,Blue,3,Yes,Express,Yes,34,Cash
Monthly,Spring,4031,44,Other,Shoes,Clothing,144.76523587,New York,L,White,5,Yes,Express,No,0,Credit Card
Monthly,Winter,4032,23,Female,Shirt,Clothing,213.14,Phoenix,L,White,3.6681951,Yes,Express,Yes,25.221901377,Credit Card
Weekly,Summer,4033,66,Female,Laptop,Electronics,144.76523587,New York,M,White,3.6681951,No,Express,No,25.221901377,Debit Card
Monthly,Spring,4034,39,Male,Phone,Accessories,849.1,Houston,M,Red,3.6681951,Yes,Standard,No,22,Credit Card
Monthly,Summer,4035,67,Male,Laptop,Accessories,163.69,Houston,M,Red,3.6681951,Yes,Standard,No,25.221901377,Cash
Quarterly,Summer,4036,41,Male,Bag,Accessories,144.76523587,Phoenix,M,Black,5,No,Standard,No,48,Cash
Weekly,Summer,4037,23,Female,Laptop,Electronics,109.58,Houston,M,Black,3.6681951,Yes,Standard,No,25.221901377,PayPal
Monthly,Fall,4038,45,Female,Watch,Accessories,144.76523587,Chicago,L,Black,3.6681951,No,Express,No,14,PayPal
Monthly,Spring,4039,35,Female,Watch,Electronics,144.76523587,Los Angeles,M,Green,3,Yes,Express,Yes,24,Cash
Weekly,Summer,4040,43,Male,Headphones,Accessories,144.76523587,Chicago,S,White,3.6681951,No,Express,No,25.221901377,Debit Card
Monthly,Fall,4041,66,Male,Laptop,Accessories,144.76523587,Phoenix,M,Red,3,No,Standard,No,25.221901377,PayPal
Monthly,Winter,4042,21,Other,Headphones,Accessories,1006.01,Los Angeles,S,Green,3.6681951,No,Standard,Yes,50,Debit Card
Quarterly,Summer,4043,65,Male,Phone,Electronics,196.43,Los Angeles,M,Blue,3.6681951,No,Standard,Yes,25.221901377,Debit Card
Quarterly,Summer,4044,40,Other,Headphones,Clothing,144.76523587,Phoenix,XL,White,3.6681951,No,Standard,Yes,25.221901377,Cash
Weekly,Winter,4046,57,Female,Phone,Clothing,216.55,Phoenix,XL,Black,4,Yes,Express,Yes,21,Debit Card
Weekly,Summer,4047,49,Male,Watch,Electronics,144.76523587,Phoenix,M,White,5,Yes,Standard,No,25.221901377,Cash
Quarterly,Summer,4048,30,Other,Phone,Electronics,144.76523587,Los Angeles,M,Green,3.6681951,No,Standard,Yes,6,PayPal
Quarterly,Spring,4049,35,Female,Headphones,Accessories,288.11,Chicago,M,Black,1,No,Express,No,1,PayPal
Quarterly,Summer,4050,47,Other,Headphones,Electronics,1409.36,Los Angeles,M,Blue,4,No,Standard,Yes,25.221901377,Credit Card
Monthly,Fall,4051,65,Male,Watch,Clothing,144.76523587,Los Angeles,M,Blue,3.6681951,No,Express,No,49,Cash
Monthly,Winter,4052,47,Female,Phone,Electronics,144.76523587,New York,M,White,2,Yes,Standard,Yes,25.221901377,Debit Card
Monthly,Spring,4054,63,Female,Laptop,Clothing,144.76523587,Phoenix,S,Red,4,Yes,Standard,Yes,25.221901377,PayPal
Quarterly,Fall,4055,21,Other,Headphones,Accessories,1493.56,New York,S,Green,3.6681951,No,Express,Yes,9,Credit Card
Quarterly,Winter,4056,39,Other,Shirt,Electronics,144.76523587,New York,M,Green,3.6681951,Yes,Express,Yes,25.221901377,Cash
Quarterly,Winter,4057,41,Female,Shoes,Electronics,144.76523587,Los Angeles,M,Black,3.6681951,No,Standard,Yes,10,Credit Card
Quarterly,Winter,4058,45,Female,Shoes,Accessories,144.76523587,Chicago,L,Red,3.6681951,Yes,Standard,No,35,Credit Card
Quarterly,Fall,4059,27,Male,Bag,Electronics,144.76523587,Chicago,M,White,3.6681951,Yes,Standard,Yes,36,PayPal
Quarterly,Fall,4060,25,Female,Bag,Electronics,144.76523587,Houston,M,White,3.6681951,No,Standard,No,25.221901377,Credit Card
Monthly,Fall,4061,29,Male,Watch,Accessories,1036.05,New York,S,Blue,2,No,Express,Yes,30,Credit Card
Quarterly,Winter,4062,20,Other,Headphones,Electronics,144.76523587,Phoenix,M,Red,3.6681951,Yes,Express,Yes,25.221901377,PayPal
Quarterly,Fall,4063,54,Female,Phone,Accessories,134.5,Chicago,S,Red,1,No,Express,Yes,0,Debit Card
Monthly,Winter,4064,64,Female,Shoes,Accessories,196.05,New York,S,Green,3.6681951,Yes,Express,Yes,13,Cash
Quarterly,Fall,4065,23,Male,Phone,Accessories,144.76523587,Phoenix,L,Blue,3.6681951,Yes,Standard,Yes,25.221901377,Debit Card
Monthly,Summer,4066,42,Other,Shoes,Accessories,144.76523587,Phoenix,S,Red,2,No,Standard,Yes,19,Credit Card
Monthly,Summer,4067,28,Other,Headphones,Clothing,1028.71,Los Angeles,S,Green,3.6681951,No,Standard,Yes,36,Debit Card
Quarterly,Summer,4069,68,Other,Shirt,Clothing,144.76523587,Los Angeles,XL,Black,3.6681951,No,Express,No,40,Debit Card
Weekly,Spring,4070,58,Female,Watch,Electronics,939.3,Los Angeles,M,Green,3.6681951,No,Express,No,25.221901377,Debit Card
Quarterly,Fall,4072,63,Male,Shoes,Clothing,144.76523587,Los Angeles,S,Red,1,No,Standard,Yes,25.221901377,Credit Card
Weekly,Winter,4073,47,Male,Watch,Clothing,144.76523587,Los Angeles,L,Black,4,Yes,Express,No,25.221901377,Cash
Monthly,Winter,4074,61,Female,Bag,Electronics,316.21,Los Angeles,M,Red,1,Yes,Express,No,15,Debit Card
Quarterly,Spring,4075,63,Male,Shirt,Electronics,144.76523587,Houston,M,Blue,3.6681951,No,Express,Yes,30,Cash
Weekly,Summer,4076,57,Other,Watch,Clothing,144.76523587,Phoenix,M,White,2,No,Express,No,38,Credit Card
Weekly,Spring,4077,33,Male,Shoes,Clothing,144.76523587,New York,L,Green,3.6681951,No,Standard,Yes,40,Debit Card
Quarterly,Summer,4078,46,Other,Laptop,Clothing,581.66,Los Angeles,S,Black,3.6681951,No,Standard,Yes,25.221901377,PayPal
Monthly,Winter,4080,28,Female,Bag,Electronics,551.22,Los Angeles,M,Blue,3.6681951,Yes,Standard,Yes,32,Cash
Quarterly,Spring,4081,62,Female,Laptop,Electronics,144.76523587,New York,M,White,5,No,Express,No,25.221901377,Debit Card
Weekly,Winter,4082,18,Male,Shirt,Accessories,61.43,Los Angeles,M,Black,3.6681951,Yes,Express,Yes,10,Credit Card
Quarterly,Winter,4083,31,Other,Laptop,Accessories,144.76523587,New York,S,Blue,3.6681951,Yes,Express,No,23,PayPal
Quarterly,Fall,4084,60,Other,Headphones,Clothing,1100.8,Chicago,XL,Blue,3,Yes,Standard,No,25.221901377,Cash
Weekly,Fall,4085,67,Female,Shoes,Electronics,70.87,Chicago,M,Green,2,No,Standard,No,25.221901377,Credit Card
Quarterly,Winter,4086,28,Male,Shoes,Electronics,144.76523587,Houston,M,Red,4,Yes,Express,Yes,25.221901377,PayPal
Weekly,Summer,4087,22,Female,Bag,Accessories,144.76523587,New York,M,Green,2,No,Standard,No,12,Credit Card
Weekly,Spring,4088,49,Female,Laptop,Electronics,144.76523587,Chicago,M,Blue,3.6681951,No,Express,No,37,Debit Card
Weekly,Spring,4089,32,Male,Shirt,Accessories,191.75,Chicago,S,Blue,3.6681951,No,Standard,Yes,25,Debit Card
Monthly,Summer,4090,54,Female,Shoes,Clothing,144.76523587,Phoenix,XL,Black,3.6681951,Yes,Standard,Yes,25.221901377,Credit Card
Quarterly,Spring,4091,44,Other,Bag,Clothing,517.7,Houston,S,Red,3.6681951,Yes,Standard,No,25.221901377,Credit Card
Monthly,Fall,4092,55,Other,Bag,Accessories,144.76523587,Phoenix,S,Red,4,No,Express,Yes,33,Debit Card
Quarterly,Spring,4093,64,Female,Laptop,Clothing,144.76523587,Los Angeles,XL,Red,2,Yes,Standard,No,25.221901377,PayPal
Weekly,Spring,4094,36,Female,Watch,Electronics,630.4,Houston,M,White,5,No,Express,No,34,PayPal
Weekly,Winter,4095,65,Male,Laptop,Accessories,144.76523587,New York,M,Black,3.6681951,No,Express,Yes,25.221901377,PayPal
Monthly,Summer,4097,29,Female,Laptop,Accessories,144.76523587,Los Angeles,S,Black,3,Yes,Express,Yes,18,Debit Card
Weekly,Spring,4099,66,Other,Bag,Clothing,843.15,Los Angeles,S,Black,5,No,Standard,Yes,8,PayPal
Weekly,Spring,4101,22,Male,Bag,Clothing,125.59,Houston,XL,Blue,3.6681951,Yes,Standard,Yes,25.221901377,Cash
Quarterly,Summer,4102,32,Male,Laptop,Electronics,129.57,Los Angeles,M,Green,3,No,Standard,Yes,2,Debit Card
Quarterly,Summer,4103,63,Female,Bag,Electronics,1264.71,Chicago,M,Green,3.6681951,Yes,Standard,Yes,25.221901377,Credit Card
Monthly,Summer,4104,55,Other,Watch,Accessories,144.76523587,Phoenix,S,Red,3.6681951,No,Standard,No,25.221901377,Debit Card
Weekly,Fall,4106,40,Other,Bag,Accessories,144.76523587,Phoenix,M,Green,2,No,Express,Yes,16,PayPal
Monthly,Spring,4107,48,Male,Bag,Electronics,236.32,Houston,M,Red,3.6681951,Yes,Express,No,25.221901377,Debit Card
Quarterly,Spring,4108,21,Male,Phone,Clothing,1410.28,Chicago,M,White,3.6681951,No,Express,Yes,0,Credit Card
Monthly,Winter,4109,64,Female,Bag,Electronics,144.76523587,New York,M,White,1,No,Express,Yes,25.221901377,Debit Card
Monthly,Spring,4110,27,Other,Bag,Electronics,144.76523587,Los Angeles,M,White,1,No,Standard,No,25.221901377,Debit Card
Weekly,Summer,4111,49,Male,Phone,Clothing,144.76523587,Houston,M,Black,3.6681951,No,Express,No,25.221901377,PayPal
Monthly,Winter,4112,51,Female,Headphones,Electronics,1232,Phoenix,M,Blue,3.6681951,Yes,Express,No,25.221901377,Debit Card
Weekly,Winter,4115,69,Other,Shirt,Clothing,144.76523587,Los Angeles,M,Red,3,No,Express,No,5,Credit Card
Quarterly,Winter,4116,52,Male,Bag,Accessories,144.76523587,Los Angeles,L,Black,4,Yes,Standard,No,25.221901377,Credit Card
Weekly,Spring,4117,34,Other,Laptop,Clothing,117.29,Los Angeles,L,Black,3.6681951,Yes,Standard,No,25.221901377,Cash
Quarterly,Summer,4118,18,Other,Shirt,Accessories,144.76523587,Phoenix,S,Black,3,Yes,Standard,No,25.221901377,Debit Card
Monthly,Winter,4120,65,Other,Bag,Clothing,144.76523587,Chicago,S,Green,3.6681951,Yes,Standard,No,25.221901377,Debit Card
Monthly,Summer,4121,38,Other,Headphones,Accessories,917.62,Houston,L,White,4,Yes,Standard,Yes,25.221901377,Cash
Monthly,Winter,4122,44,Other,Laptop,Accessories,307.64,Phoenix,S,Blue,3.6681951,Yes,Express,No,32,PayPal
Monthly,Winter,4124,46,Other,Shirt,Electronics,144.76523587,Houston,M,Red,3.6681951,No,Express,Yes,25.221901377,Credit Card
Weekly,Summer,4125,20,Other,Headphones,Electronics,543.93,Phoenix,M,Black,5,No,Express,No,37,Cash
Monthly,Winter,4126,49,Female,Shoes,Clothing,144.76523587,New York,XL,Red,3.6681951,Yes,Express,Yes,25.221901377,PayPal
Monthly,Spring,4127,38,Other,Headphones,Electronics,1132.97,Chicago,M,Blue,3,No,Express,No,10,Debit Card
Monthly,Fall,4128,41,Female,Shoes,Electronics,144.76523587,Houston,M,Red,3.6681951,No,Express,No,25.221901377,Credit Card
Quarterly,Winter,4129,40,Other,Phone,Electronics,70.06,Chicago,M,Black,3.6681951,No,Standard,No,25.221901377,Cash
Quarterly,Fall,4130,52,Other,Phone,Accessories,43.99,Houston,M,Red,3.6681951,No,Express,Yes,1,Debit Card
Weekly,Spring,4131,44,Male,Phone,Electronics,418.13,Los Angeles,M,Red,4,No,Standard,Yes,25.221901377,Credit Card
Weekly,Fall,4132,62,Male,Watch,Electronics,33.92,Los Angeles,M,Green,3.6681951,No,Express,Yes,25.221901377,PayPal
Monthly,Spring,4133,54,Other,Shoes,Accessories,144.76523587,Los Angeles,S,Red,2,Yes,Standard,Yes,25.221901377,Debit Card
Weekly,Spring,4134,39,Female,Shoes,Accessories,144.76523587,Los Angeles,L,Black,3.6681951,No,Standard,Yes,25.221901377,PayPal
Weekly,Winter,4135,32,Male,Phone,Clothing,144.76523587,Houston,XL,Red,5,No,Standard,Yes,41,Credit Card
Monthly,Summer,4136,70,Other,Headphones,Electronics,144.76523587,New York,M,Red,3.6681951,Yes,Express,No,25.221901377,Debit Card
Weekly,Fall,4137,50,Other,Phone,Accessories,144.76523587,Los Angeles,L,Blue,2,Yes,Express,No,25.221901377,PayPal
Weekly,Spring,4139,55,Male,Headphones,Clothing,144.76523587,Houston,L,Black,1,No,Standard,Yes,25.221901377,Credit Card
Weekly,Spring,4140,70,Female,Headphones,Electronics,1281.96,New York,M,White,1,No,Express,No,25.221901377,Cash
Monthly,Summer,4141,58,Other,Headphones,Electronics,1290.5,New York,M,Red,3.6681951,No,Standard,No,28,Debit Card
Monthly,Fall,4142,22,Other,Shoes,Accessories,144.76523587,Los Angeles,S,Green,3.6681951,Yes,Express,No,25.221901377,Credit Card
Weekly,Spring,4143,18,Other,Bag,Electronics,144.76523587,Houston,M,Red,3.6681951,Yes,Standard,No,6,Debit Card
Quarterly,Fall,4144,22,Female,Watch,Electronics,144.76523587,Chicago,M,White,3.6681951,Yes,Express,Yes,14,PayPal
Monthly,Spring,4145,19,Other,Phone,Accessories,83.82,New York,S,Red,1,Yes,Standard,Yes,7,Cash
Quarterly,Summer,4146,33,Male,Laptop,Clothing,144.76523587,Houston,S,Blue,3,No,Express,Yes,32,Debit Card
Quarterly,Summer,4147,56,Other,Bag,Electronics,752.44,Phoenix,M,Black,1,No,Express,Yes,14,Cash
Monthly,Spring,4148,65,Female,Headphones,Clothing,371.47,Chicago,XL,Red,4,Yes,Standard,No,23,Credit Card
Weekly,Spring,4149,55,Female,Laptop,Clothing,144.76523587,Los Angeles,S,Blue,3.6681951,Yes,Standard,No,25.221901377,PayPal
Weekly,Winter,4150,40,Other,Headphones,Clothing,988.27,New York,L,White,3.6681951,No,Express,No,25.221901377,Cash
Weekly,Fall,4151,64,Male,Phone,Accessories,1384.25,New York,M,Red,1,No,Standard,Yes,25.221901377,Credit Card
Quarterly,Fall,4152,32,Male,Laptop,Clothing,144.76523587,Houston,S,Green,1,No,Express,No,21,Debit Card
Monthly,Spring,4153,67,Other,Shoes,Accessories,144.76523587,Los Angeles,M,Red,3.6681951,No,Express,No,31,Credit Card
Weekly,Summer,4155,22,Male,Phone,Clothing,144.76523587,Chicago,XL,Blue,3,No,Standard,Yes,25.221901377,Credit Card
Quarterly,Fall,4157,40,Male,Headphones,Electronics,20.19,Phoenix,M,Green,1,Yes,Express,Yes,25.221901377,Debit Card
Monthly,Fall,4158,24,Female,Shirt,Clothing,144.76523587,Chicago,L,Red,3.6681951,No,Standard,Yes,25.221901377,Debit Card
Monthly,Fall,4159,59,Male,Bag,Clothing,144.76523587,Los Angeles,XL,White,3.6681951,Yes,Standard,No,25.221901377,Cash
Weekly,Spring,4161,54,Other,Headphones,Clothing,144.76523587,New York,XL,Blue,3.6681951,No,Standard,No,25.221901377,Debit Card
Weekly,Winter,4162,54,Other,Headphones,Clothing,144.76523587,Phoenix,S,Green,1,No,Express,Yes,25.221901377,Debit Card
Quarterly,Fall,4163,28,Other,Headphones,Accessories,789.72,Los Angeles,S,White,4,Yes,Express,Yes,33,Credit Card
Monthly,Spring,4164,41,Female,Phone,Electronics,144.76523587,New York,M,Red,3.6681951,No,Standard,No,25.221901377,PayPal
Quarterly,Spring,4165,53,Other,Laptop,Clothing,684.07,Chicago,L,Blue,5,Yes,Standard,Yes,25.221901377,Cash
Weekly,Winter,4166,35,Male,Watch,Accessories,251.11,Chicago,S,Black,3.6681951,Yes,Express,No,25.221901377,PayPal
Quarterly,Fall,4167,67,Male,Headphones,Accessories,1300.15,Chicago,L,Blue,3.6681951,Yes,Express,Yes,29,Cash
Weekly,Winter,4168,35,Female,Laptop,Accessories,144.76523587,Houston,S,Red,3.6681951,No,Standard,No,25.221901377,Credit Card
Quarterly,Spring,4169,20,Female,Laptop,Clothing,459.33,Houston,L,Black,2,Yes,Standard,No,25.221901377,PayPal
Quarterly,Spring,4170,55,Male,Headphones,Electronics,902.86,Chicago,M,Blue,3.6681951,No,Standard,No,25.221901377,Debit Card
Weekly,Fall,4171,23,Male,Phone,Clothing,495.98,Phoenix,M,Green,3.6681951,Yes,Standard,No,25.221901377,Debit Card
Monthly,Summer,4172,55,Male,Watch,Clothing,187.11,Phoenix,M,Red,1,No,Express,Yes,25.221901377,Credit Card
Quarterly,Summer,4173,53,Other,Headphones,Clothing,257.44,Chicago,L,Green,5,No,Express,No,25.221901377,Cash
Monthly,Winter,4174,50,Male,Bag,Clothing,144.76523587,New York,L,Black,5,No,Standard,No,13,Cash
Monthly,Spring,4175,46,Other,Bag,Accessories,1233.29,Houston,S,Blue,3.6681951,No,Express,Yes,8,Credit Card
Monthly,Fall,4177,51,Other,Headphones,Clothing,144.76523587,Los Angeles,S,Black,3.6681951,No,Standard,No,25.221901377,Cash
Quarterly,Summer,4178,63,Other,Phone,Electronics,144.76523587,Houston,M,Blue,3.6681951,Yes,Express,No,15,PayPal
Monthly,Summer,4179,46,Other,Phone,Electronics,794.92,Phoenix,M,Blue,3,No,Standard,Yes,14,Credit Card
Quarterly,Winter,4180,50,Male,Watch,Electronics,144.76523587,New York,M,Green,3.6681951,No,Express,No,42,PayPal
Monthly,Spring,4181,34,Female,Phone,Electronics,10.12,Los Angeles,M,Blue,1,No,Standard,Yes,7,Credit Card
Monthly,Winter,4182,20,Other,Watch,Accessories,144.76523587,New York,S,Green,2,Yes,Standard,Yes,21,Credit Card
Weekly,Fall,4183,69,Female,Phone,Accessories,144.76523587,Phoenix,S,Black,4,No,Standard,No,25.221901377,PayPal
Weekly,Spring,4184,55,Male,Watch,Electronics,1016.09,New York,M,Green,4,No,Express,No,25.221901377,PayPal
Monthly,Summer,4185,29,Female,Laptop,Clothing,1025.93,Houston,L,Blue,1,Yes,Express,No,20,Cash
Monthly,Fall,4186,54,Other,Shirt,Electronics,144.76523587,New York,M,Black,5,No,Express,Yes,23,PayPal
Monthly,Summer,4187,44,Male,Phone,Clothing,144.76523587,Los Angeles,XL,Green,3.6681951,Yes,Express,Yes,16,Credit Card
Quarterly,Winter,4188,18,Other,Headphones,Accessories,144.76523587,Chicago,M,Black,3.6681951,No,Express,No,2,PayPal
Quarterly,Summer,4190,46,Other,Headphones,Accessories,1224.96,New York,L,Black,3.6681951,Yes,Express,Yes,25.221901377,PayPal
Monthly,Summer,4191,62,Male,Headphones,Accessories,144.76523587,New York,M,Black,1,No,Standard,Yes,25.221901377,Credit Card
Monthly,Winter,4192,46,Other,Watch,Electronics,105.21,Houston,M,Green,3.6681951,Yes,Standard,Yes,25.221901377,PayPal
Monthly,Spring,4195,53,Male,Watch,Electronics,877.02,Houston,M,Green,3.6681951,No,Standard,Yes,25.221901377,Debit Card
Quarterly,Fall,4196,19,Female,Laptop,Clothing,144.76523587,Los Angeles,S,White,3.6681951,Yes,Express,No,25.221901377,Credit Card
Weekly,Winter,4197,30,Female,Headphones,Accessories,243.4,Chicago,S,Red,1,No,Standard,Yes,26,Cash
Weekly,Summer,4198,42,Female,Phone,Accessories,144.76523587,Phoenix,M,Red,3.6681951,Yes,Express,Yes,31,Cash
Monthly,Fall,4199,44,Other,Bag,Accessories,144.76523587,Houston,M,Black,3.6681951,Yes,Standard,Yes,25,Cash
Weekly,Winter,4200,68,Other,Headphones,Clothing,1138.62,Chicago,XL,White,5,Yes,Standard,Yes,25.221901377,Debit Card
Quarterly,Spring,4201,18,Female,Headphones,Electronics,628.28,Phoenix,M,Black,4,Yes,Standard,No,15,Cash
Monthly,Winter,4202,65,Male,Shirt,Electronics,144.76523587,Los Angeles,M,White,3.6681951,No,Express,Yes,42,Cash
Quarterly,Summer,4203,35,Male,Shoes,Accessories,144.76523587,Los Angeles,L,Green,3,Yes,Standard,No,25.221901377,Debit Card
Monthly,Summer,4204,33,Female,Headphones,Clothing,1388.46,Chicago,M,White,5,No,Express,No,16,PayPal
Quarterly,Summer,4205,45,Other,Headphones,Clothing,144.76523587,Los Angeles,L,Red,5,No,Standard,No,26,Debit Card
Quarterly,Spring,4206,57,Female,Shirt,Electronics,144.76523587,Houston,M,Blue,3.6681951,No,Express,No,25.221901377,Cash
Monthly,Winter,4207,44,Other,Bag,Electronics,896.53,New York,M,Blue,4,Yes,Express,No,0,Debit Card
Monthly,Winter,4208,36,Female,Bag,Electronics,178.86,Houston,M,White,3,Yes,Express,No,25.221901377,Credit Card
Weekly,Summer,4211,58,Other,Laptop,Accessories,39.28,Chicago,L,Green,3.6681951,Yes,Standard,No,25.221901377,Credit Card
Weekly,Winter,4212,45,Other,Bag,Accessories,144.76523587,Chicago,L,Black,3.6681951,Yes,Standard,No,30,PayPal
Quarterly,Winter,4213,67,Male,Headphones,Electronics,444.17,New York,M,Blue,3.6681951,Yes,Express,Yes,7,PayPal
Monthly,Fall,4214,34,Other,Bag,Accessories,144.76523587,Phoenix,S,Red,1,Yes,Express,No,15,PayPal
Quarterly,Summer,4215,70,Male,Phone,Electronics,144.76523587,New York,M,Red,3.6681951,No,Standard,Yes,25,PayPal
Monthly,Summer,4216,56,Female,Bag,Accessories,713.42,Los Angeles,M,Red,3.6681951,Yes,Standard,No,8,PayPal
Weekly,Spring,4218,40,Male,Headphones,Accessories,544.47,New York,L,Red,2,No,Standard,Yes,47,Credit Card
Weekly,Spring,4219,44,Male,Laptop,Accessories,1495.94,Houston,L,Green,5,No,Express,No,25.221901377,Credit Card
Quarterly,Fall,4220,54,Male,Headphones,Clothing,144.76523587,Phoenix,S,Blue,3.6681951,No,Express,No,5,Debit Card
Monthly,Fall,4221,49,Other,Phone,Electronics,1372.93,Los Angeles,M,Green,3.6681951,Yes,Express,Yes,25.221901377,Credit Card
Weekly,Summer,4222,53,Other,Bag,Electronics,144.76523587,Los Angeles,M,Green,3.6681951,Yes,Express,Yes,19,Cash
Quarterly,Winter,4223,59,Male,Phone,Accessories,227,New York,M,Green,4,No,Express,No,25.221901377,PayPal
Monthly,Fall,4224,46,Male,Laptop,Clothing,356.1,New York,M,Black,3.6681951,No,Express,Yes,32,Debit Card
Weekly,Spring,4225,26,Other,Headphones,Accessories,19.69,Houston,S,White,3.6681951,Yes,Standard,Yes,26,Cash
Monthly,Spring,4226,41,Female,Bag,Clothing,1472.22,Chicago,L,Green,3.6681951,No,Express,Yes,25.221901377,Debit Card
Monthly,Summer,4227,29,Female,Headphones,Accessories,144.76523587,New York,S,Black,2,No,Express,No,25.221901377,Credit Card
Weekly,Winter,4229,68,Other,Bag,Electronics,882.19,New York,M,Green,3.6681951,No,Standard,Yes,25.221901377,Debit Card
Weekly,Spring,4230,61,Other,Bag,Electronics,123.39,New York,M,Blue,2,No,Express,Yes,5,Debit Card
Monthly,Summer,4231,23,Other,Laptop,Electronics,1379.95,Los Angeles,M,Red,4,No,Express,Yes,11,Debit Card
Monthly,Winter,4233,27,Female,Bag,Accessories,47.79,Houston,L,Red,3,No,Express,No,25.221901377,PayPal
Quarterly,Summer,4234,27,Male,Laptop,Electronics,1388.53,Chicago,M,Blue,3.6681951,Yes,Express,No,45,PayPal
Quarterly,Spring,4235,56,Other,Headphones,Clothing,144.76523587,New York,S,Red,3.6681951,Yes,Express,Yes,25.221901377,Debit Card
Quarterly,Summer,4236,65,Male,Shirt,Accessories,144.76523587,Chicago,L,White,2,No,Standard,Yes,49,Debit Card
Quarterly,Winter,4237,27,Male,Headphones,Clothing,297.78,Los Angeles,S,Green,5,Yes,Express,Yes,44,Cash
Quarterly,Fall,4238,55,Female,Watch,Electronics,144.76523587,Chicago,M,Green,3.6681951,No,Express,Yes,25.221901377,PayPal
Monthly,Winter,4239,59,Female,Laptop,Clothing,144.76523587,Chicago,M,Black,3,Yes,Express,Yes,14,Credit Card
Weekly,Winter,4240,39,Male,Laptop,Accessories,144.76523587,Phoenix,M,Green,3.6681951,Yes,Standard,Yes,20,Credit Card
Quarterly,Winter,4241,29,Male,Phone,Electronics,144.76523587,New York,M,Green,3.6681951,Yes,Standard,Yes,17,Debit Card
Monthly,Summer,4242,61,Female,Shoes,Electronics,60.79,Phoenix,M,White,3.6681951,Yes,Standard,No,25.221901377,Cash
Quarterly,Winter,4243,18,Male,Bag,Clothing,144.76523587,Los Angeles,XL,Red,3.6681951,No,Express,No,25.221901377,Cash
Weekly,Spring,4244,44,Other,Headphones,Electronics,191.27,Chicago,M,White,3.6681951,Yes,Standard,Yes,25.221901377,PayPal
Quarterly,Winter,4246,57,Male,Bag,Electronics,144.76523587,Houston,M,Blue,5,No,Express,Yes,25.221901377,Debit Card
Quarterly,Winter,4247,28,Female,Laptop,Accessories,144.76523587,Chicago,M,White,1,No,Standard,Yes,2,Credit Card
Quarterly,Fall,4248,38,Other,Laptop,Clothing,1117.69,New York,L,Blue,3,Yes,Express,Yes,25.221901377,PayPal
Quarterly,Spring,4249,19,Other,Watch,Accessories,144.76523587,Houston,L,Red,3.6681951,Yes,Standard,Yes,25.221901377,Cash
Monthly,Summer,4250,24,Other,Shirt,Accessories,144.76523587,Houston,M,Red,4,No,Standard,Yes,25.221901377,Cash
Monthly,Spring,4251,20,Male,Bag,Clothing,956.02,Chicago,XL,White,3.6681951,Yes,Standard,Yes,6,Cash
Quarterly,Winter,4252,67,Female,Phone,Accessories,1009.61,Los Angeles,S,Green,3,Yes,Standard,No,1,PayPal
Weekly,Fall,4253,59,Female,Headphones,Accessories,144.76523587,Chicago,M,Green,3.6681951,Yes,Express,Yes,49,Cash
Quarterly,Winter,4254,59,Other,Laptop,Clothing,888.11,New York,XL,White,3,Yes,Standard,No,13,Credit Card
Quarterly,Summer,4255,68,Male,Shirt,Accessories,144.76523587,Phoenix,S,Blue,1,Yes,Standard,No,49,PayPal
Weekly,Fall,4256,70,Male,Phone,Electronics,144.76523587,Los Angeles,M,Green,3.6681951,Yes,Standard,Yes,25,Cash
Quarterly,Winter,4257,60,Other,Bag,Clothing,144.76523587,Houston,XL,Green,3.6681951,Yes,Express,No,11,Cash
Monthly,Summer,4258,27,Other,Headphones,Accessories,321.96,Houston,M,Blue,3,Yes,Standard,No,21,Debit Card
Weekly,Spring,4259,69,Male,Phone,Clothing,144.76523587,New York,M,Black,3.6681951,Yes,Express,No,25.221901377,PayPal
Weekly,Fall,4260,42,Male,Watch,Electronics,520.35,Los Angeles,M,Blue,5,Yes,Standard,Yes,34,PayPal
Weekly,Spring,4261,54,Other,Laptop,Accessories,144.76523587,Los Angeles,L,Blue,3.6681951,Yes,Standard,Yes,24,Credit Card
Monthly,Fall,4262,23,Male,Laptop,Accessories,144.76523587,New York,L,Green,4,Yes,Standard,Yes,29,Debit Card
Quarterly,Spring,4263,51,Female,Bag,Clothing,144.76523587,Houston,S,Red,4,No,Express,No,17,Debit Card
Quarterly,Summer,4264,60,Male,Watch,Electronics,144.76523587,Houston,M,Black,2,Yes,Express,Yes,25.221901377,Cash
Monthly,Spring,4265,63,Other,Bag,Accessories,708.58,Houston,S,Green,2,Yes,Standard,Yes,25.221901377,Debit Card
Weekly,Spring,4266,23,Female,Headphones,Electronics,144.76523587,Phoenix,M,Red,1,Yes,Standard,Yes,22,Cash
Weekly,Fall,4267,25,Male,Shoes,Clothing,221.06,Houston,M,Black,3.6681951,Yes,Express,No,25.221901377,Cash
Quarterly,Spring,4268,62,Other,Phone,Accessories,144.76523587,New York,L,Blue,3.6681951,Yes,Express,Yes,12,PayPal
Quarterly,Fall,4269,56,Female,Laptop,Electronics,118.61,Los Angeles,M,Green,1,Yes,Standard,Yes,25.221901377,PayPal
Quarterly,Winter,4270,55,Female,Phone,Electronics,387.35,Los Angeles,M,White,3.6681951,No,Standard,No,9,Credit Card
Monthly,Spring,4271,58,Female,Shoes,Electronics,144.76523587,New York,M,Blue,3.6681951,No,Standard,Yes,15,Credit Card
Quarterly,Fall,4272,67,Female,Laptop,Clothing,144.76523587,Chicago,XL,Green,2,No,Express,Yes,25.221901377,Credit Card
Weekly,Winter,4274,34,Female,Laptop,Electronics,996.93,New York,M,White,3.6681951,No,Express,No,42,Debit Card
Weekly,Summer,4275,47,Female,Laptop,Accessories,1207.32,Houston,L,White,1,Yes,Express,No,29,Debit Card
Monthly,Spring,4276,53,Other,Watch,Accessories,144.76523587,Houston,M,Red,3.6681951,Yes,Standard,No,28,Credit Card
Weekly,Spring,4277,38,Female,Bag,Clothing,144.76523587,Phoenix,XL,Red,3.6681951,No,Standard,No,25.221901377,Credit Card
Weekly,Summer,4278,57,Male,Watch,Electronics,144.76523587,Houston,M,White,4,Yes,Express,Yes,5,Debit Card
Weekly,Spring,4279,42,Other,Bag,Clothing,144.76523587,Houston,XL,Red,1,No,Express,No,5,Credit Card
Weekly,Winter,4280,54,Male,Headphones,Electronics,144.76523587,Houston,M,Black,4,No,Standard,No,2,PayPal
Quarterly,Fall,4281,48,Male,Headphones,Clothing,144.76523587,Los Angeles,S,Green,3.6681951,No,Express,Yes,25.221901377,Credit Card
Quarterly,Summer,4282,40,Male,Headphones,Accessories,144.76523587,Houston,L,Green,4,Yes,Standard,No,25.221901377,Credit Card
Monthly,Fall,4283,66,Male,Headphones,Accessories,144.76523587,New York,L,Green,3,Yes,Express,Yes,25.221901377,PayPal
Quarterly,Summer,4284,70,Male,Headphones,Clothing,964.07,Phoenix,M,Green,1,Yes,Standard,Yes,49,Debit Card
Monthly,Winter,4285,18,Female,Watch,Clothing,144.76523587,Houston,M,Red,4,Yes,Express,No,6,PayPal
Monthly,Spring,4286,54,Other,Bag,Clothing,144.76523587,Houston,M,White,5,No,Express,Yes,25.221901377,PayPal
Monthly,Fall,4287,29,Male,Phone,Clothing,144.76523587,New York,XL,Green,3.6681951,Yes,Standard,No,1,Cash
Monthly,Summer,4288,39,Other,Laptop,Clothing,993.53,Chicago,M,Black,4,Yes,Express,No,19,Credit Card
Weekly,Fall,4289,34,Female,Phone,Accessories,1282.44,New York,S,Red,3.6681951,No,Express,Yes,36,PayPal
Quarterly,Summer,4290,37,Male,Laptop,Clothing,144.76523587,Chicago,S,Blue,3.6681951,Yes,Standard,No,25.221901377,PayPal
Quarterly,Winter,4291,21,Female,Phone,Electronics,351.36,Houston,M,White,4,Yes,Standard,No,43,Credit Card
Weekly,Summer,4292,27,Other,Laptop,Electronics,144.76523587,Houston,M,Blue,3.6681951,Yes,Express,Yes,25.221901377,Credit Card
Quarterly,Summer,4293,27,Other,Shoes,Accessories,144.76523587,Houston,M,White,4,Yes,Express,Yes,25.221901377,PayPal
Quarterly,Spring,4294,25,Other,Watch,Electronics,144.76523587,Houston,M,Red,3.6681951,No,Standard,Yes,20,Cash
Weekly,Fall,4295,31,Other,Shirt,Clothing,144.76523587,Phoenix,S,White,3.6681951,Yes,Express,Yes,50,Credit Card
Monthly,Winter,4298,58,Female,Headphones,Accessories,943.94,Houston,L,Green,3.6681951,Yes,Express,No,38,Credit Card
Quarterly,Spring,4299,61,Female,Watch,Electronics,144.76523587,Phoenix,M,Black,4,No,Standard,No,25.221901377,Debit Card
Monthly,Spring,4300,40,Female,Bag,Clothing,1400.99,Chicago,S,White,3.6681951,No,Express,Yes,25.221901377,Debit Card
Monthly,Fall,4301,59,Male,Bag,Accessories,862.98,Phoenix,S,Blue,3.6681951,No,Standard,Yes,12,Cash
Quarterly,Fall,4302,36,Male,Shirt,Clothing,144.76523587,Los Angeles,M,White,5,No,Standard,Yes,25.221901377,Credit Card
Quarterly,Spring,4303,23,Male,Laptop,Accessories,443.37,Chicago,L,Red,3,No,Standard,No,28,PayPal
Monthly,Winter,4304,35,Female,Headphones,Electronics,469.48,Houston,M,Red,3.6681951,Yes,Standard,Yes,25.221901377,Cash
Monthly,Spring,4305,45,Other,Shoes,Electronics,144.76523587,Houston,M,Blue,3.6681951,Yes,Express,Yes,25.221901377,Cash
Monthly,Fall,4306,41,Male,Watch,Clothing,144.76523587,Los Angeles,XL,Blue,1,No,Standard,Yes,11,PayPal
Weekly,Summer,4307,57,Male,Shirt,Clothing,144.76523587,Los Angeles,M,Red,3.6681951,Yes,Standard,No,36,PayPal
Weekly,Winter,4308,69,Female,Headphones,Electronics,144.76523587,Houston,M,White,3.6681951,No,Express,Yes,25.221901377,PayPal
Monthly,Winter,4309,24,Female,Bag,Accessories,144.76523587,Chicago,S,Red,3.6681951,No,Express,Yes,25.221901377,Cash
Monthly,Winter,4310,53,Female,Shoes,Accessories,144.76523587,Los Angeles,L,White,5,Yes,Express,No,25.221901377,Cash
Monthly,Winter,4311,19,Female,Bag,Clothing,873.21,Chicago,S,Red,5,Yes,Express,No,33,Credit Card
Weekly,Summer,4313,18,Female,Shirt,Electronics,144.76523587,Phoenix,M,Green,3.6681951,No,Express,No,25.221901377,PayPal
Weekly,Fall,4314,42,Female,Watch,Electronics,866.03,Los Angeles,M,Black,3,Yes,Express,No,25.221901377,Debit Card
Weekly,Fall,4316,23,Female,Headphones,Electronics,144.76523587,New York,M,Green,1,No,Standard,No,25.221901377,Credit Card
Monthly,Winter,4317,57,Female,Shoes,Clothing,144.76523587,Houston,L,Blue,3.6681951,No,Standard,Yes,13,Debit Card
Monthly,Spring,4318,45,Female,Watch,Electronics,335.78,New York,M,White,2,No,Standard,Yes,6,Debit Card
Monthly,Summer,4319,47,Other,Watch,Electronics,144.76523587,Houston,M,Green,3.6681951,Yes,Express,Yes,28,PayPal
Quarterly,Spring,4320,35,Male,Shoes,Accessories,144.76523587,Chicago,M,Green,3.6681951,No,Standard,Yes,25.221901377,PayPal
Monthly,Winter,4321,70,Female,Watch,Electronics,384.3,Chicago,M,Blue,5,Yes,Standard,Yes,8,Debit Card
Weekly,Spring,4322,54,Other,Shirt,Electronics,144.76523587,Los Angeles,M,Green,5,No,Standard,Yes,43,Debit Card
Weekly,Winter,4323,31,Male,Phone,Clothing,144.76523587,Phoenix,L,White,4,No,Express,No,25.221901377,Debit Card
Weekly,Spring,4324,28,Male,Shirt,Clothing,144.76523587,Chicago,S,Red,3.6681951,No,Express,Yes,32,Cash
Weekly,Summer,4325,56,Male,Bag,Accessories,1396.89,New York,M,White,3.6681951,Yes,Express,Yes,25.221901377,Credit Card
Weekly,Summer,4326,44,Other,Phone,Electronics,144.76523587,Houston,M,Green,1,No,Standard,Yes,31,Credit Card
Quarterly,Fall,4327,68,Other,Bag,Accessories,144.76523587,Phoenix,L,Green,5,No,Express,Yes,25.221901377,PayPal
Monthly,Spring,4328,29,Female,Watch,Clothing,144.76523587,New York,M,Green,4,No,Express,No,3,Cash
Monthly,Fall,4329,31,Other,Bag,Electronics,1380.81,Phoenix,M,White,3.6681951,No,Express,Yes,37,Credit Card
Monthly,Summer,4330,64,Other,Phone,Accessories,144.76523587,New York,M,White,3.6681951,No,Express,No,14,PayPal
Weekly,Fall,4331,66,Female,Bag,Accessories,144.76523587,Phoenix,L,Black,3,Yes,Express,No,25.221901377,Cash
Quarterly,Fall,4332,31,Female,Bag,Clothing,144.76523587,Los Angeles,M,White,4,Yes,Standard,No,25.221901377,Credit Card
Quarterly,Winter,4333,32,Female,Shirt,Electronics,144.76523587,Los Angeles,M,Blue,3.6681951,No,Express,Yes,25.221901377,Credit Card
Weekly,Winter,4334,29,Female,Bag,Clothing,837.03,Houston,M,Black,3.6681951,No,Standard,Yes,25.221901377,Debit Card
Weekly,Spring,4335,22,Other,Bag,Accessories,144.76523587,Los Angeles,M,Blue,5,No,Standard,No,1,Debit Card
Weekly,Spring,4336,36,Female,Watch,Clothing,144.76523587,Los Angeles,XL,Black,3.6681951,No,Express,No,29,Cash
Weekly,Fall,4337,31,Other,Watch,Accessories,183.76,New York,M,Red,2,No,Express,No,26,Credit Card
Monthly,Spring,4338,29,Other,Headphones,Clothing,157.83,Chicago,L,Blue,4,No,Standard,No,19,Cash
Quarterly,Spring,4339,31,Female,Watch,Accessories,843.84,Phoenix,M,Green,5,No,Express,Yes,25.221901377,Debit Card
Weekly,Spring,4340,40,Female,Shirt,Clothing,144.76523587,Chicago,XL,Red,3.6681951,Yes,Standard,Yes,25.221901377,Credit Card
Weekly,Summer,4341,57,Other,Bag,Electronics,144.76523587,Phoenix,M,Black,3.6681951,Yes,Standard,Yes,25.221901377,Credit Card
Quarterly,Spring,4342,31,Female,Laptop,Electronics,1351.65,Los Angeles,M,Blue,2,Yes,Standard,Yes,25.221901377,Debit Card
Weekly,Summer,4343,48,Other,Bag,Electronics,144.76523587,Los Angeles,M,Blue,3.6681951,No,Standard,Yes,26,Debit Card
Quarterly,Spring,4344,31,Female,Headphones,Electronics,23.3,Los Angeles,M,Red,3.6681951,Yes,Standard,No,39,PayPal
Monthly,Summer,4345,43,Male,Bag,Clothing,95.29,New York,M,Blue,3.6681951,Yes,Standard,Yes,50,Credit Card
Monthly,Fall,4346,21,Female,Bag,Clothing,144.76523587,Chicago,XL,Blue,1,Yes,Standard,Yes,28,Cash
Weekly,Summer,4347,65,Male,Headphones,Clothing,144.76523587,Chicago,S,Black,4,Yes,Standard,Yes,25.221901377,PayPal
Monthly,Winter,4348,42,Male,Phone,Clothing,1033.69,New York,L,Blue,1,No,Express,No,23,Debit Card
Quarterly,Spring,4349,18,Male,Shirt,Accessories,144.76523587,New York,M,Red,1,No,Standard,Yes,25.221901377,Cash
Weekly,Winter,4350,64,Other,Laptop,Clothing,247.51,Chicago,S,Green,4,No,Express,No,14,Debit Card
Weekly,Winter,4351,26,Other,Watch,Electronics,1147.1,Chicago,M,White,2,No,Standard,Yes,25.221901377,Credit Card
Weekly,Summer,4352,25,Female,Phone,Electronics,144.76523587,Houston,M,Red,3.6681951,No,Standard,Yes,50,Cash
Quarterly,Fall,4353,60,Male,Phone,Accessories,144.76523587,Los Angeles,L,Black,3.6681951,Yes,Express,Yes,25.221901377,PayPal
Monthly,Fall,4354,53,Other,Laptop,Electronics,144.76523587,Los Angeles,M,Black,3.6681951,No,Express,Yes,25.221901377,PayPal
Weekly,Fall,4356,33,Female,Phone,Clothing,144.76523587,Houston,XL,Blue,5,Yes,Standard,No,2,PayPal
Monthly,Summer,4357,21,Other,Watch,Clothing,144.76523587,Los Angeles,M,Black,3.6681951,No,Express,No,25.221901377,Debit Card
Quarterly,Fall,4358,25,Female,Laptop,Accessories,144.76523587,Phoenix,L,Blue,3.6681951,Yes,Express,No,12,Credit Card
Monthly,Spring,4359,32,Female,Bag,Accessories,144.76523587,Houston,S,Green,5,Yes,Standard,No,29,PayPal
Quarterly,Summer,4361,20,Other,Shirt,Accessories,238.88,Houston,L,White,2,Yes,Standard,Yes,29,Cash
Quarterly,Winter,4362,64,Male,Bag,Electronics,144.76523587,Chicago,M,Red,1,Yes,Express,Yes,25.221901377,Cash
Weekly,Fall,4363,25,Female,Headphones,Electronics,144.76523587,Houston,M,Red,3.6681951,No,Express,Yes,25.221901377,PayPal
Quarterly,Winter,4365,29,Other,Headphones,Clothing,1069.81,Los Angeles,S,Red,1,Yes,Standard,No,25.221901377,Credit Card
Quarterly,Spring,4366,66,Female,Phone,Electronics,144.76523587,New York,M,Blue,3.6681951,No,Express,No,6,Credit Card
Quarterly,Fall,4367,23,Other,Shirt,Electronics,235.67,Phoenix,M,Green,3.6681951,No,Standard,No,25.221901377,PayPal
Weekly,Spring,4368,37,Other,Headphones,Clothing,144.76523587,Phoenix,M,Red,3.6681951,Yes,Standard,Yes,25.221901377,PayPal
Monthly,Fall,4369,45,Other,Laptop,Clothing,144.76523587,Chicago,XL,Blue,1,No,Standard,Yes,2,Debit Card
Monthly,Winter,4370,46,Other,Headphones,Electronics,1407.1,New York,M,White,3.6681951,Yes,Express,No,12,Cash
Monthly,Winter,4372,56,Male,Shirt,Clothing,75.12,Chicago,S,Blue,3.6681951,Yes,Express,No,34,Cash
Quarterly,Spring,4373,40,Female,Headphones,Electronics,767.36,Chicago,M,Black,3.6681951,No,Express,Yes,25.221901377,PayPal
Weekly,Summer,4374,37,Female,Phone,Electronics,144.61,Chicago,M,Blue,3,Yes,Express,Yes,25.221901377,Cash
Weekly,Fall,4377,34,Female,Shoes,Electronics,144.76523587,Chicago,M,Green,3.6681951,No,Express,No,3,Debit Card
Monthly,Spring,4378,22,Other,Shoes,Accessories,144.76523587,Chicago,L,Green,3.6681951,No,Standard,Yes,7,Cash
Monthly,Summer,4379,70,Female,Shoes,Electronics,144.76523587,Los Angeles,M,Green,4,Yes,Express,Yes,38,PayPal
Quarterly,Spring,4380,61,Other,Bag,Electronics,1487,Chicago,M,Red,2,No,Standard,No,9,Debit Card
Monthly,Summer,4381,53,Female,Watch,Clothing,144.76523587,Chicago,M,Blue,3,No,Express,Yes,25.221901377,PayPal
Quarterly,Fall,4382,34,Female,Phone,Electronics,549.5,Phoenix,M,Black,3.6681951,Yes,Express,Yes,25.221901377,PayPal
Weekly,Fall,4383,47,Other,Shoes,Electronics,144.76523587,New York,M,White,3.6681951,No,Express,No,25.221901377,PayPal
Quarterly,Spring,4385,59,Female,Watch,Clothing,144.76523587,Houston,L,White,3.6681951,Yes,Express,Yes,18,Cash
Quarterly,Spring,4386,39,Other,Bag,Accessories,144.76523587,Phoenix,S,Black,3.6681951,No,Express,No,21,Credit Card
Quarterly,Spring,4387,61,Other,Watch,Clothing,58.31,Chicago,L,Green,4,Yes,Standard,No,25.221901377,Credit Card
Weekly,Summer,4388,62,Other,Watch,Accessories,144.76523587,New York,L,Green,3,No,Standard,Yes,25.221901377,Debit Card
Weekly,Winter,4389,52,Other,Shoes,Electronics,144.76523587,New York,M,Green,3.6681951,No,Standard,Yes,49,Credit Card
Quarterly,Winter,4390,59,Female,Shirt,Clothing,144.76523587,Los Angeles,S,White,1,Yes,Standard,No,25.221901377,Credit Card
Monthly,Fall,4391,20,Male,Headphones,Accessories,732.58,New York,M,Red,3.6681951,Yes,Standard,Yes,25.221901377,Cash
Weekly,Summer,4392,54,Female,Laptop,Accessories,546.56,Houston,S,Blue,1,No,Express,No,46,PayPal
Weekly,Fall,4393,48,Male,Shoes,Electronics,144.76523587,Houston,M,White,3.6681951,No,Express,Yes,43,Debit Card
Weekly,Summer,4394,21,Other,Laptop,Electronics,1425.9,Phoenix,M,Blue,3.6681951,Yes,Standard,No,25.221901377,Cash
Quarterly,Spring,4395,40,Male,Watch,Electronics,104.65,Chicago,M,Green,1,No,Standard,No,36,Credit Card
Quarterly,Summer,4396,65,Other,Shirt,Clothing,144.76523587,Phoenix,S,Blue,3.6681951,Yes,Express,Yes,25.221901377,Cash
Weekly,Spring,4397,47,Other,Headphones,Accessories,144.76523587,Chicago,L,White,3.6681951,Yes,Express,No,25.221901377,Credit Card
Quarterly,Winter,4399,40,Female,Shirt,Clothing,144.76523587,Los Angeles,L,White,3,Yes,Express,No,25.221901377,Cash
Weekly,Winter,4400,58,Other,Watch,Clothing,418.38,Houston,S,Blue,3.6681951,Yes,Standard,Yes,25,Debit Card
Quarterly,Winter,4401,49,Other,Bag,Accessories,144.76523587,Phoenix,L,Green,4,No,Express,Yes,32,Cash
Monthly,Spring,4402,48,Female,Shoes,Accessories,144.76523587,Houston,M,Green,4,Yes,Standard,Yes,25.221901377,Cash
Weekly,Winter,4403,70,Other,Bag,Clothing,583.34,New York,L,Green,3.6681951,Yes,Express,No,20,PayPal
Monthly,Winter,4404,67,Male,Watch,Clothing,498.03,New York,XL,Blue,3.6681951,Yes,Standard,Yes,20,Debit Card
Quarterly,Spring,4405,36,Other,Headphones,Electronics,144.76523587,Houston,M,White,3.6681951,No,Express,Yes,12,Cash
Monthly,Summer,4406,19,Other,Phone,Electronics,144.76523587,New York,M,Blue,3.6681951,Yes,Express,No,25.221901377,Cash
Monthly,Fall,4407,33,Male,Bag,Accessories,144.76523587,New York,L,White,3.6681951,Yes,Standard,Yes,25.221901377,Credit Card
Weekly,Summer,4408,19,Male,Headphones,Electronics,1456.31,Los Angeles,M,Green,5,Yes,Express,Yes,25.221901377,Cash
Quarterly,Winter,4409,31,Male,Headphones,Clothing,144.76523587,Phoenix,S,White,3.6681951,Yes,Standard,No,25.221901377,Cash
Monthly,Summer,4410,31,Other,Shoes,Accessories,144.76523587,Los Angeles,L,Red,5,No,Express,Yes,19,Cash
Quarterly,Spring,4412,41,Male,Bag,Clothing,1214.49,New York,M,Blue,2,No,Standard,Yes,1,PayPal
Weekly,Spring,4413,26,Other,Phone,Accessories,144.76523587,Phoenix,M,Black,3.6681951,Yes,Standard,No,24,Debit Card
Quarterly,Summer,4414,65,Male,Headphones,Clothing,144.76523587,New York,M,Blue,3.6681951,No,Express,No,25.221901377,Cash
Monthly,Winter,4415,20,Female,Watch,Electronics,347.82,Phoenix,M,Black,3.6681951,Yes,Standard,Yes,39,Debit Card
Quarterly,Summer,4417,18,Other,Watch,Accessories,575.59,New York,S,White,3.6681951,No,Express,Yes,29,Cash
Quarterly,Fall,4418,67,Female,Watch,Electronics,144.76523587,Los Angeles,M,Red,3.6681951,No,Express,No,47,PayPal
Quarterly,Winter,4419,36,Female,Laptop,Accessories,144.76523587,New York,M,White,3,Yes,Express,Yes,25.221901377,Credit Card
Quarterly,Fall,4420,43,Male,Headphones,Clothing,144.76523587,Chicago,S,Blue,3,Yes,Standard,No,19,Credit Card
Weekly,Spring,4421,57,Female,Watch,Clothing,144.76523587,Phoenix,XL,White,3.6681951,No,Express,Yes,25.221901377,PayPal
Quarterly,Winter,4422,24,Male,Laptop,Accessories,680.04,Chicago,M,White,3.6681951,Yes,Express,Yes,12,Debit Card
Monthly,Spring,4423,66,Female,Phone,Clothing,144.76523587,Los Angeles,XL,Blue,2,Yes,Standard,No,6,PayPal
Quarterly,Fall,4424,69,Other,Headphones,Clothing,1223.83,Chicago,M,Blue,1,No,Standard,Yes,2,Debit Card
Quarterly,Spring,4425,24,Male,Phone,Accessories,1318.69,Chicago,S,Black,4,Yes,Standard,Yes,25.221901377,Cash
Quarterly,Summer,4426,66,Male,Bag,Clothing,144.76523587,Chicago,M,Blue,4,Yes,Standard,Yes,0,Cash
Quarterly,Winter,4428,37,Male,Shoes,Clothing,144.76523587,Los Angeles,M,Green,3.6681951,Yes,Standard,Yes,25.221901377,Credit Card
Weekly,Spring,4429,42,Other,Laptop,Electronics,144.76523587,Phoenix,M,Blue,1,Yes,Standard,Yes,25.221901377,Debit Card
Weekly,Summer,4431,25,Male,Phone,Electronics,716.34,New York,M,Blue,5,No,Standard,Yes,33,PayPal
Weekly,Summer,4432,29,Other,Bag,Accessories,1311.75,New York,L,Blue,3.6681951,No,Standard,No,47,Debit Card
Quarterly,Winter,4433,32,Male,Headphones,Accessories,144.76523587,Houston,S,Red,3.6681951,Yes,Express,No,25.221901377,Cash
Weekly,Summer,4434,47,Male,Headphones,Accessories,599.51,Houston,L,Blue,5,No,Express,Yes,10,Cash
Monthly,Summer,4436,59,Female,Shirt,Electronics,144.76523587,Los Angeles,M,Red,3.6681951,Yes,Express,Yes,39,PayPal
Weekly,Spring,4438,37,Other,Headphones,Clothing,1025.56,Phoenix,S,Black,5,No,Express,No,25.221901377,Cash
Weekly,Fall,4439,55,Other,Bag,Electronics,294.04,New York,M,Red,3.6681951,Yes,Express,No,25.221901377,PayPal
Weekly,Winter,4440,44,Male,Shirt,Clothing,144.76523587,Chicago,M,Red,3.6681951,No,Standard,Yes,36,Cash
Weekly,Summer,4441,65,Female,Phone,Clothing,707.83,Los Angeles,S,Red,3,No,Express,Yes,30,Debit Card
Weekly,Spring,4442,37,Male,Shoes,Clothing,201.93,Houston,S,Black,3.6681951,No,Express,Yes,25.221901377,Credit Card
Quarterly,Fall,4443,55,Female,Watch,Electronics,144.76523587,Los Angeles,M,Green,3.6681951,No,Standard,Yes,25.221901377,Credit Card
Weekly,Fall,4444,23,Female,Watch,Accessories,144.76523587,New York,L,Red,2,No,Express,No,25.221901377,Cash
Monthly,Summer,4445,59,Male,Laptop,Electronics,144.76523587,Houston,M,Red,3.6681951,Yes,Standard,No,46,Credit Card
Weekly,Winter,4446,50,Other,Phone,Clothing,144.76523587,Los Angeles,S,Black,3.6681951,Yes,Standard,No,30,PayPal
Quarterly,Winter,4447,36,Female,Watch,Accessories,144.76523587,Houston,S,Green,3.6681951,Yes,Standard,Yes,25.221901377,Cash
Quarterly,Fall,4448,67,Female,Headphones,Accessories,800.47,Los Angeles,M,Red,4,Yes,Express,No,16,Debit Card
Quarterly,Spring,4449,49,Other,Watch,Clothing,144.76523587,Houston,XL,Red,4,Yes,Express,No,25.221901377,Cash
Monthly,Fall,4450,20,Male,Shoes,Electronics,144.76523587,Los Angeles,M,Black,3.6681951,No,Express,No,25.221901377,Credit Card
Monthly,Summer,4451,20,Female,Phone,Clothing,144.76523587,Chicago,L,Red,3,No,Express,No,25.221901377,Debit Card
Monthly,Fall,4452,28,Female,Watch,Electronics,765.68,Los Angeles,M,Red,3.6681951,Yes,Express,Yes,25.221901377,Credit Card
Monthly,Summer,4453,24,Female,Shoes,Clothing,144.76523587,Houston,M,Green,3.6681951,Yes,Express,Yes,47,Cash
Weekly,Winter,4454,65,Female,Bag,Clothing,144.76523587,Phoenix,XL,Blue,3.6681951,Yes,Standard,Yes,17,Cash
Quarterly,Spring,4455,46,Female,Watch,Electronics,144.76523587,New York,M,Blue,3.6681951,No,Standard,No,23,Debit Card
Monthly,Winter,4456,66,Male,Watch,Clothing,144.76523587,New York,M,Red,4,Yes,Express,No,6,Debit Card
Monthly,Fall,4457,68,Male,Shirt,Accessories,144.76523587,New York,S,Black,3.6681951,Yes,Standard,Yes,42,Credit Card
Monthly,Spring,4458,66,Female,Laptop,Clothing,144.76523587,Phoenix,M,Red,3.6681951,Yes,Express,Yes,25.221901377,PayPal
Monthly,Summer,4459,64,Female,Bag,Clothing,1010.82,Los Angeles,M,Green,1,No,Express,No,25.221901377,Debit Card
Monthly,Fall,4460,65,Other,Shirt,Clothing,144.76523587,New York,S,Green,5,No,Express,No,25.221901377,PayPal
Weekly,Spring,4462,40,Other,Phone,Accessories,144.76523587,Chicago,M,Blue,3,No,Express,No,25.221901377,Debit Card
Weekly,Fall,4463,38,Female,Shoes,Accessories,144.76523587,New York,M,Black,3,No,Standard,No,2,Cash
Weekly,Summer,4464,52,Female,Phone,Electronics,144.76523587,Chicago,M,Blue,3.6681951,No,Standard,Yes,1,Debit Card
Quarterly,Summer,4465,60,Female,Shoes,Electronics,39.78,Houston,M,Green,3.6681951,No,Standard,No,25.221901377,PayPal
Weekly,Winter,4466,33,Female,Watch,Accessories,144.76523587,Phoenix,S,Green,3.6681951,Yes,Express,Yes,25.221901377,PayPal
Monthly,Winter,4467,25,Female,Phone,Accessories,130.8,Houston,S,Green,5,Yes,Express,Yes,25.221901377,Credit Card
Weekly,Summer,4468,64,Male,Headphones,Electronics,663.87,New York,M,Blue,3.6681951,No,Express,Yes,19,Debit Card
Monthly,Spring,4469,22,Female,Watch,Electronics,639.97,Chicago,M,Blue,1,No,Express,Yes,25.221901377,Cash
Weekly,Fall,4470,60,Female,Shoes,Electronics,144.76523587,Phoenix,M,Red,3,No,Express,Yes,25.221901377,Cash
Quarterly,Fall,4471,35,Other,Laptop,Electronics,144.76523587,Los Angeles,M,Blue,3,No,Standard,Yes,25.221901377,Cash
Monthly,Spring,4472,63,Female,Phone,Clothing,144.76523587,Los Angeles,S,Red,3.6681951,Yes,Standard,No,25.221901377,Cash
Weekly,Summer,4473,49,Other,Laptop,Accessories,144.76523587,Houston,L,Blue,3.6681951,Yes,Express,No,25.221901377,Cash
Monthly,Winter,4475,31,Other,Phone,Electronics,849.62,Los Angeles,M,Black,5,Yes,Standard,Yes,25.221901377,Cash
Monthly,Fall,4476,56,Male,Shirt,Electronics,144.76523587,Phoenix,M,White,1,No,Express,Yes,25.221901377,Debit Card
Monthly,Fall,4477,40,Male,Shirt,Clothing,144.76523587,Phoenix,S,Blue,3,Yes,Express,Yes,7,PayPal
Weekly,Spring,4478,42,Female,Bag,Accessories,1216.92,Houston,L,Green,3,No,Standard,Yes,25.221901377,Cash
Quarterly,Summer,4479,43,Male,Laptop,Clothing,790.48,Phoenix,M,Blue,3.6681951,No,Standard,No,12,Credit Card
Monthly,Spring,4480,59,Female,Laptop,Accessories,464.46,Houston,S,Red,5,No,Express,No,25.221901377,PayPal
Quarterly,Winter,4481,44,Female,Shirt,Electronics,144.76523587,Phoenix,M,White,3.6681951,Yes,Standard,No,25.221901377,Credit Card
Weekly,Summer,4483,57,Other,Shirt,Electronics,144.76523587,Phoenix,M,Green,5,Yes,Standard,No,25.221901377,PayPal
Monthly,Spring,4484,70,Other,Phone,Accessories,1104.47,Phoenix,L,Green,1,No,Express,Yes,10,PayPal
Monthly,Winter,4485,37,Female,Watch,Clothing,282.95,Houston,XL,Blue,2,No,Standard,No,25.221901377,Credit Card
Monthly,Winter,4486,50,Female,Watch,Accessories,144.76523587,Houston,M,Blue,3.6681951,No,Standard,No,21,Credit Card
Quarterly,Summer,4487,23,Female,Laptop,Accessories,144.76523587,Phoenix,S,Green,5,No,Express,Yes,25.221901377,Credit Card
Monthly,Summer,4489,36,Female,Phone,Accessories,748.61,Los Angeles,L,Red,3.6681951,No,Express,No,0,PayPal
Monthly,Summer,4490,34,Female,Shoes,Electronics,144.76523587,New York,M,White,5,Yes,Express,No,10,PayPal
Weekly,Fall,4491,38,Other,Shoes,Accessories,144.76523587,Houston,S,Red,2,Yes,Standard,Yes,11,PayPal
Weekly,Spring,4492,59,Female,Laptop,Clothing,144.76523587,Phoenix,M,Green,1,Yes,Standard,Yes,38,Debit Card
Quarterly,Fall,4493,20,Male,Laptop,Electronics,764.9,Chicago,M,Green,3.6681951,No,Standard,No,30,Cash
Monthly,Summer,4494,35,Female,Laptop,Accessories,372.79,Houston,L,Blue,3.6681951,No,Standard,Yes,49,PayPal
Monthly,Fall,4495,21,Female,Laptop,Electronics,711.4,Los Angeles,M,Black,3.6681951,No,Standard,No,35,PayPal
Monthly,Spring,4496,22,Male,Bag,Accessories,1246.93,Chicago,S,Red,1,Yes,Standard,No,45,Credit Card
Quarterly,Winter,4497,63,Female,Headphones,Clothing,1127.02,New York,L,Black,4,No,Standard,Yes,25.221901377,Credit Card
Weekly,Fall,4498,18,Female,Watch,Electronics,144.76523587,Phoenix,M,White,5,No,Standard,No,15,Credit Card
Monthly,Summer,4499,49,Female,Phone,Accessories,144.76523587,Los Angeles,S,Black,3.6681951,No,Express,Yes,36,Cash
Weekly,Winter,4500,22,Female,Bag,Electronics,144.76523587,Phoenix,M,Black,3.6681951,No,Standard,Yes,39,Credit Card
Quarterly,Fall,4501,69,Other,Phone,Accessories,144.76523587,New York,M,Black,4,Yes,Express,No,25,Cash
Quarterly,Spring,4502,38,Female,Phone,Clothing,69.72,Houston,XL,Red,3.6681951,No,Express,No,25.221901377,Credit Card
Quarterly,Winter,4503,32,Male,Phone,Accessories,144.76523587,Chicago,S,Red,1,No,Standard,No,25.221901377,Cash
Monthly,Summer,4504,29,Male,Bag,Electronics,144.76523587,Los Angeles,M,Black,2,No,Standard,Yes,25.221901377,PayPal
Weekly,Summer,4505,67,Female,Headphones,Accessories,144.76523587,Chicago,M,Green,3,No,Express,No,24,Debit Card
Quarterly,Fall,4506,19,Male,Laptop,Clothing,48.78,Los Angeles,S,White,3.6681951,Yes,Standard,Yes,25.221901377,Credit Card
Quarterly,Summer,4507,20,Male,Shoes,Electronics,144.76523587,Chicago,M,Red,3.6681951,Yes,Express,Yes,9,Debit Card
Monthly,Winter,4508,50,Male,Shoes,Electronics,144.76523587,Los Angeles,M,White,3.6681951,No,Standard,No,21,Debit Card
Quarterly,Fall,4509,59,Female,Headphones,Accessories,949.9,Phoenix,S,Red,3.6681951,No,Standard,No,36,Credit Card
Weekly,Winter,4511,44,Female,Shoes,Accessories,144.76523587,Houston,L,White,5,Yes,Express,No,6,Debit Card
Monthly,Winter,4512,42,Male,Phone,Accessories,144.76523587,Los Angeles,M,Red,3.6681951,No,Standard,Yes,5,PayPal
Monthly,Spring,4513,69,Female,Phone,Clothing,144.76523587,Phoenix,S,White,4,No,Standard,Yes,42,Credit Card
Monthly,Fall,4514,61,Female,Bag,Electronics,1161.52,Houston,M,Red,3.6681951,No,Express,Yes,25.221901377,Cash
Quarterly,Summer,4515,60,Male,Watch,Electronics,144.76523587,Houston,M,Blue,3.6681951,Yes,Express,No,22,Debit Card
Quarterly,Summer,4516,18,Female,Laptop,Electronics,144.76523587,New York,M,White,3.6681951,No,Standard,No,25.221901377,Debit Card
Monthly,Fall,4517,40,Other,Laptop,Accessories,144.76523587,Houston,L,White,3.6681951,Yes,Express,No,45,Debit Card
Quarterly,Fall,4518,23,Other,Shirt,Accessories,100.13,New York,S,White,3.6681951,Yes,Express,No,25.221901377,Debit Card
Quarterly,Summer,4519,39,Female,Watch,Accessories,294.87,New York,L,Black,1,No,Express,Yes,25.221901377,Credit Card
Monthly,Fall,4520,60,Male,Watch,Electronics,921.94,Chicago,M,Blue,3.6681951,Yes,Standard,Yes,25.221901377,Credit Card
Weekly,Spring,4521,31,Other,Bag,Electronics,144.76523587,Houston,M,Black,5,No,Express,No,7,PayPal
Monthly,Fall,4522,51,Male,Phone,Electronics,750.93,Houston,M,Red,3.6681951,No,Express,No,35,Debit Card
Quarterly,Fall,4523,51,Other,Watch,Clothing,144.76523587,Phoenix,L,White,1,Yes,Express,No,25.221901377,Cash
Quarterly,Fall,4525,60,Female,Watch,Clothing,967.77,Phoenix,M,White,3.6681951,Yes,Express,No,3,Debit Card
Quarterly,Spring,4526,53,Male,Phone,Accessories,852.39,New York,L,Blue,3.6681951,No,Standard,No,6,Credit Card
Monthly,Winter,4527,66,Male,Phone,Electronics,1074.63,Chicago,M,White,3,Yes,Standard,No,25.221901377,Cash
Monthly,Fall,4528,18,Other,Phone,Accessories,50.7,Los Angeles,S,White,3.6681951,No,Standard,Yes,25.221901377,PayPal
Quarterly,Fall,4529,69,Female,Headphones,Electronics,144.76523587,New York,M,Red,3,Yes,Express,Yes,25.221901377,Cash
Monthly,Fall,4530,20,Male,Watch,Electronics,532.49,New York,M,Black,3.6681951,Yes,Standard,Yes,25.221901377,Debit Card
Quarterly,Winter,4531,41,Female,Phone,Clothing,144.76523587,Houston,M,Red,2,Yes,Standard,Yes,22,Credit Card
Monthly,Summer,4533,43,Female,Shoes,Electronics,144.76523587,Houston,M,Black,1,No,Express,No,3,Debit Card
Weekly,Spring,4534,42,Male,Shoes,Clothing,144.76523587,Phoenix,L,Black,3.6681951,No,Standard,No,25.221901377,Cash
Weekly,Winter,4535,26,Male,Phone,Clothing,144.76523587,Chicago,S,Blue,3.6681951,Yes,Standard,No,25.221901377,Cash
Weekly,Summer,4536,41,Male,Watch,Accessories,202.12,New York,L,Blue,2,No,Standard,No,25.221901377,Cash
Monthly,Spring,4537,47,Female,Phone,Clothing,144.76523587,Houston,L,Green,3.6681951,No,Standard,No,35,Debit Card
Monthly,Winter,4539,23,Other,Shirt,Accessories,144.76523587,Los Angeles,S,Red,3.6681951,Yes,Standard,No,46,Debit Card
Quarterly,Spring,4540,49,Female,Laptop,Accessories,446.02,Houston,M,Green,3.6681951,No,Standard,Yes,15,Debit Card
Weekly,Summer,4541,60,Male,Shirt,Electronics,144.76523587,Phoenix,M,Red,3.6681951,No,Express,Yes,45,Credit Card
Weekly,Summer,4542,28,Other,Shoes,Electronics,144.76523587,Houston,M,Red,3.6681951,Yes,Express,No,25.221901377,PayPal
Weekly,Winter,4543,22,Female,Phone,Accessories,144.76523587,Phoenix,L,Red,5,No,Express,Yes,25.221901377,PayPal
Quarterly,Winter,4544,45,Other,Bag,Accessories,253.94,Chicago,L,Green,2,Yes,Standard,Yes,28,Debit Card
Monthly,Winter,4545,39,Female,Phone,Clothing,474.11,Phoenix,M,Blue,4,Yes,Express,Yes,22,Cash
Quarterly,Winter,4546,64,Other,Bag,Clothing,1200.04,Los Angeles,L,Blue,3,Yes,Express,Yes,25.221901377,Cash
Quarterly,Spring,4547,66,Female,Watch,Electronics,144.76523587,Phoenix,M,Green,4,Yes,Standard,Yes,30,Credit Card
Monthly,Summer,4548,66,Female,Headphones,Clothing,1342.17,New York,L,Black,3.6681951,No,Standard,Yes,11,Credit Card
Weekly,Winter,4549,51,Male,Watch,Clothing,144.76523587,Los Angeles,S,White,3.6681951,Yes,Express,Yes,25.221901377,Debit Card
Quarterly,Winter,4550,65,Male,Bag,Clothing,144.76523587,Chicago,L,Blue,5,No,Standard,No,17,Credit Card
Quarterly,Fall,4551,64,Other,Shirt,Electronics,144.76523587,New York,M,Red,3.6681951,Yes,Express,No,37,Debit Card
Quarterly,Winter,4552,57,Male,Shoes,Clothing,144.76523587,New York,S,Red,3.6681951,No,Express,No,25.221901377,PayPal
Monthly,Spring,4553,70,Female,Watch,Clothing,144.76523587,Chicago,M,Red,3.6681951,Yes,Standard,No,25.221901377,Credit Card
Monthly,Winter,4554,33,Female,Phone,Accessories,144.76523587,Los Angeles,L,Black,3,No,Express,Yes,22,Debit Card
Quarterly,Winter,4555,18,Other,Headphones,Clothing,392.98,Phoenix,M,Black,2,No,Standard,Yes,44,Cash
Weekly,Winter,4556,20,Male,Watch,Electronics,987.8,Phoenix,M,White,3,Yes,Express,No,12,Credit Card
Weekly,Spring,4557,51,Other,Bag,Accessories,187.34,Los Angeles,S,Blue,3.6681951,Yes,Express,Yes,25.221901377,PayPal
Monthly,Fall,4558,41,Other,Bag,Accessories,208.02,Los Angeles,M,White,3.6681951,No,Standard,Yes,25.221901377,PayPal
Weekly,Spring,4560,42,Female,Laptop,Accessories,144.76523587,Houston,M,Blue,3.6681951,Yes,Express,Yes,25.221901377,Debit Card
Weekly,Summer,4561,53,Male,Bag,Electronics,82.06,Los Angeles,M,Green,5,No,Standard,Yes,8,Cash
Quarterly,Winter,4562,29,Male,Shoes,Electronics,144.76523587,Phoenix,M,Red,4,No,Express,Yes,1,Debit Card
Weekly,Spring,4563,31,Female,Phone,Electronics,144.76523587,Phoenix,M,Red,2,No,Express,No,25.221901377,Credit Card
Quarterly,Spring,4564,38,Other,Headphones,Clothing,812.81,New York,M,Green,3.6681951,Yes,Standard,No,20,Debit Card
Monthly,Fall,4565,26,Male,Laptop,Clothing,144.76523587,Houston,M,Blue,1,No,Standard,Yes,43,Debit Card
Weekly,Winter,4566,41,Other,Headphones,Clothing,144.76523587,Los Angeles,XL,White,3.6681951,No,Express,No,25.221901377,Credit Card
Monthly,Summer,4567,54,Female,Shoes,Electronics,144.76523587,Chicago,M,Black,3,No,Standard,No,31,Credit Card
Monthly,Fall,4568,35,Other,Shoes,Clothing,144.76523587,Phoenix,M,Blue,3.6681951,No,Express,Yes,41,Credit Card
Quarterly,Spring,4569,61,Other,Watch,Electronics,144.76523587,Chicago,M,Red,2,No,Express,Yes,25.221901377,PayPal
Monthly,Spring,4570,56,Other,Watch,Electronics,1075.74,New York,M,Red,3.6681951,No,Express,No,10,Cash
Weekly,Fall,4572,45,Male,Bag,Electronics,1270.13,New York,M,Red,1,No,Standard,No,3,Debit Card
Quarterly,Winter,4573,23,Male,Bag,Accessories,1441.51,Phoenix,L,Black,3.6681951,No,Express,Yes,3,Credit Card
Quarterly,Fall,4574,39,Other,Headphones,Accessories,1109.96,Chicago,L,Red,3.6681951,Yes,Express,No,25.221901377,Debit Card
Quarterly,Spring,4575,46,Female,Watch,Electronics,144.76523587,New York,M,White,1,No,Express,No,25.221901377,Credit Card
Weekly,Summer,4576,65,Male,Headphones,Accessories,144.76523587,New York,S,Black,3.6681951,No,Standard,Yes,47,Cash
Quarterly,Spring,4577,20,Female,Shoes,Electronics,144.76523587,Chicago,M,Black,3,Yes,Standard,Yes,28,Cash
Weekly,Winter,4578,44,Other,Phone,Accessories,144.76523587,Chicago,L,Black,3.6681951,Yes,Express,Yes,26,Cash
Quarterly,Spring,4579,18,Female,Phone,Accessories,144.76523587,New York,M,Red,1,No,Express,No,25.221901377,Credit Card
Quarterly,Summer,4580,53,Other,Headphones,Clothing,492.76,Houston,L,Green,3,No,Express,No,22,Credit Card
Weekly,Winter,4581,32,Male,Shirt,Clothing,230.19,New York,M,Black,3.6681951,No,Standard,Yes,25.221901377,Cash
Weekly,Summer,4582,68,Female,Phone,Clothing,784.97,Los Angeles,M,White,3.6681951,Yes,Standard,No,7,PayPal
Quarterly,Summer,4583,20,Other,Phone,Clothing,144.76523587,New York,M,Blue,3.6681951,Yes,Express,Yes,32,PayPal
Quarterly,Fall,4584,55,Female,Watch,Clothing,144.76523587,New York,M,Black,5,No,Express,Yes,25.221901377,Debit Card
Quarterly,Fall,4585,45,Female,Headphones,Accessories,144.76523587,Los Angeles,M,Black,5,Yes,Express,No,27,Debit Card
Monthly,Fall,4586,23,Female,Headphones,Accessories,144.76523587,Los Angeles,L,Red,3.6681951,No,Express,No,25.221901377,Credit Card
Quarterly,Winter,4587,52,Male,Laptop,Electronics,1392.02,Phoenix,M,White,2,Yes,Standard,Yes,25.221901377,Cash
Weekly,Spring,4588,18,Male,Laptop,Accessories,144.76523587,Chicago,S,Black,4,Yes,Standard,Yes,25.221901377,Credit Card
Weekly,Summer,4589,33,Female,Headphones,Accessories,144.76523587,New York,L,Red,2,No,Express,No,25.221901377,Debit Card
Quarterly,Spring,4590,60,Male,Headphones,Clothing,144.76523587,Los Angeles,XL,Red,3.6681951,Yes,Standard,Yes,25.221901377,PayPal
Quarterly,Summer,4591,58,Other,Shirt,Accessories,144.76523587,New York,L,Black,3.6681951,No,Express,Yes,25.221901377,Credit Card
Quarterly,Fall,4592,57,Female,Laptop,Accessories,584.16,New York,M,Blue,5,No,Standard,Yes,49,Debit Card
Monthly,Winter,4593,56,Other,Shoes,Electronics,144.76523587,New York,M,Blue,3.6681951,No,Express,Yes,11,Debit Card
Monthly,Summer,4594,46,Male,Phone,Accessories,144.76523587,Phoenix,L,White,3.6681951,Yes,Express,No,25.221901377,Cash
Quarterly,Summer,4595,47,Male,Headphones,Accessories,144.76523587,Houston,S,White,3.6681951,No,Express,Yes,32,Cash
Weekly,Winter,4596,42,Other,Watch,Accessories,1085.96,Phoenix,L,White,4,Yes,Express,No,25.221901377,Debit Card
Quarterly,Winter,4597,50,Female,Shoes,Clothing,144.76523587,New York,M,White,3.6681951,Yes,Standard,Yes,25.221901377,Debit Card
Weekly,Summer,4598,37,Female,Laptop,Electronics,187.51,Phoenix,M,Blue,3.6681951,Yes,Standard,Yes,20,Credit Card
Quarterly,Winter,4599,31,Male,Watch,Electronics,144.76523587,New York,M,Black,3.6681951,Yes,Standard,No,25.221901377,Debit Card
Quarterly,Summer,4600,60,Other,Phone,Electronics,1460.51,Chicago,M,White,2,No,Standard,Yes,20,Cash
Quarterly,Summer,4601,65,Other,Phone,Electronics,405.11,Phoenix,M,Blue,5,Yes,Standard,No,25.221901377,PayPal
Weekly,Fall,4602,34,Other,Phone,Accessories,144.76523587,Los Angeles,L,White,3.6681951,Yes,Express,No,35,Debit Card
Quarterly,Winter,4605,20,Male,Watch,Accessories,144.76523587,New York,M,Red,3,No,Express,No,36,Debit Card
Weekly,Fall,4606,33,Female,Headphones,Clothing,144.76523587,Phoenix,L,White,1,Yes,Express,No,25.221901377,Debit Card
Monthly,Fall,4608,67,Female,Laptop,Clothing,144.76523587,New York,L,Red,3.6681951,Yes,Express,Yes,32,Debit Card
Weekly,Fall,4609,29,Other,Phone,Electronics,124.45,Los Angeles,M,Green,4,No,Standard,Yes,44,Cash
Quarterly,Fall,4610,44,Female,Laptop,Clothing,144.76523587,Chicago,S,Blue,3.6681951,Yes,Standard,No,25.221901377,PayPal
Quarterly,Summer,4611,66,Other,Shoes,Electronics,144.76523587,Houston,M,Red,1,No,Express,Yes,34,Credit Card
Weekly,Spring,4612,62,Other,Headphones,Clothing,1294.07,Houston,XL,White,3.6681951,No,Express,Yes,39,Debit Card
Quarterly,Summer,4613,36,Male,Bag,Accessories,1186.54,Los Angeles,S,Blue,3.6681951,No,Standard,No,39,Debit Card
Quarterly,Spring,4614,56,Female,Shoes,Electronics,144.76523587,Chicago,M,Red,3.6681951,No,Standard,Yes,25.221901377,Debit Card
Weekly,Spring,4615,29,Female,Watch,Electronics,144.76523587,Los Angeles,M,Black,4,No,Standard,No,25.221901377,Debit Card
Monthly,Summer,4617,45,Male,Bag,Clothing,144.76523587,Los Angeles,XL,Red,3.6681951,Yes,Standard,No,18,Debit Card
Quarterly,Summer,4618,19,Female,Laptop,Accessories,144.76523587,New York,L,Green,3.6681951,Yes,Standard,Yes,30,PayPal
Monthly,Fall,4619,28,Other,Phone,Electronics,144.76523587,Los Angeles,M,Black,3.6681951,No,Standard,No,25.221901377,Debit Card
Weekly,Summer,4620,53,Female,Watch,Electronics,144.76523587,New York,M,White,3.6681951,No,Express,No,25.221901377,PayPal
Quarterly,Summer,4621,46,Other,Headphones,Clothing,1257.7,Phoenix,XL,White,3.6681951,Yes,Express,Yes,25.221901377,Cash
Monthly,Summer,4622,30,Other,Headphones,Clothing,1238.25,Los Angeles,XL,Black,1,Yes,Express,Yes,25.221901377,Debit Card
Monthly,Summer,4623,47,Male,Headphones,Electronics,144.76523587,Chicago,M,Green,3.6681951,Yes,Standard,No,35,PayPal
Weekly,Fall,4624,23,Other,Bag,Clothing,1204.42,Houston,L,Green,5,No,Express,No,26,Credit Card
Weekly,Summer,4625,49,Male,Bag,Accessories,1002.35,New York,S,Blue,3,Yes,Express,No,25.221901377,Cash
Quarterly,Fall,4626,43,Male,Shoes,Accessories,144.76523587,Los Angeles,M,Green,3.6681951,No,Express,Yes,25.221901377,PayPal
Quarterly,Summer,4627,54,Female,Laptop,Electronics,860.91,Houston,M,Black,3.6681951,No,Express,Yes,16,Cash
Monthly,Fall,4628,46,Female,Bag,Accessories,31.37,Phoenix,M,Black,3.6681951,Yes,Express,No,32,Credit Card
Weekly,Fall,4629,57,Male,Phone,Electronics,1370.64,Chicago,M,Green,3.6681951,Yes,Express,Yes,25.221901377,Cash
Quarterly,Winter,4630,25,Female,Bag,Electronics,468.46,Chicago,M,Red,3.6681951,No,Standard,No,50,Credit Card
Monthly,Spring,4631,44,Female,Watch,Accessories,749.08,New York,L,Green,3.6681951,No,Express,Yes,25,PayPal
Quarterly,Spring,4632,39,Male,Phone,Electronics,71.87,Chicago,M,White,4,Yes,Standard,No,10,Cash
Monthly,Summer,4633,48,Female,Watch,Clothing,1020.16,New York,S,Blue,4,No,Express,No,16,Debit Card
Quarterly,Summer,4634,49,Female,Phone,Electronics,144.76523587,Chicago,M,Red,3.6681951,No,Standard,Yes,25.221901377,Cash
Monthly,Spring,4635,56,Male,Phone,Clothing,1096.71,Phoenix,M,Blue,4,No,Standard,Yes,25.221901377,Credit Card
Weekly,Summer,4636,59,Other,Phone,Accessories,16.88,Chicago,S,White,3.6681951,Yes,Standard,No,25.221901377,Debit Card
Quarterly,Spring,4637,56,Other,Shirt,Accessories,144.76523587,Los Angeles,S,Blue,2,Yes,Express,No,50,PayPal
Weekly,Summer,4638,33,Other,Bag,Accessories,597.06,Los Angeles,L,Blue,4,Yes,Express,No,40,Credit Card
Quarterly,Summer,4639,63,Other,Shirt,Clothing,242.07,New York,M,Blue,3.6681951,No,Standard,Yes,25.221901377,Cash
Monthly,Summer,4640,62,Male,Bag,Accessories,144.76523587,New York,M,Black,3.6681951,No,Express,Yes,9,Debit Card
Weekly,Summer,4641,30,Female,Laptop,Electronics,822.03,Los Angeles,M,Red,3.6681951,No,Express,Yes,25.221901377,Debit Card
Monthly,Winter,4642,27,Female,Bag,Electronics,799.62,Los Angeles,M,Red,1,Yes,Standard,No,39,Credit Card
Monthly,Winter,4643,50,Male,Phone,Electronics,144.76523587,Phoenix,M,Blue,2,Yes,Express,No,44,Debit Card
Weekly,Winter,4644,38,Female,Headphones,Accessories,144.76523587,Los Angeles,L,Red,1,Yes,Express,Yes,25,Debit Card
Weekly,Fall,4645,19,Male,Phone,Electronics,1371.19,Los Angeles,M,Green,3.6681951,No,Standard,No,25.221901377,Debit Card
Weekly,Spring,4646,34,Female,Laptop,Electronics,1404.43,New York,M,White,3.6681951,No,Express,Yes,25.221901377,Credit Card
Monthly,Fall,4647,60,Male,Headphones,Clothing,267.25,Chicago,XL,Black,5,Yes,Standard,No,25.221901377,Credit Card
Monthly,Spring,4648,46,Male,Shoes,Electronics,90.6,Phoenix,M,White,2,No,Express,Yes,25,PayPal
Monthly,Fall,4649,55,Female,Headphones,Electronics,751.82,New York,M,Blue,3.6681951,No,Express,Yes,25.221901377,Credit Card
Weekly,Summer,4650,28,Other,Shirt,Clothing,175.64,Houston,M,White,5,No,Standard,No,12,Credit Card
Quarterly,Winter,4651,47,Male,Bag,Clothing,144.76523587,New York,XL,Blue,3,No,Standard,Yes,25.221901377,Cash
Weekly,Winter,4652,70,Female,Phone,Electronics,144.76523587,Los Angeles,M,Green,2,Yes,Express,No,25.221901377,Credit Card
Quarterly,Fall,4653,50,Female,Headphones,Electronics,876.13,Los Angeles,M,Blue,3.6681951,Yes,Standard,Yes,3,PayPal
Weekly,Spring,4655,43,Male,Bag,Clothing,144.76523587,Phoenix,L,Red,3.6681951,Yes,Standard,No,25.221901377,Debit Card
Quarterly,Winter,4656,25,Male,Watch,Electronics,144.76523587,Los Angeles,M,White,1,No,Express,Yes,0,Cash
Weekly,Summer,4657,27,Female,Phone,Accessories,144.76523587,New York,S,White,3,No,Standard,No,25.221901377,PayPal
Monthly,Winter,4658,49,Other,Bag,Clothing,144.76523587,Chicago,M,Blue,4,No,Express,No,25.221901377,PayPal
Weekly,Fall,4659,20,Female,Headphones,Electronics,144.76523587,New York,M,Blue,3.6681951,Yes,Standard,Yes,25.221901377,Cash
Weekly,Winter,4661,63,Female,Headphones,Accessories,144.76523587,New York,L,Red,3.6681951,No,Standard,Yes,25.221901377,Credit Card
Monthly,Spring,4662,25,Other,Headphones,Accessories,1459.59,Houston,L,Black,3.6681951,Yes,Express,Yes,25.221901377,Debit Card
Quarterly,Summer,4663,29,Male,Phone,Clothing,627.73,Houston,XL,Red,3.6681951,Yes,Standard,No,25.221901377,Cash
Quarterly,Fall,4664,38,Female,Laptop,Accessories,864.33,Los Angeles,S,Red,3.6681951,Yes,Standard,No,25.221901377,PayPal
Monthly,Winter,4665,66,Female,Phone,Electronics,144.76523587,Los Angeles,M,White,3.6681951,Yes,Express,Yes,25.221901377,Credit Card
Monthly,Fall,4666,35,Female,Laptop,Accessories,144.76523587,Chicago,M,Red,5,No,Express,No,41,Debit Card
Monthly,Fall,4669,69,Other,Headphones,Electronics,1384.7,New York,M,Green,3.6681951,Yes,Standard,No,47,PayPal
Quarterly,Fall,4670,41,Male,Shirt,Electronics,144.76523587,Chicago,M,Blue,3.6681951,No,Express,Yes,25.221901377,PayPal
Monthly,Summer,4671,43,Other,Watch,Accessories,183.48,Phoenix,S,Black,3.6681951,Yes,Standard,Yes,25.221901377,Debit Card
Monthly,Fall,4672,53,Other,Phone,Clothing,620,Chicago,XL,Green,1,Yes,Standard,Yes,11,Cash
Quarterly,Winter,4673,19,Other,Bag,Electronics,144.76523587,Houston,M,White,3.6681951,Yes,Express,No,38,Cash
Weekly,Spring,4674,21,Female,Phone,Electronics,310.29,Chicago,M,White,1,No,Express,Yes,4,Debit Card
Monthly,Spring,4675,70,Female,Headphones,Clothing,144.76523587,New York,XL,Black,3.6681951,No,Express,No,25.221901377,Debit Card
Monthly,Fall,4676,55,Other,Bag,Accessories,544.69,Phoenix,S,Black,2,Yes,Standard,Yes,25.221901377,Cash
Monthly,Fall,4677,41,Female,Phone,Accessories,144.76523587,Los Angeles,L,White,3.6681951,No,Standard,No,9,Credit Card
Weekly,Summer,4678,70,Female,Headphones,Clothing,1250.57,Houston,L,Red,3.6681951,No,Express,Yes,25.221901377,Cash
Monthly,Spring,4679,31,Male,Laptop,Electronics,144.76523587,Los Angeles,M,Green,3.6681951,Yes,Standard,Yes,25.221901377,PayPal
Monthly,Fall,4682,56,Male,Headphones,Accessories,320.91,Phoenix,M,Blue,3.6681951,Yes,Standard,Yes,25.221901377,PayPal
Weekly,Spring,4683,46,Female,Laptop,Clothing,144.76523587,Los Angeles,M,Green,3.6681951,No,Standard,Yes,25.221901377,Debit Card
Monthly,Fall,4684,59,Male,Laptop,Accessories,144.76523587,New York,S,Green,3,Yes,Express,No,28,PayPal
Monthly,Summer,4685,68,Other,Phone,Clothing,1032.09,Phoenix,L,Black,3.6681951,No,Express,No,25.221901377,PayPal
Monthly,Winter,4686,53,Other,Phone,Clothing,379.38,Houston,M,White,3,Yes,Standard,Yes,25.221901377,Debit Card
Monthly,Fall,4687,44,Other,Shoes,Electronics,144.76523587,Chicago,M,Blue,3.6681951,Yes,Express,No,9,Debit Card
Monthly,Winter,4688,61,Female,Headphones,Electronics,144.76523587,Houston,M,Black,4,No,Standard,No,40,Credit Card
Monthly,Spring,4689,69,Male,Bag,Clothing,982.87,Houston,XL,Red,4,No,Standard,No,24,PayPal
Quarterly,Summer,4690,22,Female,Watch,Accessories,1122.1,Houston,L,Black,3.6681951,No,Standard,No,1,Debit Card
Weekly,Summer,4692,57,Other,Laptop,Electronics,144.76523587,Houston,M,White,5,Yes,Express,No,18,Debit Card
Monthly,Winter,4693,60,Male,Phone,Electronics,915.2,Chicago,M,Green,3.6681951,Yes,Standard,No,25.221901377,PayPal
Weekly,Spring,4694,38,Male,Shoes,Electronics,144.76523587,Chicago,M,Blue,3.6681951,No,Standard,Yes,35,Debit Card
Weekly,Summer,4695,61,Other,Shoes,Accessories,144.76523587,New York,S,Red,3.6681951,No,Express,Yes,45,PayPal
Monthly,Summer,4696,60,Female,Shirt,Accessories,144.76523587,New York,M,Blue,1,No,Express,No,25.221901377,PayPal
Weekly,Winter,4697,46,Female,Watch,Electronics,144.76523587,Phoenix,M,White,3.6681951,No,Standard,No,25.221901377,Credit Card
Weekly,Fall,4698,42,Other,Watch,Electronics,643,New York,M,White,2,Yes,Express,Yes,25.221901377,PayPal
Weekly,Spring,4699,45,Female,Shoes,Clothing,144.76523587,Chicago,L,Blue,3.6681951,No,Standard,No,25.221901377,Debit Card
Monthly,Fall,4701,55,Male,Shoes,Clothing,144.76523587,Houston,XL,Green,3.6681951,Yes,Standard,No,45,Credit Card
Monthly,Spring,4702,26,Female,Shoes,Clothing,144.76523587,Houston,L,Black,5,Yes,Express,No,30,PayPal
Quarterly,Winter,4703,21,Other,Headphones,Electronics,784.8,Los Angeles,M,White,3.6681951,No,Standard,Yes,25.221901377,Debit Card
Monthly,Summer,4704,39,Female,Shoes,Clothing,144.76523587,Phoenix,S,Black,3.6681951,Yes,Standard,Yes,25.221901377,Cash
Monthly,Winter,4705,28,Other,Laptop,Clothing,629.99,Los Angeles,S,White,3.6681951,No,Express,Yes,5,Credit Card
Monthly,Fall,4706,52,Male,Watch,Accessories,144.76523587,Houston,L,White,4,No,Express,Yes,25.221901377,Debit Card
Weekly,Summer,4707,65,Other,Headphones,Clothing,144.76523587,Chicago,S,Black,2,Yes,Express,No,25.221901377,Cash
Quarterly,Winter,4708,33,Female,Bag,Electronics,144.76523587,New York,M,Green,4,Yes,Standard,Yes,31,Debit Card
Monthly,Summer,4709,63,Female,Shirt,Clothing,144.76523587,Phoenix,XL,Green,2,Yes,Standard,Yes,25.221901377,Credit Card
Monthly,Fall,4710,39,Other,Laptop,Accessories,1298.66,Phoenix,L,Black,4,Yes,Standard,No,19,Debit Card
Quarterly,Winter,4711,63,Male,Headphones,Clothing,722.83,Houston,M,Black,3.6681951,No,Standard,Yes,25.221901377,PayPal
Monthly,Summer,4712,60,Male,Laptop,Clothing,95.15,Chicago,S,Red,3.6681951,No,Standard,No,16,Cash
Weekly,Winter,4713,23,Male,Watch,Clothing,144.76523587,Los Angeles,XL,Green,3.6681951,No,Standard,Yes,24,Debit Card
Monthly,Fall,4714,55,Female,Phone,Electronics,144.76523587,Houston,M,Black,3.6681951,No,Express,No,25.221901377,Credit Card
Quarterly,Winter,4715,53,Female,Phone,Accessories,144.76523587,Phoenix,S,White,3,Yes,Express,Yes,25.221901377,Debit Card
Quarterly,Fall,4717,38,Female,Shirt,Electronics,144.76523587,New York,M,Black,4,Yes,Standard,Yes,0,Cash
Weekly,Winter,4718,30,Other,Phone,Clothing,144.76523587,Los Angeles,S,Blue,1,No,Express,No,25.221901377,Cash
Weekly,Summer,4719,54,Female,Bag,Electronics,1144.77,New York,M,Green,3.6681951,Yes,Express,No,9,Credit Card
Weekly,Summer,4720,69,Male,Bag,Clothing,611.08,New York,XL,Black,3.6681951,No,Standard,No,46,PayPal
Quarterly,Summer,4721,54,Male,Phone,Electronics,726.15,Chicago,M,Green,3.6681951,Yes,Express,Yes,25.221901377,Cash
Monthly,Spring,4723,70,Female,Laptop,Accessories,1135.07,Phoenix,M,Black,3.6681951,Yes,Express,Yes,45,PayPal
Weekly,Winter,4724,59,Female,Phone,Clothing,640.27,Phoenix,S,Blue,3.6681951,Yes,Standard,No,25.221901377,PayPal
Quarterly,Spring,4725,59,Other,Shirt,Electronics,175.4,Phoenix,M,White,3.6681951,Yes,Standard,Yes,47,Cash
Weekly,Fall,4726,65,Other,Laptop,Electronics,144.76523587,Los Angeles,M,White,3.6681951,Yes,Express,Yes,35,Credit Card
Monthly,Fall,4728,27,Other,Phone,Electronics,144.76523587,Phoenix,M,Black,4,No,Express,Yes,25.221901377,PayPal
Monthly,Spring,4729,53,Other,Laptop,Clothing,144.76523587,Houston,M,Blue,4,No,Standard,No,25.221901377,Cash
Quarterly,Winter,4730,70,Male,Watch,Electronics,144.76523587,Chicago,M,Green,3.6681951,Yes,Express,No,25.221901377,Cash
Weekly,Winter,4731,35,Male,Watch,Clothing,144.76523587,New York,XL,White,4,No,Standard,No,47,PayPal
Monthly,Spring,4733,26,Female,Shoes,Clothing,144.76523587,New York,XL,Red,3.6681951,No,Standard,No,29,Credit Card
Weekly,Fall,4734,52,Female,Headphones,Electronics,582.79,Phoenix,M,Black,3.6681951,Yes,Express,No,25.221901377,Cash
Weekly,Summer,4735,56,Other,Phone,Accessories,144.76523587,Houston,M,Blue,4,Yes,Standard,No,31,Debit Card
Quarterly,Winter,4737,61,Other,Bag,Clothing,144.76523587,New York,XL,Red,5,Yes,Standard,Yes,33,Debit Card
Quarterly,Spring,4738,57,Male,Laptop,Clothing,144.76523587,New York,XL,Black,3.6681951,No,Standard,No,25.221901377,Cash
Weekly,Fall,4739,29,Male,Shoes,Accessories,144.76523587,New York,S,Green,1,Yes,Standard,No,9,Cash
Monthly,Winter,4740,31,Female,Watch,Electronics,944.84,Phoenix,M,Blue,3.6681951,Yes,Standard,Yes,25.221901377,Debit Card
Quarterly,Spring,4741,23,Male,Phone,Clothing,144.76523587,Houston,M,White,3.6681951,No,Standard,Yes,25.221901377,Credit Card
Quarterly,Winter,4742,23,Other,Shirt,Accessories,144.76523587,Los Angeles,L,Red,5,Yes,Express,Yes,45,Credit Card
Monthly,Summer,4743,65,Female,Laptop,Clothing,772.94,New York,XL,Red,3.6681951,Yes,Standard,Yes,50,Cash
Monthly,Summer,4744,69,Other,Laptop,Accessories,884.69,Los Angeles,L,Red,3.6681951,No,Standard,No,24,PayPal
Weekly,Fall,4745,66,Male,Phone,Electronics,367.18,Houston,M,Blue,1,Yes,Express,Yes,25.221901377,Cash
Weekly,Spring,4746,60,Other,Phone,Clothing,1223.07,New York,XL,White,5,No,Express,Yes,25.221901377,Credit Card
Monthly,Winter,4747,44,Male,Phone,Accessories,144.76523587,New York,S,Green,1,No,Express,No,25.221901377,Cash
Quarterly,Fall,4748,26,Male,Phone,Electronics,571.08,Houston,M,Green,5,No,Standard,No,25.221901377,Debit Card
Weekly,Summer,4749,59,Female,Watch,Clothing,576.66,Los Angeles,XL,White,3.6681951,Yes,Express,No,14,Credit Card
Weekly,Summer,4750,38,Other,Phone,Electronics,34.72,Los Angeles,M,Green,2,Yes,Express,Yes,41,Credit Card
Monthly,Spring,4751,26,Female,Watch,Accessories,144.76523587,Houston,L,Black,4,Yes,Express,Yes,14,Cash
Quarterly,Fall,4753,48,Other,Watch,Electronics,136.29,New York,M,White,3.6681951,Yes,Standard,No,25.221901377,Credit Card
Quarterly,Winter,4754,37,Male,Phone,Electronics,144.76523587,Chicago,M,Black,3.6681951,No,Express,Yes,25.221901377,Cash
Quarterly,Spring,4755,36,Female,Headphones,Accessories,144.76523587,New York,M,Green,3.6681951,Yes,Express,No,50,Credit Card
Weekly,Spring,4756,29,Other,Laptop,Clothing,326.75,New York,M,Blue,5,No,Standard,No,25.221901377,Debit Card
Quarterly,Summer,4757,51,Other,Headphones,Accessories,337.04,Chicago,L,Blue,3.6681951,Yes,Express,Yes,25.221901377,Credit Card
Weekly,Summer,4758,45,Female,Bag,Clothing,144.76523587,Houston,M,Green,3,No,Standard,No,25.221901377,Cash
Monthly,Spring,4759,19,Female,Laptop,Clothing,478.29,New York,S,Black,3.6681951,Yes,Standard,Yes,25.221901377,Credit Card
Weekly,Summer,4760,41,Other,Laptop,Electronics,144.76523587,Chicago,M,White,5,Yes,Express,Yes,25.221901377,Debit Card
Quarterly,Spring,4761,63,Female,Phone,Clothing,144.76523587,New York,S,Black,1,No,Express,No,25.221901377,Cash
Quarterly,Summer,4762,39,Other,Laptop,Clothing,144.76523587,Houston,M,White,3.6681951,Yes,Express,No,25.221901377,Debit Card
Quarterly,Spring,4763,69,Other,Laptop,Electronics,426.12,New York,M,Red,4,No,Standard,Yes,50,PayPal
Monthly,Fall,4764,32,Other,Phone,Accessories,1192.93,Houston,S,Blue,2,Yes,Standard,No,41,Debit Card
Monthly,Fall,4765,67,Male,Watch,Clothing,144.76523587,Houston,XL,Blue,1,No,Express,No,50,Cash
Monthly,Fall,4766,44,Female,Headphones,Accessories,742.32,Chicago,L,Black,3.6681951,No,Standard,No,25.221901377,Cash
Monthly,Fall,4767,34,Male,Bag,Accessories,144.76523587,Los Angeles,M,White,5,Yes,Express,Yes,25.221901377,Credit Card
Weekly,Spring,4768,68,Male,Headphones,Electronics,144.76523587,Phoenix,M,Black,2,Yes,Standard,No,44,Cash
Quarterly,Summer,4769,28,Male,Bag,Accessories,144.76523587,Houston,L,Black,3.6681951,No,Express,No,25.221901377,Cash
Weekly,Fall,4771,51,Female,Bag,Electronics,124.66,New York,M,White,3.6681951,No,Express,No,3,Cash
Weekly,Spring,4772,50,Female,Shoes,Clothing,144.76523587,Los Angeles,L,Black,3.6681951,Yes,Standard,No,18,Credit Card
Weekly,Fall,4773,68,Other,Watch,Electronics,144.76523587,Phoenix,M,White,3.6681951,Yes,Standard,No,28,Debit Card
Quarterly,Spring,4774,53,Other,Headphones,Clothing,144.76523587,Houston,XL,Blue,3,Yes,Standard,Yes,25.221901377,PayPal
Weekly,Spring,4775,57,Female,Shirt,Electronics,144.76523587,New York,M,Black,3.6681951,Yes,Standard,Yes,25.221901377,PayPal
Quarterly,Spring,4776,64,Other,Laptop,Electronics,884.04,Los Angeles,M,Black,3.6681951,No,Express,No,25.221901377,Credit Card
Monthly,Winter,4777,41,Male,Phone,Electronics,144.76523587,Chicago,M,White,3.6681951,Yes,Express,Yes,25.221901377,Credit Card
Monthly,Spring,4778,24,Female,Watch,Accessories,144.76523587,Phoenix,L,Blue,3.6681951,No,Express,Yes,25.221901377,PayPal
Quarterly,Winter,4779,36,Other,Headphones,Electronics,1340.78,New York,M,Black,3.6681951,Yes,Express,No,50,Cash
Quarterly,Winter,4781,62,Male,Phone,Accessories,144.76523587,New York,S,Black,5,No,Express,Yes,25.221901377,Cash
Quarterly,Spring,4782,61,Female,Watch,Clothing,651.6,Chicago,XL,Black,3.6681951,No,Standard,Yes,50,Cash
Weekly,Fall,4783,50,Female,Shirt,Accessories,144.76523587,Houston,S,White,2,Yes,Express,Yes,25.221901377,PayPal
Weekly,Fall,4785,53,Female,Bag,Electronics,144.76523587,Phoenix,M,Green,3.6681951,No,Standard,No,25.221901377,Cash
Quarterly,Spring,4786,47,Female,Bag,Electronics,532.19,Los Angeles,M,White,5,No,Standard,Yes,25.221901377,Debit Card
Quarterly,Spring,4787,23,Other,Bag,Clothing,1380.02,Houston,M,Green,3.6681951,Yes,Standard,No,25.221901377,PayPal
Quarterly,Fall,4788,28,Male,Laptop,Accessories,243.43,Phoenix,S,White,3.6681951,No,Express,No,25.221901377,PayPal
Weekly,Winter,4789,20,Female,Phone,Clothing,144.76523587,Chicago,XL,White,2,No,Express,Yes,25.221901377,PayPal
Weekly,Summer,4790,56,Other,Headphones,Electronics,685.22,Phoenix,M,Blue,4,No,Express,Yes,25.221901377,Cash
Monthly,Fall,4791,30,Other,Bag,Electronics,144.76523587,Houston,M,White,3.6681951,Yes,Standard,Yes,25.221901377,Credit Card
Monthly,Winter,4792,50,Female,Headphones,Electronics,832.98,Phoenix,M,Blue,3,Yes,Standard,Yes,33,Credit Card
Weekly,Spring,4793,33,Other,Shoes,Accessories,144.76523587,New York,M,Green,3.6681951,No,Standard,Yes,28,Credit Card
Weekly,Spring,4794,52,Female,Phone,Electronics,144.76523587,Phoenix,M,White,3.6681951,No,Express,Yes,41,Credit Card
Weekly,Summer,4795,24,Female,Headphones,Accessories,144.76523587,Houston,M,Black,5,Yes,Standard,Yes,31,Debit Card
Weekly,Summer,4796,34,Female,Laptop,Clothing,144.76523587,Houston,S,Red,3.6681951,No,Standard,Yes,25.221901377,PayPal
Monthly,Spring,4797,38,Male,Phone,Clothing,144.76523587,Houston,S,White,3.6681951,No,Standard,Yes,15,Debit Card
Weekly,Winter,4799,48,Male,Bag,Clothing,1170.25,Phoenix,M,Blue,3,No,Express,Yes,25.221901377,Debit Card
Quarterly,Summer,4802,58,Female,Watch,Accessories,178.72,Phoenix,S,White,3,No,Standard,No,25.221901377,PayPal
Monthly,Summer,4803,70,Other,Shirt,Accessories,144.76523587,Phoenix,L,Black,5,Yes,Standard,Yes,25.221901377,Debit Card
Monthly,Winter,4805,40,Male,Shoes,Accessories,144.76523587,Phoenix,L,Blue,3,No,Express,Yes,6,Cash
Weekly,Summer,4806,70,Male,Laptop,Accessories,830.82,Houston,M,Green,5,Yes,Express,Yes,43,Cash
Quarterly,Fall,4807,39,Female,Watch,Clothing,614.56,Los Angeles,M,Black,3.6681951,Yes,Express,Yes,25.221901377,Debit Card
Monthly,Spring,4809,52,Male,Headphones,Clothing,144.76523587,Los Angeles,M,White,3.6681951,No,Express,No,29,Credit Card
Quarterly,Fall,4811,22,Female,Laptop,Accessories,144.76523587,Houston,M,White,3.6681951,Yes,Express,Yes,25.221901377,PayPal
Quarterly,Fall,4812,70,Male,Shirt,Electronics,144.76523587,Los Angeles,M,Green,5,Yes,Express,Yes,6,Credit Card
Quarterly,Fall,4813,66,Other,Watch,Electronics,144.76523587,New York,M,White,3.6681951,No,Standard,Yes,47,Debit Card
Quarterly,Winter,4814,49,Female,Headphones,Clothing,1208.85,Los Angeles,L,Red,3.6681951,No,Standard,Yes,25.221901377,Cash
Quarterly,Winter,4816,70,Other,Bag,Accessories,144.76523587,Los Angeles,S,Black,3,Yes,Standard,No,10,Credit Card
Weekly,Spring,4818,23,Male,Bag,Electronics,144.76523587,Chicago,M,White,1,Yes,Express,No,25.221901377,Debit Card
Monthly,Fall,4819,41,Male,Bag,Electronics,144.76523587,Chicago,M,Red,4,No,Express,Yes,25.221901377,Debit Card
Monthly,Winter,4820,25,Other,Shirt,Accessories,144.76523587,New York,M,Black,3.6681951,Yes,Standard,Yes,25.221901377,Cash
Quarterly,Fall,4821,54,Other,Headphones,Electronics,144.76523587,New York,M,White,1,Yes,Express,Yes,25.221901377,Cash
Quarterly,Summer,4822,23,Other,Shoes,Accessories,144.76523587,Los Angeles,S,Blue,1,Yes,Express,No,40,PayPal
Weekly,Spring,4823,40,Male,Shirt,Accessories,147.41,Houston,L,White,3,No,Standard,No,25.221901377,PayPal
Weekly,Summer,4825,66,Other,Headphones,Accessories,526.52,Houston,L,Black,3.6681951,No,Standard,No,25.221901377,Debit Card
Quarterly,Fall,4826,66,Other,Headphones,Accessories,525.18,Houston,M,White,5,No,Express,Yes,50,PayPal
Monthly,Summer,4827,20,Female,Laptop,Electronics,144.76523587,Houston,M,Green,3.6681951,No,Express,No,17,Debit Card
Quarterly,Spring,4828,61,Female,Laptop,Clothing,1186.38,New York,XL,White,5,No,Express,No,27,Cash
Quarterly,Winter,4830,34,Other,Shoes,Electronics,61.63,Houston,M,Green,2,Yes,Standard,No,22,Cash
Monthly,Spring,4831,66,Female,Phone,Clothing,144.76523587,Phoenix,L,Black,3.6681951,No,Express,Yes,25.221901377,Credit Card
Quarterly,Winter,4832,19,Female,Bag,Electronics,322.81,Houston,M,Green,1,Yes,Express,No,11,PayPal
Weekly,Spring,4833,46,Female,Headphones,Electronics,144.76523587,Chicago,M,Black,3.6681951,Yes,Standard,No,31,Debit Card
Monthly,Winter,4834,31,Male,Shoes,Electronics,144.76523587,New York,M,White,3.6681951,Yes,Express,No,5,Debit Card
Monthly,Winter,4836,66,Male,Shoes,Accessories,144.76523587,Houston,L,Red,5,Yes,Standard,Yes,25.221901377,Credit Card
Monthly,Spring,4837,41,Female,Watch,Electronics,131.56,Los Angeles,M,Blue,3.6681951,No,Express,No,36,Debit Card
Quarterly,Spring,4838,54,Male,Watch,Clothing,144.76523587,Phoenix,XL,Black,5,No,Express,No,25.221901377,Cash
Quarterly,Fall,4839,43,Male,Bag,Electronics,1063.29,Houston,M,White,3,Yes,Standard,Yes,30,PayPal
Monthly,Fall,4840,35,Male,Phone,Electronics,1364.38,New York,M,Red,3.6681951,Yes,Standard,No,25.221901377,Credit Card
Weekly,Fall,4841,51,Other,Laptop,Accessories,144.76523587,Phoenix,L,Blue,3.6681951,No,Express,No,14,PayPal
Monthly,Summer,4842,30,Female,Shoes,Accessories,144.76523587,Phoenix,L,White,4,Yes,Standard,No,25.221901377,Debit Card
Quarterly,Winter,4843,22,Female,Phone,Electronics,854.96,Los Angeles,M,Red,3.6681951,No,Standard,Yes,32,PayPal
Weekly,Summer,4844,63,Male,Headphones,Accessories,321.56,Phoenix,S,Red,3.6681951,No,Standard,No,47,PayPal
Monthly,Spring,4846,34,Female,Phone,Electronics,719.91,Los Angeles,M,Blue,3.6681951,No,Standard,Yes,25.221901377,Debit Card
Weekly,Summer,4848,48,Male,Headphones,Electronics,1238.3,Chicago,M,Red,3.6681951,Yes,Express,Yes,25.221901377,Credit Card
Quarterly,Fall,4849,61,Female,Headphones,Accessories,144.76523587,Phoenix,M,Blue,5,No,Express,Yes,3,Cash
Weekly,Fall,4851,42,Female,Watch,Accessories,144.76523587,Chicago,L,Blue,3.6681951,No,Standard,Yes,25.221901377,Cash
Monthly,Fall,4852,33,Female,Headphones,Accessories,464.15,Los Angeles,L,Blue,2,No,Express,Yes,34,Credit Card
Weekly,Winter,4853,70,Other,Laptop,Clothing,1481.42,Chicago,L,Black,1,No,Express,No,1,Cash
Weekly,Winter,4855,60,Male,Bag,Accessories,1318.84,Phoenix,L,Blue,3.6681951,Yes,Standard,No,25.221901377,PayPal
Weekly,Spring,4856,65,Female,Shirt,Accessories,144.76523587,Los Angeles,M,Blue,3.6681951,Yes,Standard,Yes,46,Debit Card
Weekly,Winter,4858,20,Other,Watch,Electronics,808.22,Chicago,M,Black,5,No,Express,Yes,40,Cash
Monthly,Summer,4860,69,Other,Bag,Accessories,144.76523587,Phoenix,L,Green,5,No,Standard,No,23,Cash
Quarterly,Fall,4861,30,Other,Laptop,Clothing,1095.05,Phoenix,XL,Black,3.6681951,Yes,Express,Yes,16,Cash
Monthly,Summer,4862,37,Other,Bag,Accessories,144.76523587,New York,M,Black,3,Yes,Standard,Yes,25.221901377,Credit Card
Monthly,Fall,4863,24,Female,Watch,Electronics,144.76523587,New York,M,Green,3.6681951,Yes,Express,Yes,25.221901377,Cash
Quarterly,Fall,4864,25,Female,Shoes,Electronics,144.76523587,Houston,M,Red,3.6681951,Yes,Express,Yes,37,Debit Card
Weekly,Spring,4865,59,Male,Shirt,Electronics,144.76523587,New York,M,Red,1,Yes,Express,Yes,25.221901377,Debit Card
Quarterly,Winter,4866,23,Other,Laptop,Accessories,144.76523587,Houston,S,Black,3,No,Standard,Yes,25.221901377,Cash
Monthly,Winter,4869,26,Female,Headphones,Accessories,500.3,Phoenix,M,Red,3,No,Express,No,25.221901377,PayPal
Monthly,Summer,4870,47,Male,Watch,Accessories,144.76523587,Phoenix,L,Black,3.6681951,Yes,Standard,No,33,Debit Card
Quarterly,Fall,4871,37,Male,Shoes,Electronics,144.76523587,Phoenix,M,Green,5,Yes,Express,Yes,25.221901377,PayPal
Monthly,Fall,4872,56,Female,Laptop,Electronics,144.76523587,Chicago,M,Red,3,No,Express,No,46,Credit Card
Monthly,Fall,4873,32,Other,Watch,Accessories,144.76523587,New York,M,Blue,1,Yes,Standard,Yes,25.221901377,PayPal
Quarterly,Fall,4874,43,Female,Bag,Clothing,615.29,New York,XL,Red,3,Yes,Express,No,25.221901377,Debit Card
Weekly,Spring,4875,37,Male,Watch,Clothing,144.76523587,Los Angeles,XL,Blue,4,No,Standard,No,21,Credit Card
Weekly,Spring,4876,67,Other,Phone,Electronics,144.76523587,Los Angeles,M,White,3.6681951,No,Standard,No,18,Cash
Quarterly,Fall,4877,31,Female,Phone,Clothing,144.76523587,Phoenix,L,Black,1,No,Express,Yes,13,Credit Card
Monthly,Fall,4879,59,Other,Shirt,Electronics,144.76523587,Chicago,M,Blue,3.6681951,Yes,Standard,No,24,PayPal
Weekly,Summer,4881,41,Female,Shirt,Clothing,144.76523587,Chicago,L,Red,3.6681951,No,Express,Yes,9,Credit Card
Quarterly,Fall,4882,35,Other,Bag,Electronics,1183.94,New York,M,Blue,3.6681951,Yes,Express,Yes,13,Credit Card
Monthly,Fall,4883,44,Male,Laptop,Accessories,1459.62,Los Angeles,M,White,3.6681951,Yes,Standard,No,15,PayPal
Weekly,Spring,4884,43,Other,Bag,Clothing,489.56,Chicago,M,Red,2,No,Standard,Yes,32,Debit Card
Monthly,Summer,4886,23,Male,Phone,Clothing,1067.74,Los Angeles,M,Red,2,Yes,Standard,No,25.221901377,Credit Card
Weekly,Fall,4887,64,Other,Watch,Accessories,169.1,Chicago,M,Black,5,Yes,Express,Yes,25.221901377,Credit Card
Monthly,Summer,4889,60,Male,Laptop,Accessories,144.76523587,Phoenix,M,Blue,3.6681951,No,Express,No,3,Debit Card
Weekly,Fall,4890,36,Female,Watch,Accessories,144.76523587,Phoenix,S,Blue,5,Yes,Standard,No,25.221901377,Credit Card
Quarterly,Winter,4891,41,Male,Headphones,Clothing,144.76523587,Phoenix,L,Black,2,No,Express,No,33,PayPal
Quarterly,Spring,4893,58,Female,Laptop,Accessories,144.76523587,Los Angeles,M,Black,1,No,Standard,Yes,25.221901377,PayPal
Quarterly,Spring,4894,24,Other,Bag,Accessories,144.76523587,Los Angeles,L,Red,3.6681951,No,Standard,No,4,PayPal
Weekly,Spring,4895,26,Female,Laptop,Accessories,1090.76,New York,L,Black,4,No,Express,Yes,25.221901377,PayPal
Quarterly,Winter,4896,24,Female,Watch,Clothing,144.76523587,New York,L,White,3,No,Standard,Yes,25.221901377,Debit Card
Monthly,Spring,4897,51,Male,Headphones,Accessories,144.76523587,Houston,S,White,3.6681951,Yes,Standard,No,25.221901377,Cash
Quarterly,Spring,4898,61,Female,Shirt,Clothing,144.76523587,Chicago,S,Red,3.6681951,No,Express,No,25.221901377,Cash
Weekly,Fall,4899,60,Female,Headphones,Accessories,144.76523587,Phoenix,S,Red,2,No,Express,No,25.221901377,Credit Card
Monthly,Fall,4900,41,Male,Phone,Clothing,510.59,New York,L,White,3.6681951,No,Standard,No,36,Credit Card
Weekly,Fall,4901,61,Male,Shirt,Accessories,144.76523587,Houston,M,White,4,No,Standard,Yes,2,PayPal
Quarterly,Spring,4902,29,Other,Bag,Clothing,398.16,New York,XL,Red,3.6681951,Yes,Standard,Yes,25.221901377,Credit Card
Quarterly,Summer,4903,59,Male,Phone,Electronics,624.48,Houston,M,Green,5,Yes,Standard,No,26,Debit Card
Weekly,Summer,4904,20,Female,Watch,Clothing,144.76523587,New York,XL,Black,3,No,Standard,No,29,PayPal
Quarterly,Spring,4905,41,Female,Bag,Accessories,144.76523587,Los Angeles,M,White,3.6681951,No,Standard,Yes,25.221901377,PayPal
Monthly,Winter,4906,27,Male,Laptop,Clothing,1428.07,Houston,L,White,3.6681951,No,Standard,Yes,25.221901377,Cash
Quarterly,Winter,4907,67,Female,Laptop,Accessories,1258.57,Chicago,L,White,4,No,Express,No,25.221901377,Credit Card
Monthly,Spring,4909,59,Female,Bag,Electronics,144.76523587,New York,M,Red,2,Yes,Standard,Yes,40,Cash
Monthly,Winter,4910,59,Other,Laptop,Accessories,144.76523587,Houston,M,Blue,3.6681951,No,Standard,No,25.221901377,Credit Card
Quarterly,Spring,4911,48,Female,Phone,Clothing,1171.81,Houston,S,White,1,Yes,Express,Yes,12,Cash
Weekly,Fall,4912,60,Male,Phone,Clothing,948.69,Phoenix,S,Black,3.6681951,Yes,Express,No,23,Debit Card
Monthly,Spring,4913,67,Other,Watch,Electronics,144.76523587,Phoenix,M,Black,1,Yes,Standard,No,35,PayPal
Weekly,Fall,4914,44,Female,Headphones,Electronics,144.76523587,Houston,M,White,3,No,Standard,Yes,25.221901377,Debit Card
Weekly,Fall,4917,58,Female,Bag,Clothing,120.83,Houston,L,Black,3,Yes,Express,No,3,Debit Card
Monthly,Fall,4918,42,Female,Phone,Accessories,1326.78,New York,S,Black,5,Yes,Express,No,38,Cash
Monthly,Summer,4919,25,Other,Bag,Clothing,143.21,Los Angeles,S,Black,3.6681951,No,Express,No,25.221901377,Credit Card
Weekly,Fall,4920,32,Male,Laptop,Clothing,144.76523587,Houston,XL,Black,5,Yes,Express,Yes,41,PayPal
Monthly,Winter,4921,26,Male,Bag,Clothing,1072.05,Los Angeles,M,White,3.6681951,Yes,Standard,No,25.221901377,PayPal
Monthly,Winter,4922,27,Male,Shirt,Electronics,144.76523587,Houston,M,Black,3.6681951,Yes,Standard,Yes,25.221901377,Credit Card
Weekly,Summer,4923,67,Male,Shoes,Electronics,144.76523587,Phoenix,M,Blue,3.6681951,Yes,Standard,No,25.221901377,Cash
Monthly,Summer,4924,55,Male,Phone,Accessories,1485.92,Los Angeles,S,Blue,5,No,Standard,No,25.221901377,Debit Card
Monthly,Spring,4925,18,Other,Headphones,Electronics,577.19,Los Angeles,M,Black,2,Yes,Express,Yes,25.221901377,Credit Card
Weekly,Summer,4926,46,Male,Shoes,Clothing,144.76523587,Chicago,XL,Blue,3,Yes,Standard,No,25.221901377,PayPal
Quarterly,Fall,4927,34,Other,Bag,Clothing,144.76523587,Phoenix,L,Black,3,No,Standard,No,25.221901377,Debit Card
Weekly,Summer,4928,62,Other,Watch,Clothing,144.76523587,Houston,M,White,3.6681951,Yes,Standard,No,4,Credit Card
Quarterly,Fall,4929,58,Female,Bag,Electronics,607.15,Houston,M,Blue,3.6681951,Yes,Standard,No,38,Debit Card
Quarterly,Spring,4931,59,Other,Watch,Accessories,144.76523587,Phoenix,L,Red,3.6681951,Yes,Express,No,25.221901377,PayPal
Quarterly,Fall,4932,57,Other,Watch,Clothing,144.76523587,Phoenix,S,Green,1,Yes,Express,Yes,25.221901377,Debit Card
Monthly,Summer,4933,44,Other,Laptop,Accessories,144.76523587,Chicago,S,Green,3,Yes,Standard,Yes,25.221901377,Cash
Quarterly,Winter,4934,52,Female,Headphones,Clothing,144.76523587,New York,XL,Black,3.6681951,Yes,Express,No,40,Credit Card
Quarterly,Winter,4935,62,Male,Shoes,Clothing,144.76523587,New York,XL,Black,4,Yes,Express,Yes,20,Credit Card
Weekly,Fall,4936,58,Female,Phone,Clothing,144.76523587,Houston,XL,Black,2,No,Express,No,25.221901377,PayPal
Weekly,Winter,4937,52,Other,Laptop,Electronics,850.69,Los Angeles,M,Red,3,No,Express,Yes,25.221901377,PayPal
Monthly,Spring,4939,65,Other,Headphones,Clothing,585.59,Chicago,L,White,3,No,Express,Yes,5,Debit Card
Weekly,Fall,4940,27,Other,Laptop,Clothing,1439.75,Phoenix,L,Red,4,Yes,Express,Yes,38,PayPal
Monthly,Winter,4941,31,Male,Shirt,Clothing,61.25,Los Angeles,S,White,1,Yes,Standard,No,8,PayPal
Quarterly,Winter,4943,20,Male,Watch,Clothing,1050.61,Chicago,XL,Black,3.6681951,No,Express,Yes,25.221901377,Credit Card
Monthly,Summer,4944,52,Female,Watch,Accessories,1124.29,Houston,M,Red,2,Yes,Express,Yes,0,PayPal
Weekly,Fall,4946,66,Other,Shirt,Electronics,144.76523587,Chicago,M,Red,3.6681951,Yes,Express,No,4,Debit Card
Weekly,Spring,4947,50,Male,Shoes,Accessories,144.76523587,Houston,L,Blue,1,No,Standard,Yes,3,Cash
Quarterly,Summer,4948,26,Female,Headphones,Clothing,1293.17,Los Angeles,M,Green,5,Yes,Express,No,25.221901377,Cash
Monthly,Summer,4949,39,Other,Watch,Electronics,119.25,New York,M,White,3.6681951,Yes,Express,No,28,Cash
Quarterly,Winter,4950,19,Other,Shirt,Clothing,144.76523587,Los Angeles,L,Red,3.6681951,No,Express,Yes,37,PayPal
Monthly,Spring,4951,34,Male,Phone,Electronics,144.76523587,Phoenix,M,Black,1,No,Express,No,25.221901377,Cash
Weekly,Fall,4952,27,Male,Headphones,Accessories,139.43,Phoenix,L,Black,3.6681951,Yes,Standard,No,4,PayPal
Monthly,Spring,4953,30,Male,Bag,Clothing,207.05,Phoenix,XL,White,3,No,Standard,No,25.221901377,Credit Card
Monthly,Fall,4954,18,Male,Laptop,Electronics,1445.84,Houston,M,Green,1,No,Express,No,41,Credit Card
Quarterly,Winter,4955,20,Other,Watch,Electronics,144.76523587,Los Angeles,M,Red,3.6681951,No,Express,No,3,Cash
Monthly,Fall,4956,69,Other,Bag,Clothing,843.8,Houston,XL,Blue,4,Yes,Standard,No,25.221901377,Debit Card
Weekly,Fall,4957,54,Other,Headphones,Accessories,144.76523587,New York,S,Green,5,Yes,Express,No,21,PayPal
Monthly,Winter,4958,28,Female,Shoes,Accessories,144.76523587,New York,L,Red,2,No,Express,Yes,25.221901377,PayPal
Weekly,Spring,4959,27,Male,Watch,Clothing,180.8,New York,S,Blue,5,No,Express,Yes,26,Credit Card
Quarterly,Winter,4961,24,Other,Shoes,Accessories,144.76523587,Houston,L,Red,3.6681951,No,Standard,No,45,Cash
Quarterly,Winter,4962,44,Other,Phone,Accessories,144.76523587,Los Angeles,L,Black,3.6681951,No,Standard,Yes,28,PayPal
Quarterly,Fall,4963,27,Female,Bag,Clothing,144.76523587,Phoenix,M,Red,3.6681951,No,Standard,Yes,25.221901377,Credit Card
Weekly,Winter,4964,43,Other,Shoes,Clothing,144.76523587,Phoenix,XL,Blue,3.6681951,No,Express,Yes,25.221901377,Debit Card
Monthly,Fall,4965,41,Female,Shirt,Clothing,144.76523587,Los Angeles,S,Green,4,Yes,Express,Yes,25.221901377,Credit Card
Quarterly,Winter,4966,48,Male,Watch,Accessories,287.01,Phoenix,M,Blue,3,Yes,Express,Yes,45,Credit Card
Monthly,Winter,4967,20,Other,Laptop,Clothing,144.76523587,Phoenix,S,White,4,No,Standard,Yes,25.221901377,Debit Card
Monthly,Summer,4968,27,Male,Watch,Electronics,897.39,New York,M,Black,1,No,Standard,No,25.221901377,PayPal
Weekly,Winter,4969,57,Female,Headphones,Clothing,1384.26,Phoenix,L,Blue,3.6681951,Yes,Standard,No,42,Credit Card
Weekly,Summer,4970,66,Male,Headphones,Accessories,144.76523587,Chicago,S,Green,3.6681951,Yes,Standard,No,42,Credit Card
Monthly,Summer,4971,37,Male,Watch,Electronics,144.76523587,Phoenix,M,Green,3.6681951,Yes,Express,Yes,22,Cash
Monthly,Fall,4972,46,Other,Bag,Accessories,34.65,New York,M,White,4,No,Express,Yes,3,Debit Card
Weekly,Summer,4973,61,Female,Bag,Clothing,144.76523587,Phoenix,S,Black,4,No,Express,No,42,PayPal
Monthly,Fall,4974,49,Other,Watch,Clothing,1080.39,New York,L,Blue,2,Yes,Standard,No,25.221901377,Credit Card
Weekly,Spring,4975,61,Male,Bag,Accessories,144.76523587,Houston,L,Red,5,No,Standard,Yes,3,PayPal
Weekly,Fall,4976,32,Female,Laptop,Accessories,1171.49,New York,L,Black,3.6681951,No,Standard,Yes,49,Debit Card
Weekly,Winter,4977,56,Female,Phone,Clothing,1499.76,New York,XL,Red,4,Yes,Standard,Yes,25.221901377,Debit Card
Weekly,Spring,4978,62,Other,Bag,Accessories,144.76523587,Phoenix,M,White,4,Yes,Standard,No,25.221901377,Cash
Quarterly,Summer,4979,63,Female,Shoes,Accessories,144.76523587,Phoenix,L,White,1,No,Express,Yes,22,Debit Card
Weekly,Summer,4980,29,Female,Phone,Accessories,144.76523587,New York,M,Red,4,Yes,Standard,No,33,Credit Card
Quarterly,Fall,4981,33,Male,Phone,Clothing,1216.95,New York,L,Green,2,Yes,Standard,No,35,Cash
Weekly,Spring,4982,66,Female,Shoes,Accessories,144.76523587,Los Angeles,M,White,3.6681951,Yes,Express,Yes,25.221901377,Credit Card
Monthly,Fall,4984,24,Female,Bag,Electronics,144.76523587,New York,M,White,3.6681951,Yes,Standard,No,1,Debit Card
Monthly,Winter,4985,25,Other,Shoes,Accessories,144.76523587,Houston,S,Black,3.6681951,Yes,Express,No,25.221901377,Debit Card
Monthly,Winter,4986,42,Male,Bag,Clothing,561.64,New York,S,Black,2,No,Express,Yes,25.221901377,PayPal
Weekly,Summer,4987,67,Female,Watch,Clothing,144.76523587,Chicago,S,Green,4,No,Standard,Yes,25.221901377,Cash
Weekly,Fall,4989,61,Male,Bag,Accessories,144.76523587,Los Angeles,S,Red,5,Yes,Standard,Yes,43,Cash
Monthly,Fall,4990,32,Female,Bag,Accessories,76.8,Phoenix,S,Blue,5,No,Express,No,44,Debit Card
Weekly,Spring,4991,29,Other,Laptop,Accessories,1366.1,Los Angeles,M,Green,2,Yes,Standard,Yes,25.221901377,Debit Card
Quarterly,Summer,4992,70,Male,Shoes,Clothing,144.76523587,New York,M,Green,3.6681951,No,Standard,No,25.221901377,Credit Card
Weekly,Fall,4993,54,Male,Phone,Clothing,144.76523587,Los Angeles,XL,Green,5,Yes,Express,Yes,25.221901377,Debit Card
Monthly,Spring,4994,45,Female,Phone,Clothing,728.44,New York,L,Blue,3.6681951,Yes,Express,Yes,42,Cash
Quarterly,Fall,4995,34,Female,Laptop,Electronics,144.76523587,Los Angeles,M,Black,3.6681951,No,Standard,No,6,Cash
Monthly,Fall,4996,56,Other,Watch,Clothing,116.74,New York,M,Black,3.6681951,No,Express,No,27,PayPal
Weekly,Summer,4998,69,Other,Headphones,Clothing,144.76523587,Chicago,S,Red,3,Yes,Standard,Yes,25.221901377,Cash
Monthly,Summer,4999,53,Other,Headphones,Accessories,1173.99,New York,M,Green,3.6681951,Yes,Standard,Yes,50,Cash
Quarterly,Summer,5000,50,Female,Watch,Accessories,238.66,Los Angeles,L,Green,3.6681951,No,Standard,Yes,25.221901377,PayPal
Weekly,Fall,5001,24,Other,Bag,Accessories,144.76523587,Chicago,L,Green,3,Yes,Standard,No,45,Cash
Weekly,Summer,5002,24,Other,Bag,Accessories,781.26,Houston,L,Green,3.6681951,Yes,Standard,Yes,41,Cash
Monthly,Summer,5003,47,Other,Laptop,Accessories,144.76523587,Phoenix,M,Green,4,No,Express,No,25.221901377,Credit Card
Quarterly,Summer,5004,46,Other,Watch,Electronics,144.76523587,Los Angeles,M,White,3.6681951,No,Express,No,32,Debit Card
Weekly,Spring,5005,60,Male,Phone,Electronics,144.76523587,Chicago,M,Black,3.6681951,No,Express,No,25.221901377,Cash
Quarterly,Winter,5006,52,Male,Headphones,Accessories,1397.54,New York,L,Black,3.6681951,No,Express,No,25.221901377,Credit Card
Monthly,Fall,5008,63,Other,Shoes,Electronics,144.76523587,Los Angeles,M,Blue,2,No,Standard,Yes,25.221901377,Debit Card
Quarterly,Fall,5009,35,Male,Watch,Clothing,585.1,New York,M,Green,4,Yes,Express,Yes,41,Credit Card
Quarterly,Winter,5010,68,Other,Headphones,Electronics,1064.28,New York,M,Green,3,No,Standard,Yes,46,Cash
Weekly,Fall,5011,63,Male,Laptop,Accessories,144.76523587,New York,M,Green,3.6681951,Yes,Standard,Yes,25.221901377,PayPal
Weekly,Spring,5012,33,Other,Laptop,Accessories,509.47,Los Angeles,M,Green,4,No,Express,No,11,Debit Card
Monthly,Winter,5014,60,Female,Shirt,Accessories,144.76523587,Phoenix,S,Green,2,Yes,Standard,Yes,44,Debit Card
Weekly,Spring,5016,45,Other,Phone,Accessories,992.57,Phoenix,L,Black,3.6681951,No,Standard,No,25.221901377,PayPal
Monthly,Winter,5017,20,Other,Headphones,Electronics,193.65,Chicago,M,Blue,3.6681951,No,Express,Yes,25.221901377,Credit Card
Monthly,Winter,5018,39,Other,Laptop,Accessories,1384.92,New York,L,Blue,3.6681951,Yes,Standard,Yes,25.221901377,Debit Card
Quarterly,Winter,5019,26,Female,Watch,Clothing,144.76523587,Los Angeles,S,Blue,3,No,Standard,Yes,4,Cash
Monthly,Summer,5020,25,Male,Shirt,Clothing,144.76523587,Phoenix,M,Blue,4,Yes,Standard,No,25.221901377,Debit Card
Weekly,Fall,5021,34,Male,Headphones,Accessories,144.76523587,Phoenix,L,Green,3,Yes,Standard,No,25.221901377,Credit Card
Quarterly,Winter,5022,68,Female,Bag,Accessories,1103.92,Los Angeles,L,Black,1,Yes,Standard,No,25.221901377,Cash
Weekly,Fall,5023,63,Female,Watch,Clothing,511.14,Phoenix,M,Blue,5,No,Express,No,14,Debit Card
Quarterly,Summer,5024,38,Other,Bag,Electronics,144.76523587,Los Angeles,M,Green,3.6681951,Yes,Express,Yes,25.221901377,Debit Card
Monthly,Fall,5025,55,Female,Phone,Clothing,650.7,New York,XL,White,3,No,Standard,Yes,28,Cash
Weekly,Fall,5026,66,Other,Headphones,Accessories,1311.16,Los Angeles,S,White,5,No,Express,Yes,22,Debit Card
Weekly,Winter,5027,39,Male,Headphones,Electronics,1430.07,Houston,M,Blue,2,No,Standard,No,25.221901377,Cash
Monthly,Summer,5028,51,Female,Laptop,Accessories,144.76523587,Chicago,S,Black,3.6681951,No,Express,Yes,11,PayPal
Monthly,Fall,5032,24,Male,Bag,Clothing,144.76523587,Los Angeles,XL,Black,2,No,Express,No,31,Cash
Monthly,Winter,5033,46,Female,Phone,Electronics,144.76523587,New York,M,Red,5,Yes,Standard,Yes,48,Credit Card
Monthly,Spring,5034,48,Other,Laptop,Clothing,390.76,Houston,L,White,4,No,Express,Yes,25.221901377,Debit Card
Monthly,Winter,5035,69,Female,Phone,Clothing,966.98,Houston,M,Black,3.6681951,Yes,Express,No,25.221901377,Debit Card
Weekly,Summer,5036,30,Female,Shoes,Accessories,144.76523587,Los Angeles,M,Blue,4,No,Express,Yes,30,Debit Card
Monthly,Summer,5037,41,Female,Watch,Accessories,144.76523587,New York,S,Green,2,Yes,Standard,Yes,25.221901377,Credit Card
Weekly,Winter,5038,43,Other,Phone,Electronics,851.29,Los Angeles,M,Green,3.6681951,No,Standard,No,0,PayPal
Quarterly,Winter,5040,27,Male,Watch,Electronics,144.76523587,Chicago,M,Green,3.6681951,No,Express,No,36,Credit Card
Quarterly,Fall,5041,23,Other,Watch,Clothing,144.76523587,Chicago,XL,Black,5,Yes,Standard,No,25.221901377,Credit Card
Monthly,Summer,5042,46,Other,Bag,Clothing,144.76523587,Los Angeles,M,White,3.6681951,Yes,Express,No,31,PayPal
Quarterly,Winter,5043,38,Other,Bag,Clothing,144.76523587,Houston,XL,Black,3.6681951,No,Standard,No,25.221901377,Debit Card
Weekly,Fall,5044,65,Female,Bag,Accessories,144.76523587,Los Angeles,L,Black,4,Yes,Express,No,42,Debit Card
Monthly,Spring,5045,60,Male,Bag,Clothing,476.36,Houston,M,Black,4,No,Standard,No,2,Cash
Quarterly,Fall,5046,70,Female,Headphones,Accessories,144.76523587,New York,M,White,3.6681951,Yes,Express,No,25.221901377,PayPal
Monthly,Summer,5047,67,Other,Phone,Clothing,144.76523587,New York,XL,White,3.6681951,No,Express,Yes,25.221901377,Cash
Quarterly,Spring,5048,23,Female,Headphones,Accessories,1200.24,Chicago,S,White,3.6681951,No,Express,Yes,16,Debit Card
Monthly,Summer,5049,43,Male,Shirt,Clothing,144.76523587,Chicago,S,White,3.6681951,No,Express,No,13,Cash
Weekly,Summer,5050,44,Male,Phone,Electronics,1337.8,Los Angeles,M,Blue,3.6681951,Yes,Standard,No,28,Credit Card
Quarterly,Winter,5051,34,Female,Phone,Accessories,144.76523587,Houston,L,Blue,3,Yes,Standard,No,11,Cash
Quarterly,Fall,5052,24,Female,Headphones,Clothing,220.25,New York,S,Red,3.6681951,Yes,Express,No,25.221901377,Cash
Weekly,Spring,5054,42,Male,Watch,Accessories,1106.69,Los Angeles,S,Green,3,No,Express,Yes,25.221901377,Cash
Monthly,Spring,5055,66,Male,Phone,Accessories,144.76523587,New York,S,White,3.6681951,No,Standard,Yes,36,Cash
Quarterly,Fall,5056,38,Female,Shirt,Electronics,210.55,Phoenix,M,White,3,No,Standard,No,25.221901377,PayPal
Quarterly,Fall,5059,62,Other,Bag,Electronics,142.24,Phoenix,M,Blue,3.6681951,Yes,Standard,Yes,28,Debit Card
Quarterly,Summer,5060,52,Other,Laptop,Electronics,63.86,Chicago,M,Black,5,Yes,Standard,No,35,Credit Card
Weekly,Spring,5061,49,Female,Phone,Accessories,1138.19,Los Angeles,L,Blue,3.6681951,No,Standard,Yes,16,Debit Card
Quarterly,Spring,5062,68,Other,Phone,Accessories,302.16,Los Angeles,M,Green,3.6681951,Yes,Standard,Yes,37,Cash
Monthly,Winter,5063,31,Male,Bag,Electronics,144.76523587,Houston,M,Blue,3.6681951,Yes,Standard,Yes,1,Debit Card
Quarterly,Spring,5064,20,Other,Shoes,Clothing,133.72,Los Angeles,S,Blue,3.6681951,No,Express,Yes,25.221901377,Cash
Monthly,Spring,5065,48,Other,Watch,Electronics,144.76523587,Chicago,M,Red,4,No,Express,Yes,25.221901377,Debit Card
Monthly,Spring,5067,18,Male,Laptop,Clothing,1310.4,Phoenix,S,Black,3.6681951,Yes,Express,No,41,Cash
Quarterly,Winter,5068,68,Female,Shoes,Electronics,144.76523587,Los Angeles,M,Black,3.6681951,Yes,Standard,Yes,25.221901377,Debit Card
Weekly,Winter,5069,25,Male,Shoes,Electronics,144.76523587,New York,M,Blue,4,No,Standard,No,25.221901377,Credit Card
Quarterly,Fall,5070,37,Other,Phone,Electronics,144.76523587,Los Angeles,M,Black,2,No,Standard,No,5,Debit Card
Monthly,Winter,5071,66,Other,Laptop,Clothing,144.76523587,Chicago,S,Red,3,Yes,Standard,Yes,29,Debit Card
Quarterly,Winter,5072,28,Female,Shirt,Accessories,144.76523587,Houston,L,Red,4,No,Standard,No,29,Cash
Monthly,Fall,5073,34,Female,Bag,Electronics,144.76523587,New York,M,Blue,3.6681951,Yes,Standard,No,25.221901377,PayPal
Weekly,Winter,5074,24,Other,Laptop,Accessories,275.67,Chicago,L,White,3.6681951,Yes,Standard,No,25.221901377,Cash
Monthly,Spring,5075,69,Male,Headphones,Accessories,377.18,New York,M,Black,3,No,Standard,No,35,Credit Card
Monthly,Summer,5076,53,Male,Bag,Clothing,12.41,Los Angeles,M,White,5,No,Standard,Yes,50,Credit Card
Quarterly,Fall,5077,34,Other,Phone,Accessories,1352.9,Houston,L,Green,3.6681951,Yes,Express,Yes,39,Debit Card
Quarterly,Summer,5078,62,Male,Watch,Clothing,144.76523587,Chicago,S,Black,3.6681951,No,Standard,No,25.221901377,Credit Card
Quarterly,Spring,5079,60,Female,Shoes,Accessories,144.76523587,New York,M,Black,3.6681951,Yes,Express,No,25.221901377,Credit Card
Monthly,Summer,5080,63,Male,Shirt,Electronics,144.76523587,Chicago,M,Black,1,Yes,Express,No,25.221901377,Debit Card
Weekly,Fall,5081,37,Other,Bag,Electronics,1103.56,Phoenix,M,Green,3,No,Standard,No,17,Debit Card
Weekly,Fall,5082,56,Female,Watch,Accessories,1186.98,Chicago,M,Black,3.6681951,Yes,Standard,No,25.221901377,Credit Card
Quarterly,Spring,5084,53,Male,Phone,Electronics,144.76523587,Houston,M,Blue,3.6681951,No,Express,No,25.221901377,Debit Card
Monthly,Summer,5085,36,Other,Bag,Accessories,144.76523587,New York,S,Blue,3.6681951,Yes,Standard,Yes,25.221901377,PayPal
Weekly,Winter,5086,22,Male,Bag,Accessories,1156.06,New York,L,Blue,3,No,Standard,No,18,Cash
Monthly,Summer,5087,41,Other,Headphones,Accessories,889.78,New York,S,Green,3,No,Standard,Yes,4,Debit Card
Monthly,Summer,5088,57,Other,Headphones,Accessories,144.76523587,Los Angeles,L,Red,3.6681951,No,Express,Yes,11,PayPal
Weekly,Winter,5090,65,Other,Shirt,Electronics,144.76523587,Los Angeles,M,Blue,2,No,Express,Yes,21,Credit Card
Weekly,Spring,5091,33,Male,Laptop,Accessories,1451.07,Los Angeles,L,Blue,3.6681951,Yes,Standard,Yes,25.221901377,PayPal
Quarterly,Winter,5092,38,Male,Headphones,Electronics,144.76523587,Phoenix,M,Blue,3.6681951,Yes,Express,No,25.221901377,Debit Card
Monthly,Spring,5093,28,Other,Phone,Electronics,144.76523587,Los Angeles,M,Black,3.6681951,No,Express,Yes,0,Credit Card
Weekly,Spring,5095,57,Female,Shirt,Accessories,144.76523587,New York,S,Red,2,No,Express,No,24,Debit Card
Weekly,Summer,5096,56,Female,Watch,Electronics,144.76523587,Chicago,M,Blue,5,Yes,Express,Yes,25.221901377,Debit Card
Monthly,Summer,5097,37,Male,Phone,Electronics,150.47,Houston,M,Green,3.6681951,Yes,Standard,No,10,Debit Card
Weekly,Winter,5098,35,Female,Headphones,Clothing,144.76523587,New York,M,White,1,Yes,Standard,No,48,Credit Card
Weekly,Spring,5099,59,Female,Phone,Electronics,736.01,Chicago,M,White,1,No,Express,Yes,25.221901377,Cash
